--- scripts:  Running run_absl_btree_set on soc-LiveJournal1 (prefix: live-journal) with batch size 1 and algorithm bfs
### Graph: /data/datasets/graphs/live-journal/soc-LiveJournal1.base.1.adj
### SET API ###
binary = 1
native map = 0
iteration = 1
native map_early_exit = 0
native parallel_map = 0
native native_parallel_map_early_exit = 0
supports modification
supports_get_memory_size = 0
### GRAPH API ###
n is suppoted as a function
m is stored
the graph is symmetric
degree is supported
supports basic map
parallel_map_neighbors is supported
map_neighbors_early_exit is supported
parallel_map_neighbors_early_exit is supported
supports insert_batch
don't have recent enough glibc to make a good guess
total bytes used = 0
### Threads: 128
### n: 4847571
### m: 86220846
>>> Begin -----------------------------
>>> Input_file /data/datasets/graphs/live-journal/soc-LiveJournal1.base.1.adj
>>> Batch_file /data/datasets/graphs/live-journal/soc-LiveJournal1.dynamic.1.el
>>> Batch_num 10
>>> Batch_size 1
>>> Alg BFS 
>>> Res: 
0.000004 0.015679
0.000009 0.011873
0.000008 0.011531
0.000008 0.011460
0.000010 0.011537
0.000009 0.011584
0.000010 0.011615
0.000009 0.011633
0.000007 0.011776
0.000011 0.011383
>>> End -----------------------------
--- scripts:  program finish, took 8
--- scripts:  Running run_absl_btree_set on soc-LiveJournal1 (prefix: live-journal) with batch size 1 and algorithm pagerank
### Graph: /data/datasets/graphs/live-journal/soc-LiveJournal1.base.1.adj
### SET API ###
binary = 1
native map = 0
iteration = 1
native map_early_exit = 0
native parallel_map = 0
native native_parallel_map_early_exit = 0
supports modification
supports_get_memory_size = 0
### GRAPH API ###
n is suppoted as a function
m is stored
the graph is symmetric
degree is supported
supports basic map
parallel_map_neighbors is supported
map_neighbors_early_exit is supported
parallel_map_neighbors_early_exit is supported
supports insert_batch
don't have recent enough glibc to make a good guess
total bytes used = 0
### Threads: 128
### n: 4847571
### m: 86220846
>>> Begin -----------------------------
>>> Input_file /data/datasets/graphs/live-journal/soc-LiveJournal1.base.1.adj
>>> Batch_file /data/datasets/graphs/live-journal/soc-LiveJournal1.dynamic.1.el
>>> Batch_num 10
>>> Batch_size 1
>>> Alg PageRank 
>>> Res: 
0.000006 0.190780
0.000010 0.186953
0.000009 0.191875
0.000011 0.198651
0.000012 0.191476
0.000014 0.188926
0.000012 0.206100
0.000014 0.205519
0.000014 0.197589
0.000013 0.194832
>>> End -----------------------------
--- scripts:  program finish, took 14
--- scripts:  Running run_absl_btree_set on soc-LiveJournal1 (prefix: live-journal) with batch size 1 and algorithm labelpropagation
### Graph: /data/datasets/graphs/live-journal/soc-LiveJournal1.base.1.adj
### SET API ###
binary = 1
native map = 0
iteration = 1
native map_early_exit = 0
native parallel_map = 0
native native_parallel_map_early_exit = 0
supports modification
supports_get_memory_size = 0
### GRAPH API ###
n is suppoted as a function
m is stored
the graph is symmetric
degree is supported
supports basic map
parallel_map_neighbors is supported
map_neighbors_early_exit is supported
parallel_map_neighbors_early_exit is supported
supports insert_batch
don't have recent enough glibc to make a good guess
total bytes used = 0
### Threads: 128
### n: 4847571
### m: 86220846
>>> Begin -----------------------------
>>> Input_file /data/datasets/graphs/live-journal/soc-LiveJournal1.base.1.adj
>>> Batch_file /data/datasets/graphs/live-journal/soc-LiveJournal1.dynamic.1.el
>>> Batch_num 10
>>> Batch_size 1
>>> Alg LabelPropagation 
>>> Res: 
0.000006 0.033909
0.000010 0.026980
0.000008 0.027505
0.000009 0.027430
0.000011 0.027140
0.000011 0.027470
0.000012 0.027307
0.000010 0.026990
0.000012 0.027568
0.000011 0.027645
>>> End -----------------------------
--- scripts:  program finish, took 8
--- scripts:  Running run_absl_btree_set on soc-LiveJournal1 (prefix: live-journal) with batch size 1 and algorithm wbfs
### Graph: /data/datasets/graphs/live-journal/soc-LiveJournal1.base.1.adj
### SET API ###
binary = 1
native map = 0
iteration = 1
native map_early_exit = 0
native parallel_map = 0
native native_parallel_map_early_exit = 0
supports modification
supports_get_memory_size = 0
### GRAPH API ###
n is suppoted as a function
m is stored
the graph is symmetric
degree is supported
supports basic map
parallel_map_neighbors is supported
map_neighbors_early_exit is supported
parallel_map_neighbors_early_exit is supported
supports insert_batch
don't have recent enough glibc to make a good guess
total bytes used = 0
### Threads: 128
### n: 4847571
### m: 86220846
>>> Begin -----------------------------
>>> Input_file /data/datasets/graphs/live-journal/soc-LiveJournal1.base.1.adj
>>> Batch_file /data/datasets/graphs/live-journal/soc-LiveJournal1.dynamic.1.el
>>> Batch_num 10
>>> Batch_size 1
>>> Alg wBFS_unweighted 
>>> Res: 
0.000006 5.024059
0.000010 4.998209
0.000011 5.327012
0.000036 5.085266
0.000013 5.031569
0.000009 5.273181
0.000009 5.133624
0.000012 5.075910
0.000009 4.946294
0.000011 5.214824
>>> End -----------------------------
--- scripts:  program finish, took 211
--- scripts:  Running run_absl_btree_set on com-orkut.ungraph (prefix: orkut) with batch size 1 and algorithm bfs
### Graph: /data/datasets/graphs/orkut/com-orkut.ungraph.base.1.adj
### SET API ###
binary = 1
native map = 0
iteration = 1
native map_early_exit = 0
native parallel_map = 0
native native_parallel_map_early_exit = 0
supports modification
supports_get_memory_size = 0
### GRAPH API ###
n is suppoted as a function
m is stored
the graph is symmetric
degree is supported
supports basic map
parallel_map_neighbors is supported
map_neighbors_early_exit is supported
parallel_map_neighbors_early_exit is supported
supports insert_batch
don't have recent enough glibc to make a good guess
total bytes used = 0
### Threads: 128
### n: 3072627
### m: 234370156
>>> Begin -----------------------------
>>> Input_file /data/datasets/graphs/orkut/com-orkut.ungraph.base.1.adj
>>> Batch_file /data/datasets/graphs/orkut/com-orkut.ungraph.dynamic.1.el
>>> Batch_num 10
>>> Batch_size 1
>>> Alg BFS 
>>> Res: 
0.000005 0.012075
0.000009 0.007563
0.000009 0.007249
0.000008 0.007376
0.000005 0.007387
0.000006 0.007551
0.000006 0.007533
0.000005 0.007617
0.000006 0.007325
0.000007 0.007375
>>> End -----------------------------
--- scripts:  program finish, took 13
--- scripts:  Running run_absl_btree_set on com-orkut.ungraph (prefix: orkut) with batch size 1 and algorithm pagerank
### Graph: /data/datasets/graphs/orkut/com-orkut.ungraph.base.1.adj
### SET API ###
binary = 1
native map = 0
iteration = 1
native map_early_exit = 0
native parallel_map = 0
native native_parallel_map_early_exit = 0
supports modification
supports_get_memory_size = 0
### GRAPH API ###
n is suppoted as a function
m is stored
the graph is symmetric
degree is supported
supports basic map
parallel_map_neighbors is supported
map_neighbors_early_exit is supported
parallel_map_neighbors_early_exit is supported
supports insert_batch
don't have recent enough glibc to make a good guess
total bytes used = 0
### Threads: 128
### n: 3072627
### m: 234370156
>>> Begin -----------------------------
>>> Input_file /data/datasets/graphs/orkut/com-orkut.ungraph.base.1.adj
>>> Batch_file /data/datasets/graphs/orkut/com-orkut.ungraph.dynamic.1.el
>>> Batch_num 10
>>> Batch_size 1
>>> Alg PageRank 
>>> Res: 
0.000006 0.324401
0.000010 0.344793
0.000010 0.364795
0.000011 0.346283
0.000008 0.335088
0.000012 0.336802
0.000013 0.346540
0.000011 0.346504
0.000011 0.329287
0.000013 0.336480
>>> End -----------------------------
--- scripts:  program finish, took 26
--- scripts:  Running run_absl_btree_set on com-orkut.ungraph (prefix: orkut) with batch size 1 and algorithm labelpropagation
### Graph: /data/datasets/graphs/orkut/com-orkut.ungraph.base.1.adj
### SET API ###
binary = 1
native map = 0
iteration = 1
native map_early_exit = 0
native parallel_map = 0
native native_parallel_map_early_exit = 0
supports modification
supports_get_memory_size = 0
### GRAPH API ###
n is suppoted as a function
m is stored
the graph is symmetric
degree is supported
supports basic map
parallel_map_neighbors is supported
map_neighbors_early_exit is supported
parallel_map_neighbors_early_exit is supported
supports insert_batch
don't have recent enough glibc to make a good guess
total bytes used = 0
### Threads: 128
### n: 3072627
### m: 234370156
>>> Begin -----------------------------
>>> Input_file /data/datasets/graphs/orkut/com-orkut.ungraph.base.1.adj
>>> Batch_file /data/datasets/graphs/orkut/com-orkut.ungraph.dynamic.1.el
>>> Batch_num 10
>>> Batch_size 1
>>> Alg LabelPropagation 
>>> Res: 
0.000007 0.051381
0.000010 0.046119
0.000010 0.045303
0.000011 0.045726
0.000011 0.046217
0.000010 0.045297
0.000009 0.046219
0.000010 0.046260
0.000010 0.045687
0.000012 0.045140
>>> End -----------------------------
--- scripts:  program finish, took 19
--- scripts:  Running run_absl_btree_set on com-orkut.ungraph (prefix: orkut) with batch size 1 and algorithm wbfs
### Graph: /data/datasets/graphs/orkut/com-orkut.ungraph.base.1.adj
### SET API ###
binary = 1
native map = 0
iteration = 1
native map_early_exit = 0
native parallel_map = 0
native native_parallel_map_early_exit = 0
supports modification
supports_get_memory_size = 0
### GRAPH API ###
n is suppoted as a function
m is stored
the graph is symmetric
degree is supported
supports basic map
parallel_map_neighbors is supported
map_neighbors_early_exit is supported
parallel_map_neighbors_early_exit is supported
supports insert_batch
don't have recent enough glibc to make a good guess
total bytes used = 0
### Threads: 128
### n: 3072627
### m: 234370156
>>> Begin -----------------------------
>>> Input_file /data/datasets/graphs/orkut/com-orkut.ungraph.base.1.adj
>>> Batch_file /data/datasets/graphs/orkut/com-orkut.ungraph.dynamic.1.el
>>> Batch_num 10
>>> Batch_size 1
>>> Alg wBFS_unweighted 
>>> Res: 
0.000006 3.869253
0.000010 3.748543
0.000011 3.719855
0.000013 3.692369
0.000010 3.697316
0.000010 3.739703
0.000012 4.022387
0.000011 4.011356
0.000010 3.796682
0.000024 3.759118
>>> End -----------------------------
--- scripts:  program finish, took 165
--- scripts:  Running run_absl_btree_set on cit-Patents (prefix: cit-Patents) with batch size 1 and algorithm bfs
### Graph: /data/datasets/graphs/cit-Patents/cit-Patents.base.1.adj
### SET API ###
binary = 1
native map = 0
iteration = 1
native map_early_exit = 0
native parallel_map = 0
native native_parallel_map_early_exit = 0
supports modification
supports_get_memory_size = 0
### GRAPH API ###
n is suppoted as a function
m is stored
the graph is symmetric
degree is supported
supports basic map
parallel_map_neighbors is supported
map_neighbors_early_exit is supported
parallel_map_neighbors_early_exit is supported
supports insert_batch
don't have recent enough glibc to make a good guess
total bytes used = 0
### Threads: 128
### n: 6009555
### m: 33037885
>>> Begin -----------------------------
>>> Input_file /data/datasets/graphs/cit-Patents/cit-Patents.base.1.adj
>>> Batch_file /data/datasets/graphs/cit-Patents/cit-Patents.dynamic.1.el
>>> Batch_num 10
>>> Batch_size 1
>>> Alg BFS 
>>> Res: 
0.000006 0.015076
0.000009 0.010925
0.000010 0.010296
0.000008 0.010700
0.000009 0.013205
0.000011 0.010370
0.000008 0.010383
0.000008 0.010375
0.000009 0.010330
0.000012 0.010364
>>> End -----------------------------
--- scripts:  program finish, took 5
--- scripts:  Running run_absl_btree_set on cit-Patents (prefix: cit-Patents) with batch size 1 and algorithm pagerank
### Graph: /data/datasets/graphs/cit-Patents/cit-Patents.base.1.adj
### SET API ###
binary = 1
native map = 0
iteration = 1
native map_early_exit = 0
native parallel_map = 0
native native_parallel_map_early_exit = 0
supports modification
supports_get_memory_size = 0
### GRAPH API ###
n is suppoted as a function
m is stored
the graph is symmetric
degree is supported
supports basic map
parallel_map_neighbors is supported
map_neighbors_early_exit is supported
parallel_map_neighbors_early_exit is supported
supports insert_batch
don't have recent enough glibc to make a good guess
total bytes used = 0
### Threads: 128
### n: 6009555
### m: 33037885
>>> Begin -----------------------------
>>> Input_file /data/datasets/graphs/cit-Patents/cit-Patents.base.1.adj
>>> Batch_file /data/datasets/graphs/cit-Patents/cit-Patents.dynamic.1.el
>>> Batch_num 10
>>> Batch_size 1
>>> Alg PageRank 
>>> Res: 
0.000007 0.186166
0.000009 0.176454
0.000009 0.180853
0.000010 0.173396
0.000012 0.179118
0.000008 0.173777
0.000010 0.173523
0.000010 0.176221
0.000012 0.180193
0.000008 0.165424
>>> End -----------------------------
--- scripts:  program finish, took 11
--- scripts:  Running run_absl_btree_set on cit-Patents (prefix: cit-Patents) with batch size 1 and algorithm labelpropagation
### Graph: /data/datasets/graphs/cit-Patents/cit-Patents.base.1.adj
### SET API ###
binary = 1
native map = 0
iteration = 1
native map_early_exit = 0
native parallel_map = 0
native native_parallel_map_early_exit = 0
supports modification
supports_get_memory_size = 0
### GRAPH API ###
n is suppoted as a function
m is stored
the graph is symmetric
degree is supported
supports basic map
parallel_map_neighbors is supported
map_neighbors_early_exit is supported
parallel_map_neighbors_early_exit is supported
supports insert_batch
don't have recent enough glibc to make a good guess
total bytes used = 0
### Threads: 128
### n: 6009555
### m: 33037885
>>> Begin -----------------------------
>>> Input_file /data/datasets/graphs/cit-Patents/cit-Patents.base.1.adj
>>> Batch_file /data/datasets/graphs/cit-Patents/cit-Patents.dynamic.1.el
>>> Batch_num 10
>>> Batch_size 1
>>> Alg LabelPropagation 
>>> Res: 
0.000006 0.033827
0.000009 0.033532
0.000009 0.033310
0.000008 0.032060
0.000008 0.034113
0.000010 0.033625
0.000008 0.034535
0.000008 0.033501
0.000008 0.033698
0.000008 0.032836
>>> End -----------------------------
--- scripts:  program finish, took 6
--- scripts:  Running run_absl_btree_set on cit-Patents (prefix: cit-Patents) with batch size 1 and algorithm wbfs
### Graph: /data/datasets/graphs/cit-Patents/cit-Patents.base.1.adj
### SET API ###
binary = 1
native map = 0
iteration = 1
native map_early_exit = 0
native parallel_map = 0
native native_parallel_map_early_exit = 0
supports modification
supports_get_memory_size = 0
### GRAPH API ###
n is suppoted as a function
m is stored
the graph is symmetric
degree is supported
supports basic map
parallel_map_neighbors is supported
map_neighbors_early_exit is supported
parallel_map_neighbors_early_exit is supported
supports insert_batch
don't have recent enough glibc to make a good guess
total bytes used = 0
### Threads: 128
### n: 6009555
### m: 33037885
>>> Begin -----------------------------
>>> Input_file /data/datasets/graphs/cit-Patents/cit-Patents.base.1.adj
>>> Batch_file /data/datasets/graphs/cit-Patents/cit-Patents.dynamic.1.el
>>> Batch_num 10
>>> Batch_size 1
>>> Alg wBFS_unweighted 
>>> Res: 
0.000006 5.443646
0.000010 5.334006
0.000012 5.383227
0.000013 5.431822
0.000010 5.675132
0.000009 5.404656
0.000009 5.394667
0.000011 5.371856
0.000009 5.325791
0.000010 5.449231
>>> End -----------------------------
--- scripts:  program finish, took 220
--- scripts:  Running run_absl_btree_set on twitter-unique-undir (prefix: twitter) with batch size 1 and algorithm bfs
### Graph: /data/datasets/graphs/twitter/twitter-unique-undir.base.1.adj
### SET API ###
binary = 1
native map = 0
iteration = 1
native map_early_exit = 0
native parallel_map = 0
native native_parallel_map_early_exit = 0
supports modification
supports_get_memory_size = 0
### GRAPH API ###
n is suppoted as a function
m is stored
the graph is symmetric
degree is supported
supports basic map
parallel_map_neighbors is supported
map_neighbors_early_exit is supported
parallel_map_neighbors_early_exit is supported
supports insert_batch
don't have recent enough glibc to make a good guess
total bytes used = 0
### Threads: 128
### n: 41652231
### m: 2430498273
>>> Begin -----------------------------
>>> Input_file /data/datasets/graphs/twitter/twitter-unique-undir.base.1.adj
>>> Batch_file /data/datasets/graphs/twitter/twitter-unique-undir.dynamic.1.el
>>> Batch_num 10
>>> Batch_size 1
>>> Alg BFS 
>>> Res: 
0.000058 0.226024
0.000013 0.096577
0.000009 0.094749
0.000014 0.096612
0.000010 0.096854
0.000011 0.095222
0.000012 0.096332
0.000012 0.094708
0.000011 0.098663
0.000010 0.094953
>>> End -----------------------------
--- scripts:  program finish, took 190
--- scripts:  Running run_absl_btree_set on twitter-unique-undir (prefix: twitter) with batch size 1 and algorithm pagerank
### Graph: /data/datasets/graphs/twitter/twitter-unique-undir.base.1.adj
### SET API ###
binary = 1
native map = 0
iteration = 1
native map_early_exit = 0
native parallel_map = 0
native native_parallel_map_early_exit = 0
supports modification
supports_get_memory_size = 0
### GRAPH API ###
n is suppoted as a function
m is stored
the graph is symmetric
degree is supported
supports basic map
parallel_map_neighbors is supported
map_neighbors_early_exit is supported
parallel_map_neighbors_early_exit is supported
supports insert_batch
don't have recent enough glibc to make a good guess
total bytes used = 0
### Threads: 128
### n: 41652231
### m: 2430498273
>>> Begin -----------------------------
>>> Input_file /data/datasets/graphs/twitter/twitter-unique-undir.base.1.adj
>>> Batch_file /data/datasets/graphs/twitter/twitter-unique-undir.dynamic.1.el
>>> Batch_num 10
>>> Batch_size 1
>>> Alg PageRank 
>>> Res: 
0.000017 8.141412
0.000012 7.482179
0.000010 7.415123
0.000011 7.396985
0.000015 7.391609
0.000012 7.630489
0.000015 8.311911
0.000011 7.240648
0.000015 6.856081
0.000012 6.805748
>>> End -----------------------------
--- scripts:  program finish, took 468
--- scripts:  Running run_absl_btree_set on twitter-unique-undir (prefix: twitter) with batch size 1 and algorithm labelpropagation
### Graph: /data/datasets/graphs/twitter/twitter-unique-undir.base.1.adj
### SET API ###
binary = 1
native map = 0
iteration = 1
native map_early_exit = 0
native parallel_map = 0
native native_parallel_map_early_exit = 0
supports modification
supports_get_memory_size = 0
### GRAPH API ###
n is suppoted as a function
m is stored
the graph is symmetric
degree is supported
supports basic map
parallel_map_neighbors is supported
map_neighbors_early_exit is supported
parallel_map_neighbors_early_exit is supported
supports insert_batch
don't have recent enough glibc to make a good guess
total bytes used = 0
### Threads: 128
### n: 41652231
### m: 2430498273
>>> Begin -----------------------------
>>> Input_file /data/datasets/graphs/twitter/twitter-unique-undir.base.1.adj
>>> Batch_file /data/datasets/graphs/twitter/twitter-unique-undir.dynamic.1.el
>>> Batch_num 10
>>> Batch_size 1
>>> Alg LabelPropagation 
>>> Res: 
0.000027 1.394270
0.000012 1.218121
0.000012 1.233868
0.000013 1.219923
0.000012 1.234980
0.000009 1.205559
0.000011 1.212209
0.000010 1.212973
0.000010 1.225546
0.000012 1.217221
>>> End -----------------------------
--- scripts:  program finish, took 225
--- scripts:  Running run_absl_btree_set on twitter-unique-undir (prefix: twitter) with batch size 1 and algorithm wbfs
### Graph: /data/datasets/graphs/twitter/twitter-unique-undir.base.1.adj
### SET API ###
binary = 1
native map = 0
iteration = 1
native map_early_exit = 0
native parallel_map = 0
native native_parallel_map_early_exit = 0
supports modification
supports_get_memory_size = 0
### GRAPH API ###
n is suppoted as a function
m is stored
the graph is symmetric
degree is supported
supports basic map
parallel_map_neighbors is supported
map_neighbors_early_exit is supported
parallel_map_neighbors_early_exit is supported
supports insert_batch
don't have recent enough glibc to make a good guess
total bytes used = 0
### Threads: 128
### n: 41652231
### m: 2430498273
>>> Begin -----------------------------
>>> Input_file /data/datasets/graphs/twitter/twitter-unique-undir.base.1.adj
>>> Batch_file /data/datasets/graphs/twitter/twitter-unique-undir.dynamic.1.el
>>> Batch_num 10
>>> Batch_size 1
>>> Alg wBFS_unweighted 
>>> Res: 
0.000010 31.370178
0.000014 29.453390
0.000011 29.583880
0.000011 29.174880
0.000011 29.496030
0.000010 29.981596
0.000014 29.285706
0.000010 29.717256
0.000012 31.199112
0.000011 30.699625
>>> End -----------------------------
--- scripts:  program finish, took 1338
--- scripts:  Running run_absl_btree_set on com-friendster (prefix: friend) with batch size 1 and algorithm bfs
### Graph: /data/datasets/graphs/friend/com-friendster.base.1.adj
### SET API ###
binary = 1
native map = 0
iteration = 1
native map_early_exit = 0
native parallel_map = 0
native native_parallel_map_early_exit = 0
supports modification
supports_get_memory_size = 0
### GRAPH API ###
n is suppoted as a function
m is stored
the graph is symmetric
degree is supported
supports basic map
parallel_map_neighbors is supported
map_neighbors_early_exit is supported
parallel_map_neighbors_early_exit is supported
supports insert_batch
don't have recent enough glibc to make a good guess
total bytes used = 0
### Threads: 128
### n: 2586147870
### m: 3698831638
>>> Begin -----------------------------
>>> Input_file /data/datasets/graphs/friend/com-friendster.base.1.adj
>>> Batch_file /data/datasets/graphs/friend/com-friendster.dynamic.1.el
>>> Batch_num 10
>>> Batch_size 1
>>> Alg BFS 
>>> Res: 
0.000006 4.110719
0.000014 2.569955
0.000013 2.556419
0.000013 2.541873
0.000015 2.527103
0.000016 2.491754
0.000013 2.464487
0.000015 2.440676
0.000015 2.489281
0.000014 2.516796
>>> End -----------------------------
--- scripts:  program finish, took 539
--- scripts:  Running run_absl_btree_set on com-friendster (prefix: friend) with batch size 1 and algorithm pagerank
### Graph: /data/datasets/graphs/friend/com-friendster.base.1.adj
### SET API ###
binary = 1
native map = 0
iteration = 1
native map_early_exit = 0
native parallel_map = 0
native native_parallel_map_early_exit = 0
supports modification
supports_get_memory_size = 0
### GRAPH API ###
n is suppoted as a function
m is stored
the graph is symmetric
degree is supported
supports basic map
parallel_map_neighbors is supported
map_neighbors_early_exit is supported
parallel_map_neighbors_early_exit is supported
supports insert_batch
don't have recent enough glibc to make a good guess
total bytes used = 0
### Threads: 128
### n: 2586147870
### m: 3698831638
>>> Begin -----------------------------
>>> Input_file /data/datasets/graphs/friend/com-friendster.base.1.adj
>>> Batch_file /data/datasets/graphs/friend/com-friendster.dynamic.1.el
>>> Batch_num 10
>>> Batch_size 1
>>> Alg PageRank 
>>> Res: 
0.000005 25.971629
0.000014 24.006803
0.000012 21.598031
0.000012 31.895232
0.000012 26.906136
0.000020 25.750201
0.000011 22.103495
0.000013 23.072009
0.000013 25.110346
0.000013 27.340466
>>> End -----------------------------
--- scripts:  program finish, took 1369
--- scripts:  Running run_absl_btree_set on com-friendster (prefix: friend) with batch size 1 and algorithm labelpropagation
### Graph: /data/datasets/graphs/friend/com-friendster.base.1.adj
### SET API ###
binary = 1
native map = 0
iteration = 1
native map_early_exit = 0
native parallel_map = 0
native native_parallel_map_early_exit = 0
supports modification
supports_get_memory_size = 0
### GRAPH API ###
n is suppoted as a function
m is stored
the graph is symmetric
degree is supported
supports basic map
parallel_map_neighbors is supported
map_neighbors_early_exit is supported
parallel_map_neighbors_early_exit is supported
supports insert_batch
don't have recent enough glibc to make a good guess
total bytes used = 0
### Threads: 128
### n: 2586147870
### m: 3698831638
>>> Begin -----------------------------
>>> Input_file /data/datasets/graphs/friend/com-friendster.base.1.adj
>>> Batch_file /data/datasets/graphs/friend/com-friendster.dynamic.1.el
>>> Batch_num 10
>>> Batch_size 1
>>> Alg LabelPropagation 
>>> Res: 
0.000008 6.181177
0.000013 4.319017
0.000015 4.123277
0.000012 4.114868
0.000014 3.963300
0.000025 4.067377
0.000014 3.838762
0.000012 3.840992
0.000014 3.837116
0.000015 3.888950
>>> End -----------------------------
--- scripts:  program finish, took 596
--- scripts:  Running run_absl_btree_set on com-friendster (prefix: friend) with batch size 1 and algorithm wbfs
### Graph: /data/datasets/graphs/friend/com-friendster.base.1.adj
### SET API ###
binary = 1
native map = 0
iteration = 1
native map_early_exit = 0
native parallel_map = 0
native native_parallel_map_early_exit = 0
supports modification
supports_get_memory_size = 0
### GRAPH API ###
n is suppoted as a function
m is stored
the graph is symmetric
degree is supported
supports basic map
parallel_map_neighbors is supported
map_neighbors_early_exit is supported
parallel_map_neighbors_early_exit is supported
supports insert_batch
don't have recent enough glibc to make a good guess
total bytes used = 0
### Threads: 128
### n: 2586147870
### m: 3698831638
>>> Begin -----------------------------
>>> Input_file /data/datasets/graphs/friend/com-friendster.base.1.adj
>>> Batch_file /data/datasets/graphs/friend/com-friendster.dynamic.1.el
>>> Batch_num 10
>>> Batch_size 1
>>> Alg wBFS_unweighted 
>>> Res: 
0.000008 49.578598
0.000013 47.129247
0.000012 46.709458
0.000013 45.870643
0.000013 45.533002
0.000010 45.647238
0.000011 45.913356
0.000012 46.540599
0.000012 49.980431
0.000012 49.561773
>>> End -----------------------------
--- scripts:  program finish, took 2287
--- scripts:  Running run_absl_btree_set on soc-LiveJournal1 (prefix: live-journal) with batch size 10 and algorithm bfs
### Graph: /data/datasets/graphs/live-journal/soc-LiveJournal1.base.10.adj
### SET API ###
binary = 1
native map = 0
iteration = 1
native map_early_exit = 0
native parallel_map = 0
native native_parallel_map_early_exit = 0
supports modification
supports_get_memory_size = 0
### GRAPH API ###
n is suppoted as a function
m is stored
the graph is symmetric
degree is supported
supports basic map
parallel_map_neighbors is supported
map_neighbors_early_exit is supported
parallel_map_neighbors_early_exit is supported
supports insert_batch
don't have recent enough glibc to make a good guess
total bytes used = 0
### Threads: 128
### n: 4847571
### m: 86220756
>>> Begin -----------------------------
>>> Input_file /data/datasets/graphs/live-journal/soc-LiveJournal1.base.10.adj
>>> Batch_file /data/datasets/graphs/live-journal/soc-LiveJournal1.dynamic.10.el
>>> Batch_num 10
>>> Batch_size 10
>>> Alg BFS 
>>> Res: 
0.000022 0.015735
0.000021 0.008807
0.000022 0.008726
0.000022 0.008828
0.000022 0.008664
0.000026 0.008911
0.000024 0.008668
0.000023 0.008858
0.000027 0.008802
0.000024 0.008761
>>> End -----------------------------
--- scripts:  program finish, took 7
--- scripts:  Running run_absl_btree_set on soc-LiveJournal1 (prefix: live-journal) with batch size 10 and algorithm pagerank
### Graph: /data/datasets/graphs/live-journal/soc-LiveJournal1.base.10.adj
### SET API ###
binary = 1
native map = 0
iteration = 1
native map_early_exit = 0
native parallel_map = 0
native native_parallel_map_early_exit = 0
supports modification
supports_get_memory_size = 0
### GRAPH API ###
n is suppoted as a function
m is stored
the graph is symmetric
degree is supported
supports basic map
parallel_map_neighbors is supported
map_neighbors_early_exit is supported
parallel_map_neighbors_early_exit is supported
supports insert_batch
don't have recent enough glibc to make a good guess
total bytes used = 0
### Threads: 128
### n: 4847571
### m: 86220756
>>> Begin -----------------------------
>>> Input_file /data/datasets/graphs/live-journal/soc-LiveJournal1.base.10.adj
>>> Batch_file /data/datasets/graphs/live-journal/soc-LiveJournal1.dynamic.10.el
>>> Batch_num 10
>>> Batch_size 10
>>> Alg PageRank 
>>> Res: 
0.000020 0.222248
0.000037 0.225384
0.000037 0.221641
0.000031 0.225271
0.000033 0.224420
0.000032 0.230405
0.000034 0.223801
0.000037 0.197515
0.000035 0.220085
0.000031 0.211427
>>> End -----------------------------
--- scripts:  program finish, took 16
--- scripts:  Running run_absl_btree_set on soc-LiveJournal1 (prefix: live-journal) with batch size 10 and algorithm labelpropagation
### Graph: /data/datasets/graphs/live-journal/soc-LiveJournal1.base.10.adj
### SET API ###
binary = 1
native map = 0
iteration = 1
native map_early_exit = 0
native parallel_map = 0
native native_parallel_map_early_exit = 0
supports modification
supports_get_memory_size = 0
### GRAPH API ###
n is suppoted as a function
m is stored
the graph is symmetric
degree is supported
supports basic map
parallel_map_neighbors is supported
map_neighbors_early_exit is supported
parallel_map_neighbors_early_exit is supported
supports insert_batch
don't have recent enough glibc to make a good guess
total bytes used = 0
### Threads: 128
### n: 4847571
### m: 86220756
>>> Begin -----------------------------
>>> Input_file /data/datasets/graphs/live-journal/soc-LiveJournal1.base.10.adj
>>> Batch_file /data/datasets/graphs/live-journal/soc-LiveJournal1.dynamic.10.el
>>> Batch_num 10
>>> Batch_size 10
>>> Alg LabelPropagation 
>>> Res: 
0.000032 0.031596
0.000049 0.028912
0.000044 0.028985
0.000040 0.028555
0.000037 0.028551
0.000034 0.029628
0.000029 0.028646
0.000045 0.028345
0.000034 0.028506
0.000044 0.028703
>>> End -----------------------------
--- scripts:  program finish, took 7
--- scripts:  Running run_absl_btree_set on soc-LiveJournal1 (prefix: live-journal) with batch size 10 and algorithm wbfs
### Graph: /data/datasets/graphs/live-journal/soc-LiveJournal1.base.10.adj
### SET API ###
binary = 1
native map = 0
iteration = 1
native map_early_exit = 0
native parallel_map = 0
native native_parallel_map_early_exit = 0
supports modification
supports_get_memory_size = 0
### GRAPH API ###
n is suppoted as a function
m is stored
the graph is symmetric
degree is supported
supports basic map
parallel_map_neighbors is supported
map_neighbors_early_exit is supported
parallel_map_neighbors_early_exit is supported
supports insert_batch
don't have recent enough glibc to make a good guess
total bytes used = 0
### Threads: 128
### n: 4847571
### m: 86220756
>>> Begin -----------------------------
>>> Input_file /data/datasets/graphs/live-journal/soc-LiveJournal1.base.10.adj
>>> Batch_file /data/datasets/graphs/live-journal/soc-LiveJournal1.dynamic.10.el
>>> Batch_num 10
>>> Batch_size 10
>>> Alg wBFS_unweighted 
>>> Res: 
0.000016 5.316461
0.000033 5.242854
0.000035 5.237770
0.000046 5.592193
0.000202 5.413734
0.000031 5.386475
0.000028 5.179263
0.000035 5.147473
0.000030 5.245909
0.000029 5.165746
>>> End -----------------------------
--- scripts:  program finish, took 218
--- scripts:  Running run_absl_btree_set on com-orkut.ungraph (prefix: orkut) with batch size 10 and algorithm bfs
### Graph: /data/datasets/graphs/orkut/com-orkut.ungraph.base.10.adj
### SET API ###
binary = 1
native map = 0
iteration = 1
native map_early_exit = 0
native parallel_map = 0
native native_parallel_map_early_exit = 0
supports modification
supports_get_memory_size = 0
### GRAPH API ###
n is suppoted as a function
m is stored
the graph is symmetric
degree is supported
supports basic map
parallel_map_neighbors is supported
map_neighbors_early_exit is supported
parallel_map_neighbors_early_exit is supported
supports insert_batch
don't have recent enough glibc to make a good guess
total bytes used = 0
### Threads: 128
### n: 3072627
### m: 234370066
>>> Begin -----------------------------
>>> Input_file /data/datasets/graphs/orkut/com-orkut.ungraph.base.10.adj
>>> Batch_file /data/datasets/graphs/orkut/com-orkut.ungraph.dynamic.10.el
>>> Batch_num 10
>>> Batch_size 10
>>> Alg BFS 
>>> Res: 
0.000016 0.014095
0.000021 0.009560
0.000018 0.006154
0.000018 0.006287
0.000019 0.005952
0.000020 0.006114
0.000021 0.006095
0.000019 0.005932
0.000020 0.006056
0.000021 0.006018
>>> End -----------------------------
--- scripts:  program finish, took 15
--- scripts:  Running run_absl_btree_set on com-orkut.ungraph (prefix: orkut) with batch size 10 and algorithm pagerank
### Graph: /data/datasets/graphs/orkut/com-orkut.ungraph.base.10.adj
### SET API ###
binary = 1
native map = 0
iteration = 1
native map_early_exit = 0
native parallel_map = 0
native native_parallel_map_early_exit = 0
supports modification
supports_get_memory_size = 0
### GRAPH API ###
n is suppoted as a function
m is stored
the graph is symmetric
degree is supported
supports basic map
parallel_map_neighbors is supported
map_neighbors_early_exit is supported
parallel_map_neighbors_early_exit is supported
supports insert_batch
don't have recent enough glibc to make a good guess
total bytes used = 0
### Threads: 128
### n: 3072627
### m: 234370066
>>> Begin -----------------------------
>>> Input_file /data/datasets/graphs/orkut/com-orkut.ungraph.base.10.adj
>>> Batch_file /data/datasets/graphs/orkut/com-orkut.ungraph.dynamic.10.el
>>> Batch_num 10
>>> Batch_size 10
>>> Alg PageRank 
>>> Res: 
0.000024 0.351914
0.000029 0.339054
0.000028 0.344937
0.000035 0.349092
0.000033 0.336451
0.000029 0.317587
0.000036 0.338648
0.000031 0.336982
0.000033 0.343131
0.000035 0.316503
>>> End -----------------------------
--- scripts:  program finish, took 31
--- scripts:  Running run_absl_btree_set on com-orkut.ungraph (prefix: orkut) with batch size 10 and algorithm labelpropagation
### Graph: /data/datasets/graphs/orkut/com-orkut.ungraph.base.10.adj
### SET API ###
binary = 1
native map = 0
iteration = 1
native map_early_exit = 0
native parallel_map = 0
native native_parallel_map_early_exit = 0
supports modification
supports_get_memory_size = 0
### GRAPH API ###
n is suppoted as a function
m is stored
the graph is symmetric
degree is supported
supports basic map
parallel_map_neighbors is supported
map_neighbors_early_exit is supported
parallel_map_neighbors_early_exit is supported
supports insert_batch
don't have recent enough glibc to make a good guess
total bytes used = 0
### Threads: 128
### n: 3072627
### m: 234370066
>>> Begin -----------------------------
>>> Input_file /data/datasets/graphs/orkut/com-orkut.ungraph.base.10.adj
>>> Batch_file /data/datasets/graphs/orkut/com-orkut.ungraph.dynamic.10.el
>>> Batch_num 10
>>> Batch_size 10
>>> Alg LabelPropagation 
>>> Res: 
0.000022 0.048324
0.000034 0.048838
0.000044 0.048025
0.000047 0.050861
0.000032 0.046879
0.000044 0.046715
0.000053 0.046632
0.000033 0.046674
0.000031 0.046675
0.000046 0.046030
>>> End -----------------------------
--- scripts:  program finish, took 15
--- scripts:  Running run_absl_btree_set on com-orkut.ungraph (prefix: orkut) with batch size 10 and algorithm wbfs
### Graph: /data/datasets/graphs/orkut/com-orkut.ungraph.base.10.adj
### SET API ###
binary = 1
native map = 0
iteration = 1
native map_early_exit = 0
native parallel_map = 0
native native_parallel_map_early_exit = 0
supports modification
supports_get_memory_size = 0
### GRAPH API ###
n is suppoted as a function
m is stored
the graph is symmetric
degree is supported
supports basic map
parallel_map_neighbors is supported
map_neighbors_early_exit is supported
parallel_map_neighbors_early_exit is supported
supports insert_batch
don't have recent enough glibc to make a good guess
total bytes used = 0
### Threads: 128
### n: 3072627
### m: 234370066
>>> Begin -----------------------------
>>> Input_file /data/datasets/graphs/orkut/com-orkut.ungraph.base.10.adj
>>> Batch_file /data/datasets/graphs/orkut/com-orkut.ungraph.dynamic.10.el
>>> Batch_num 10
>>> Batch_size 10
>>> Alg wBFS_unweighted 
>>> Res: 
0.000027 3.892118
0.000034 3.722492
0.000050 3.673180
0.000037 3.711117
0.000056 3.689202
0.000035 3.647604
0.000062 3.683497
0.000036 3.745234
0.000334 3.891766
0.000032 3.686845
>>> End -----------------------------
--- scripts:  program finish, took 167
--- scripts:  Running run_absl_btree_set on cit-Patents (prefix: cit-Patents) with batch size 10 and algorithm bfs
### Graph: /data/datasets/graphs/cit-Patents/cit-Patents.base.10.adj
### SET API ###
binary = 1
native map = 0
iteration = 1
native map_early_exit = 0
native parallel_map = 0
native native_parallel_map_early_exit = 0
supports modification
supports_get_memory_size = 0
### GRAPH API ###
n is suppoted as a function
m is stored
the graph is symmetric
degree is supported
supports basic map
parallel_map_neighbors is supported
map_neighbors_early_exit is supported
parallel_map_neighbors_early_exit is supported
supports insert_batch
don't have recent enough glibc to make a good guess
total bytes used = 0
### Threads: 128
### n: 6009555
### m: 33037795
>>> Begin -----------------------------
>>> Input_file /data/datasets/graphs/cit-Patents/cit-Patents.base.10.adj
>>> Batch_file /data/datasets/graphs/cit-Patents/cit-Patents.dynamic.10.el
>>> Batch_num 10
>>> Batch_size 10
>>> Alg BFS 
>>> Res: 
0.000023 0.015642
0.000025 0.011842
0.000028 0.011872
0.000026 0.011883
0.000027 0.011853
0.000027 0.011828
0.000026 0.011850
0.000026 0.011826
0.000026 0.011836
0.000026 0.011855
>>> End -----------------------------
--- scripts:  program finish, took 4
--- scripts:  Running run_absl_btree_set on cit-Patents (prefix: cit-Patents) with batch size 10 and algorithm pagerank
### Graph: /data/datasets/graphs/cit-Patents/cit-Patents.base.10.adj
### SET API ###
binary = 1
native map = 0
iteration = 1
native map_early_exit = 0
native parallel_map = 0
native native_parallel_map_early_exit = 0
supports modification
supports_get_memory_size = 0
### GRAPH API ###
n is suppoted as a function
m is stored
the graph is symmetric
degree is supported
supports basic map
parallel_map_neighbors is supported
map_neighbors_early_exit is supported
parallel_map_neighbors_early_exit is supported
supports insert_batch
don't have recent enough glibc to make a good guess
total bytes used = 0
### Threads: 128
### n: 6009555
### m: 33037795
>>> Begin -----------------------------
>>> Input_file /data/datasets/graphs/cit-Patents/cit-Patents.base.10.adj
>>> Batch_file /data/datasets/graphs/cit-Patents/cit-Patents.dynamic.10.el
>>> Batch_num 10
>>> Batch_size 10
>>> Alg PageRank 
>>> Res: 
0.000029 0.167397
0.000048 0.166623
0.000054 0.165205
0.000051 0.175204
0.000052 0.176114
0.000045 0.173314
0.000353 0.176262
0.000053 0.170625
0.000064 0.176127
0.000047 0.171923
>>> End -----------------------------
--- scripts:  program finish, took 11
--- scripts:  Running run_absl_btree_set on cit-Patents (prefix: cit-Patents) with batch size 10 and algorithm labelpropagation
### Graph: /data/datasets/graphs/cit-Patents/cit-Patents.base.10.adj
### SET API ###
binary = 1
native map = 0
iteration = 1
native map_early_exit = 0
native parallel_map = 0
native native_parallel_map_early_exit = 0
supports modification
supports_get_memory_size = 0
### GRAPH API ###
n is suppoted as a function
m is stored
the graph is symmetric
degree is supported
supports basic map
parallel_map_neighbors is supported
map_neighbors_early_exit is supported
parallel_map_neighbors_early_exit is supported
supports insert_batch
don't have recent enough glibc to make a good guess
total bytes used = 0
### Threads: 128
### n: 6009555
### m: 33037795
>>> Begin -----------------------------
>>> Input_file /data/datasets/graphs/cit-Patents/cit-Patents.base.10.adj
>>> Batch_file /data/datasets/graphs/cit-Patents/cit-Patents.dynamic.10.el
>>> Batch_num 10
>>> Batch_size 10
>>> Alg LabelPropagation 
>>> Res: 
0.000023 0.031484
0.000037 0.029197
0.000055 0.029320
0.000037 0.031056
0.000037 0.030013
0.000038 0.030146
0.000043 0.029840
0.000029 0.029860
0.000024 0.030211
0.000038 0.029650
>>> End -----------------------------
--- scripts:  program finish, took 5
--- scripts:  Running run_absl_btree_set on cit-Patents (prefix: cit-Patents) with batch size 10 and algorithm wbfs
### Graph: /data/datasets/graphs/cit-Patents/cit-Patents.base.10.adj
### SET API ###
binary = 1
native map = 0
iteration = 1
native map_early_exit = 0
native parallel_map = 0
native native_parallel_map_early_exit = 0
supports modification
supports_get_memory_size = 0
### GRAPH API ###
n is suppoted as a function
m is stored
the graph is symmetric
degree is supported
supports basic map
parallel_map_neighbors is supported
map_neighbors_early_exit is supported
parallel_map_neighbors_early_exit is supported
supports insert_batch
don't have recent enough glibc to make a good guess
total bytes used = 0
### Threads: 128
### n: 6009555
### m: 33037795
>>> Begin -----------------------------
>>> Input_file /data/datasets/graphs/cit-Patents/cit-Patents.base.10.adj
>>> Batch_file /data/datasets/graphs/cit-Patents/cit-Patents.dynamic.10.el
>>> Batch_num 10
>>> Batch_size 10
>>> Alg wBFS_unweighted 
>>> Res: 
0.000020 5.327094
0.000033 5.236981
0.000032 5.329186
0.000031 5.366496
0.000040 5.310941
0.000034 5.256980
0.000031 5.245981
0.000032 5.251497
0.000031 5.278196
0.000033 5.372993
>>> End -----------------------------
--- scripts:  program finish, took 216
--- scripts:  Running run_absl_btree_set on twitter-unique-undir (prefix: twitter) with batch size 10 and algorithm bfs
### Graph: /data/datasets/graphs/twitter/twitter-unique-undir.base.10.adj
### SET API ###
binary = 1
native map = 0
iteration = 1
native map_early_exit = 0
native parallel_map = 0
native native_parallel_map_early_exit = 0
supports modification
supports_get_memory_size = 0
### GRAPH API ###
n is suppoted as a function
m is stored
the graph is symmetric
degree is supported
supports basic map
parallel_map_neighbors is supported
map_neighbors_early_exit is supported
parallel_map_neighbors_early_exit is supported
supports insert_batch
don't have recent enough glibc to make a good guess
total bytes used = 0
### Threads: 128
### n: 41652231
### m: 2430498183
>>> Begin -----------------------------
>>> Input_file /data/datasets/graphs/twitter/twitter-unique-undir.base.10.adj
>>> Batch_file /data/datasets/graphs/twitter/twitter-unique-undir.dynamic.10.el
>>> Batch_num 10
>>> Batch_size 10
>>> Alg BFS 
>>> Res: 
0.000074 0.255518
0.000054 0.109315
0.000062 0.106169
0.000060 0.103562
0.000055 0.105805
0.000134 0.105730
0.000151 0.104564
0.000151 0.105213
0.000271 0.105257
0.000097 0.103172
>>> End -----------------------------
--- scripts:  program finish, took 190
--- scripts:  Running run_absl_btree_set on twitter-unique-undir (prefix: twitter) with batch size 10 and algorithm pagerank
### Graph: /data/datasets/graphs/twitter/twitter-unique-undir.base.10.adj
### SET API ###
binary = 1
native map = 0
iteration = 1
native map_early_exit = 0
native parallel_map = 0
native native_parallel_map_early_exit = 0
supports modification
supports_get_memory_size = 0
### GRAPH API ###
n is suppoted as a function
m is stored
the graph is symmetric
degree is supported
supports basic map
parallel_map_neighbors is supported
map_neighbors_early_exit is supported
parallel_map_neighbors_early_exit is supported
supports insert_batch
don't have recent enough glibc to make a good guess
total bytes used = 0
### Threads: 128
### n: 41652231
### m: 2430498183
>>> Begin -----------------------------
>>> Input_file /data/datasets/graphs/twitter/twitter-unique-undir.base.10.adj
>>> Batch_file /data/datasets/graphs/twitter/twitter-unique-undir.dynamic.10.el
>>> Batch_num 10
>>> Batch_size 10
>>> Alg PageRank 
>>> Res: 
0.000044 8.916272
0.000047 8.287978
0.000058 8.046834
0.000059 7.999395
0.000041 7.890824
0.000069 7.711847
0.000058 7.708810
0.000143 9.480747
0.000063 9.746593
0.000051 9.853313
>>> End -----------------------------
--- scripts:  program finish, took 518
--- scripts:  Running run_absl_btree_set on twitter-unique-undir (prefix: twitter) with batch size 10 and algorithm labelpropagation
### Graph: /data/datasets/graphs/twitter/twitter-unique-undir.base.10.adj
### SET API ###
binary = 1
native map = 0
iteration = 1
native map_early_exit = 0
native parallel_map = 0
native native_parallel_map_early_exit = 0
supports modification
supports_get_memory_size = 0
### GRAPH API ###
n is suppoted as a function
m is stored
the graph is symmetric
degree is supported
supports basic map
parallel_map_neighbors is supported
map_neighbors_early_exit is supported
parallel_map_neighbors_early_exit is supported
supports insert_batch
don't have recent enough glibc to make a good guess
total bytes used = 0
### Threads: 128
### n: 41652231
### m: 2430498183
>>> Begin -----------------------------
>>> Input_file /data/datasets/graphs/twitter/twitter-unique-undir.base.10.adj
>>> Batch_file /data/datasets/graphs/twitter/twitter-unique-undir.dynamic.10.el
>>> Batch_num 10
>>> Batch_size 10
>>> Alg LabelPropagation 
>>> Res: 
0.000119 1.285691
0.000053 1.118683
0.000066 1.137420
0.000053 1.128940
0.000065 1.123074
0.000064 1.133365
0.000072 1.129997
0.000091 1.119951
0.000120 1.119612
0.000068 1.113204
>>> End -----------------------------
--- scripts:  program finish, took 221
--- scripts:  Running run_absl_btree_set on twitter-unique-undir (prefix: twitter) with batch size 10 and algorithm wbfs
### Graph: /data/datasets/graphs/twitter/twitter-unique-undir.base.10.adj
### SET API ###
binary = 1
native map = 0
iteration = 1
native map_early_exit = 0
native parallel_map = 0
native native_parallel_map_early_exit = 0
supports modification
supports_get_memory_size = 0
### GRAPH API ###
n is suppoted as a function
m is stored
the graph is symmetric
degree is supported
supports basic map
parallel_map_neighbors is supported
map_neighbors_early_exit is supported
parallel_map_neighbors_early_exit is supported
supports insert_batch
don't have recent enough glibc to make a good guess
total bytes used = 0
### Threads: 128
### n: 41652231
### m: 2430498183
>>> Begin -----------------------------
>>> Input_file /data/datasets/graphs/twitter/twitter-unique-undir.base.10.adj
>>> Batch_file /data/datasets/graphs/twitter/twitter-unique-undir.dynamic.10.el
>>> Batch_num 10
>>> Batch_size 10
>>> Alg wBFS_unweighted 
>>> Res: 
0.000041 33.942975
0.000045 33.078375
0.000048 33.205169
0.000044 32.813262
0.000053 33.645640
0.000050 33.765015
0.000046 33.857514
0.000062 33.005936
0.000062 33.143176
0.000051 32.824477
>>> End -----------------------------
--- scripts:  program finish, took 1474
--- scripts:  Running run_absl_btree_set on com-friendster (prefix: friend) with batch size 10 and algorithm bfs
### Graph: /data/datasets/graphs/friend/com-friendster.base.10.adj
### SET API ###
binary = 1
native map = 0
iteration = 1
native map_early_exit = 0
native parallel_map = 0
native native_parallel_map_early_exit = 0
supports modification
supports_get_memory_size = 0
### GRAPH API ###
n is suppoted as a function
m is stored
the graph is symmetric
degree is supported
supports basic map
parallel_map_neighbors is supported
map_neighbors_early_exit is supported
parallel_map_neighbors_early_exit is supported
supports insert_batch
don't have recent enough glibc to make a good guess
total bytes used = 0
### Threads: 128
### n: 2586147870
### m: 3698831548
>>> Begin -----------------------------
>>> Input_file /data/datasets/graphs/friend/com-friendster.base.10.adj
>>> Batch_file /data/datasets/graphs/friend/com-friendster.dynamic.10.el
>>> Batch_num 10
>>> Batch_size 10
>>> Alg BFS 
>>> Res: 
0.000038 3.174095
0.000030 2.605992
0.000029 2.620893
0.000035 2.601818
0.000031 2.592854
0.000028 2.583278
0.000028 2.558149
0.000030 2.554112
0.000027 2.552909
0.000030 2.548550
>>> End -----------------------------
--- scripts:  program finish, took 499
--- scripts:  Running run_absl_btree_set on com-friendster (prefix: friend) with batch size 10 and algorithm pagerank
### Graph: /data/datasets/graphs/friend/com-friendster.base.10.adj
### SET API ###
binary = 1
native map = 0
iteration = 1
native map_early_exit = 0
native parallel_map = 0
native native_parallel_map_early_exit = 0
supports modification
supports_get_memory_size = 0
### GRAPH API ###
n is suppoted as a function
m is stored
the graph is symmetric
degree is supported
supports basic map
parallel_map_neighbors is supported
map_neighbors_early_exit is supported
parallel_map_neighbors_early_exit is supported
supports insert_batch
don't have recent enough glibc to make a good guess
total bytes used = 0
### Threads: 128
### n: 2586147870
### m: 3698831548
>>> Begin -----------------------------
>>> Input_file /data/datasets/graphs/friend/com-friendster.base.10.adj
>>> Batch_file /data/datasets/graphs/friend/com-friendster.dynamic.10.el
>>> Batch_num 10
>>> Batch_size 10
>>> Alg PageRank 
>>> Res: 
0.000025 23.010387
0.000039 24.218139
0.000041 22.276476
0.000047 21.388957
0.000045 20.233440
0.000039 20.127377
0.000067 21.526273
0.000038 21.027939
0.000044 18.703454
0.000042 19.211295
>>> End -----------------------------
--- scripts:  program finish, took 1261
--- scripts:  Running run_absl_btree_set on com-friendster (prefix: friend) with batch size 10 and algorithm labelpropagation
### Graph: /data/datasets/graphs/friend/com-friendster.base.10.adj
### SET API ###
binary = 1
native map = 0
iteration = 1
native map_early_exit = 0
native parallel_map = 0
native native_parallel_map_early_exit = 0
supports modification
supports_get_memory_size = 0
### GRAPH API ###
n is suppoted as a function
m is stored
the graph is symmetric
degree is supported
supports basic map
parallel_map_neighbors is supported
map_neighbors_early_exit is supported
parallel_map_neighbors_early_exit is supported
supports insert_batch
don't have recent enough glibc to make a good guess
total bytes used = 0
### Threads: 128
### n: 2586147870
### m: 3698831548
>>> Begin -----------------------------
>>> Input_file /data/datasets/graphs/friend/com-friendster.base.10.adj
>>> Batch_file /data/datasets/graphs/friend/com-friendster.dynamic.10.el
>>> Batch_num 10
>>> Batch_size 10
>>> Alg LabelPropagation 
>>> Res: 
0.000050 5.550553
0.000064 4.764939
0.000069 4.727803
0.000042 4.798719
0.000053 4.700192
0.000053 4.819914
0.000044 4.555015
0.000039 4.722668
0.000068 4.611130
0.000088 4.696557
>>> End -----------------------------
--- scripts:  program finish, took 571
--- scripts:  Running run_absl_btree_set on com-friendster (prefix: friend) with batch size 10 and algorithm wbfs
### Graph: /data/datasets/graphs/friend/com-friendster.base.10.adj
### SET API ###
binary = 1
native map = 0
iteration = 1
native map_early_exit = 0
native parallel_map = 0
native native_parallel_map_early_exit = 0
supports modification
supports_get_memory_size = 0
### GRAPH API ###
n is suppoted as a function
m is stored
the graph is symmetric
degree is supported
supports basic map
parallel_map_neighbors is supported
map_neighbors_early_exit is supported
parallel_map_neighbors_early_exit is supported
supports insert_batch
don't have recent enough glibc to make a good guess
total bytes used = 0
### Threads: 128
### n: 2586147870
### m: 3698831548
>>> Begin -----------------------------
>>> Input_file /data/datasets/graphs/friend/com-friendster.base.10.adj
>>> Batch_file /data/datasets/graphs/friend/com-friendster.dynamic.10.el
>>> Batch_num 10
>>> Batch_size 10
>>> Alg wBFS_unweighted 
>>> Res: 
0.000027 47.981200
0.000038 45.976028
0.000042 45.909149
0.000037 44.879396
0.000044 44.500389
0.000032 44.534755
0.000032 44.525280
0.000033 44.082997
0.000035 44.462946
0.000033 44.177064
>>> End -----------------------------
--- scripts:  program finish, took 2188
--- scripts:  Running run_absl_btree_set on soc-LiveJournal1 (prefix: live-journal) with batch size 100 and algorithm bfs
### Graph: /data/datasets/graphs/live-journal/soc-LiveJournal1.base.100.adj
### SET API ###
binary = 1
native map = 0
iteration = 1
native map_early_exit = 0
native parallel_map = 0
native native_parallel_map_early_exit = 0
supports modification
supports_get_memory_size = 0
### GRAPH API ###
n is suppoted as a function
m is stored
the graph is symmetric
degree is supported
supports basic map
parallel_map_neighbors is supported
map_neighbors_early_exit is supported
parallel_map_neighbors_early_exit is supported
supports insert_batch
don't have recent enough glibc to make a good guess
total bytes used = 0
### Threads: 128
### n: 4847571
### m: 86219856
>>> Begin -----------------------------
>>> Input_file /data/datasets/graphs/live-journal/soc-LiveJournal1.base.100.adj
>>> Batch_file /data/datasets/graphs/live-journal/soc-LiveJournal1.dynamic.100.el
>>> Batch_num 10
>>> Batch_size 100
>>> Alg BFS 
>>> Res: 
0.000027 0.019201
0.000043 0.010063
0.000040 0.007987
0.000047 0.007812
0.000046 0.007735
0.000044 0.008224
0.000047 0.007672
0.000046 0.007656
0.000042 0.008045
0.000041 0.007651
>>> End -----------------------------
--- scripts:  program finish, took 7
--- scripts:  Running run_absl_btree_set on soc-LiveJournal1 (prefix: live-journal) with batch size 100 and algorithm pagerank
### Graph: /data/datasets/graphs/live-journal/soc-LiveJournal1.base.100.adj
### SET API ###
binary = 1
native map = 0
iteration = 1
native map_early_exit = 0
native parallel_map = 0
native native_parallel_map_early_exit = 0
supports modification
supports_get_memory_size = 0
### GRAPH API ###
n is suppoted as a function
m is stored
the graph is symmetric
degree is supported
supports basic map
parallel_map_neighbors is supported
map_neighbors_early_exit is supported
parallel_map_neighbors_early_exit is supported
supports insert_batch
don't have recent enough glibc to make a good guess
total bytes used = 0
### Threads: 128
### n: 4847571
### m: 86219856
>>> Begin -----------------------------
>>> Input_file /data/datasets/graphs/live-journal/soc-LiveJournal1.base.100.adj
>>> Batch_file /data/datasets/graphs/live-journal/soc-LiveJournal1.dynamic.100.el
>>> Batch_num 10
>>> Batch_size 100
>>> Alg PageRank 
>>> Res: 
0.000024 0.234319
0.000041 0.224332
0.000041 0.221574
0.000040 0.221568
0.000048 0.225876
0.000048 0.236135
0.000063 0.230794
0.000043 0.228670
0.000040 0.233413
0.000044 0.220587
>>> End -----------------------------
--- scripts:  program finish, took 15
--- scripts:  Running run_absl_btree_set on soc-LiveJournal1 (prefix: live-journal) with batch size 100 and algorithm labelpropagation
### Graph: /data/datasets/graphs/live-journal/soc-LiveJournal1.base.100.adj
### SET API ###
binary = 1
native map = 0
iteration = 1
native map_early_exit = 0
native parallel_map = 0
native native_parallel_map_early_exit = 0
supports modification
supports_get_memory_size = 0
### GRAPH API ###
n is suppoted as a function
m is stored
the graph is symmetric
degree is supported
supports basic map
parallel_map_neighbors is supported
map_neighbors_early_exit is supported
parallel_map_neighbors_early_exit is supported
supports insert_batch
don't have recent enough glibc to make a good guess
total bytes used = 0
### Threads: 128
### n: 4847571
### m: 86219856
>>> Begin -----------------------------
>>> Input_file /data/datasets/graphs/live-journal/soc-LiveJournal1.base.100.adj
>>> Batch_file /data/datasets/graphs/live-journal/soc-LiveJournal1.dynamic.100.el
>>> Batch_num 10
>>> Batch_size 100
>>> Alg LabelPropagation 
>>> Res: 
0.000032 0.029396
0.000048 0.023890
0.000042 0.024354
0.000036 0.024661
0.000041 0.024139
0.000065 0.024120
0.000053 0.024384
0.000044 0.023891
0.000053 0.024123
0.000043 0.024064
>>> End -----------------------------
--- scripts:  program finish, took 8
--- scripts:  Running run_absl_btree_set on soc-LiveJournal1 (prefix: live-journal) with batch size 100 and algorithm wbfs
### Graph: /data/datasets/graphs/live-journal/soc-LiveJournal1.base.100.adj
### SET API ###
binary = 1
native map = 0
iteration = 1
native map_early_exit = 0
native parallel_map = 0
native native_parallel_map_early_exit = 0
supports modification
supports_get_memory_size = 0
### GRAPH API ###
n is suppoted as a function
m is stored
the graph is symmetric
degree is supported
supports basic map
parallel_map_neighbors is supported
map_neighbors_early_exit is supported
parallel_map_neighbors_early_exit is supported
supports insert_batch
don't have recent enough glibc to make a good guess
total bytes used = 0
### Threads: 128
### n: 4847571
### m: 86219856
>>> Begin -----------------------------
>>> Input_file /data/datasets/graphs/live-journal/soc-LiveJournal1.base.100.adj
>>> Batch_file /data/datasets/graphs/live-journal/soc-LiveJournal1.dynamic.100.el
>>> Batch_num 10
>>> Batch_size 100
>>> Alg wBFS_unweighted 
>>> Res: 
0.000031 5.304647
0.000044 5.218874
0.000044 5.200776
0.000558 5.225699
0.000060 5.191107
0.000065 5.121920
0.000044 5.084491
0.000050 5.091954
0.000050 5.109896
0.000043 5.298832
>>> End -----------------------------
--- scripts:  program finish, took 213
--- scripts:  Running run_absl_btree_set on com-orkut.ungraph (prefix: orkut) with batch size 100 and algorithm bfs
### Graph: /data/datasets/graphs/orkut/com-orkut.ungraph.base.100.adj
### SET API ###
binary = 1
native map = 0
iteration = 1
native map_early_exit = 0
native parallel_map = 0
native native_parallel_map_early_exit = 0
supports modification
supports_get_memory_size = 0
### GRAPH API ###
n is suppoted as a function
m is stored
the graph is symmetric
degree is supported
supports basic map
parallel_map_neighbors is supported
map_neighbors_early_exit is supported
parallel_map_neighbors_early_exit is supported
supports insert_batch
don't have recent enough glibc to make a good guess
total bytes used = 0
### Threads: 128
### n: 3072627
### m: 234369166
>>> Begin -----------------------------
>>> Input_file /data/datasets/graphs/orkut/com-orkut.ungraph.base.100.adj
>>> Batch_file /data/datasets/graphs/orkut/com-orkut.ungraph.dynamic.100.el
>>> Batch_num 10
>>> Batch_size 100
>>> Alg BFS 
>>> Res: 
0.000050 0.038563
0.000035 0.007299
0.000056 0.006894
0.000041 0.006645
0.000039 0.007660
0.000044 0.006821
0.000036 0.006802
0.000042 0.006754
0.000036 0.007014
0.000037 0.006789
>>> End -----------------------------
--- scripts:  program finish, took 19
--- scripts:  Running run_absl_btree_set on com-orkut.ungraph (prefix: orkut) with batch size 100 and algorithm pagerank
### Graph: /data/datasets/graphs/orkut/com-orkut.ungraph.base.100.adj
### SET API ###
binary = 1
native map = 0
iteration = 1
native map_early_exit = 0
native parallel_map = 0
native native_parallel_map_early_exit = 0
supports modification
supports_get_memory_size = 0
### GRAPH API ###
n is suppoted as a function
m is stored
the graph is symmetric
degree is supported
supports basic map
parallel_map_neighbors is supported
map_neighbors_early_exit is supported
parallel_map_neighbors_early_exit is supported
supports insert_batch
don't have recent enough glibc to make a good guess
total bytes used = 0
### Threads: 128
### n: 3072627
### m: 234369166
>>> Begin -----------------------------
>>> Input_file /data/datasets/graphs/orkut/com-orkut.ungraph.base.100.adj
>>> Batch_file /data/datasets/graphs/orkut/com-orkut.ungraph.dynamic.100.el
>>> Batch_num 10
>>> Batch_size 100
>>> Alg PageRank 
>>> Res: 
0.000034 0.322536
0.000040 0.304834
0.000041 0.303342
0.000036 0.312700
0.000040 0.310522
0.000047 0.311385
0.000049 0.311709
0.000053 0.311083
0.000050 0.314696
0.000054 0.311310
>>> End -----------------------------
--- scripts:  program finish, took 27
--- scripts:  Running run_absl_btree_set on com-orkut.ungraph (prefix: orkut) with batch size 100 and algorithm labelpropagation
### Graph: /data/datasets/graphs/orkut/com-orkut.ungraph.base.100.adj
### SET API ###
binary = 1
native map = 0
iteration = 1
native map_early_exit = 0
native parallel_map = 0
native native_parallel_map_early_exit = 0
supports modification
supports_get_memory_size = 0
### GRAPH API ###
n is suppoted as a function
m is stored
the graph is symmetric
degree is supported
supports basic map
parallel_map_neighbors is supported
map_neighbors_early_exit is supported
parallel_map_neighbors_early_exit is supported
supports insert_batch
don't have recent enough glibc to make a good guess
total bytes used = 0
### Threads: 128
### n: 3072627
### m: 234369166
>>> Begin -----------------------------
>>> Input_file /data/datasets/graphs/orkut/com-orkut.ungraph.base.100.adj
>>> Batch_file /data/datasets/graphs/orkut/com-orkut.ungraph.dynamic.100.el
>>> Batch_num 10
>>> Batch_size 100
>>> Alg LabelPropagation 
>>> Res: 
0.000030 0.050448
0.000045 0.039379
0.000038 0.039445
0.000038 0.039862
0.000049 0.039904
0.000053 0.039304
0.000039 0.039663
0.000048 0.039115
0.000041 0.039606
0.000053 0.040152
>>> End -----------------------------
--- scripts:  program finish, took 16
--- scripts:  Running run_absl_btree_set on com-orkut.ungraph (prefix: orkut) with batch size 100 and algorithm wbfs
### Graph: /data/datasets/graphs/orkut/com-orkut.ungraph.base.100.adj
### SET API ###
binary = 1
native map = 0
iteration = 1
native map_early_exit = 0
native parallel_map = 0
native native_parallel_map_early_exit = 0
supports modification
supports_get_memory_size = 0
### GRAPH API ###
n is suppoted as a function
m is stored
the graph is symmetric
degree is supported
supports basic map
parallel_map_neighbors is supported
map_neighbors_early_exit is supported
parallel_map_neighbors_early_exit is supported
supports insert_batch
don't have recent enough glibc to make a good guess
total bytes used = 0
### Threads: 128
### n: 3072627
### m: 234369166
>>> Begin -----------------------------
>>> Input_file /data/datasets/graphs/orkut/com-orkut.ungraph.base.100.adj
>>> Batch_file /data/datasets/graphs/orkut/com-orkut.ungraph.dynamic.100.el
>>> Batch_num 10
>>> Batch_size 100
>>> Alg wBFS_unweighted 
>>> Res: 
0.000032 3.868984
0.000041 3.740540
0.000040 3.658814
0.000040 3.697491
0.000046 3.663137
0.000049 3.654161
0.000044 3.660805
0.000051 3.668574
0.000381 4.022900
0.000050 3.709046
>>> End -----------------------------
--- scripts:  program finish, took 165
--- scripts:  Running run_absl_btree_set on cit-Patents (prefix: cit-Patents) with batch size 100 and algorithm bfs
### Graph: /data/datasets/graphs/cit-Patents/cit-Patents.base.100.adj
### SET API ###
binary = 1
native map = 0
iteration = 1
native map_early_exit = 0
native parallel_map = 0
native native_parallel_map_early_exit = 0
supports modification
supports_get_memory_size = 0
### GRAPH API ###
n is suppoted as a function
m is stored
the graph is symmetric
degree is supported
supports basic map
parallel_map_neighbors is supported
map_neighbors_early_exit is supported
parallel_map_neighbors_early_exit is supported
supports insert_batch
don't have recent enough glibc to make a good guess
total bytes used = 0
### Threads: 128
### n: 6009555
### m: 33036895
>>> Begin -----------------------------
>>> Input_file /data/datasets/graphs/cit-Patents/cit-Patents.base.100.adj
>>> Batch_file /data/datasets/graphs/cit-Patents/cit-Patents.dynamic.100.el
>>> Batch_num 10
>>> Batch_size 100
>>> Alg BFS 
>>> Res: 
0.000027 0.017214
0.000032 0.011023
0.000036 0.010922
0.000037 0.010920
0.000034 0.010875
0.000033 0.011497
0.000033 0.012060
0.000036 0.011031
0.000036 0.010866
0.000033 0.010929
>>> End -----------------------------
--- scripts:  program finish, took 5
--- scripts:  Running run_absl_btree_set on cit-Patents (prefix: cit-Patents) with batch size 100 and algorithm pagerank
### Graph: /data/datasets/graphs/cit-Patents/cit-Patents.base.100.adj
### SET API ###
binary = 1
native map = 0
iteration = 1
native map_early_exit = 0
native parallel_map = 0
native native_parallel_map_early_exit = 0
supports modification
supports_get_memory_size = 0
### GRAPH API ###
n is suppoted as a function
m is stored
the graph is symmetric
degree is supported
supports basic map
parallel_map_neighbors is supported
map_neighbors_early_exit is supported
parallel_map_neighbors_early_exit is supported
supports insert_batch
don't have recent enough glibc to make a good guess
total bytes used = 0
### Threads: 128
### n: 6009555
### m: 33036895
>>> Begin -----------------------------
>>> Input_file /data/datasets/graphs/cit-Patents/cit-Patents.base.100.adj
>>> Batch_file /data/datasets/graphs/cit-Patents/cit-Patents.dynamic.100.el
>>> Batch_num 10
>>> Batch_size 100
>>> Alg PageRank 
>>> Res: 
0.000026 0.168825
0.000036 0.171140
0.000042 0.180449
0.000041 0.191936
0.000046 0.182745
0.000041 0.175375
0.000044 0.169031
0.000046 0.173190
0.000043 0.173187
0.000074 0.161251
>>> End -----------------------------
--- scripts:  program finish, took 10
--- scripts:  Running run_absl_btree_set on cit-Patents (prefix: cit-Patents) with batch size 100 and algorithm labelpropagation
### Graph: /data/datasets/graphs/cit-Patents/cit-Patents.base.100.adj
### SET API ###
binary = 1
native map = 0
iteration = 1
native map_early_exit = 0
native parallel_map = 0
native native_parallel_map_early_exit = 0
supports modification
supports_get_memory_size = 0
### GRAPH API ###
n is suppoted as a function
m is stored
the graph is symmetric
degree is supported
supports basic map
parallel_map_neighbors is supported
map_neighbors_early_exit is supported
parallel_map_neighbors_early_exit is supported
supports insert_batch
don't have recent enough glibc to make a good guess
total bytes used = 0
### Threads: 128
### n: 6009555
### m: 33036895
>>> Begin -----------------------------
>>> Input_file /data/datasets/graphs/cit-Patents/cit-Patents.base.100.adj
>>> Batch_file /data/datasets/graphs/cit-Patents/cit-Patents.dynamic.100.el
>>> Batch_num 10
>>> Batch_size 100
>>> Alg LabelPropagation 
>>> Res: 
0.000028 0.024335
0.000042 0.022629
0.000044 0.023445
0.000042 0.023101
0.000046 0.023169
0.000044 0.023332
0.000043 0.022884
0.000039 0.023170
0.000039 0.023237
0.000045 0.022833
>>> End -----------------------------
--- scripts:  program finish, took 5
--- scripts:  Running run_absl_btree_set on cit-Patents (prefix: cit-Patents) with batch size 100 and algorithm wbfs
### Graph: /data/datasets/graphs/cit-Patents/cit-Patents.base.100.adj
### SET API ###
binary = 1
native map = 0
iteration = 1
native map_early_exit = 0
native parallel_map = 0
native native_parallel_map_early_exit = 0
supports modification
supports_get_memory_size = 0
### GRAPH API ###
n is suppoted as a function
m is stored
the graph is symmetric
degree is supported
supports basic map
parallel_map_neighbors is supported
map_neighbors_early_exit is supported
parallel_map_neighbors_early_exit is supported
supports insert_batch
don't have recent enough glibc to make a good guess
total bytes used = 0
### Threads: 128
### n: 6009555
### m: 33036895
>>> Begin -----------------------------
>>> Input_file /data/datasets/graphs/cit-Patents/cit-Patents.base.100.adj
>>> Batch_file /data/datasets/graphs/cit-Patents/cit-Patents.dynamic.100.el
>>> Batch_num 10
>>> Batch_size 100
>>> Alg wBFS_unweighted 
>>> Res: 
0.000026 5.403326
0.000048 5.348522
0.000063 5.870868
0.000052 5.467103
0.000234 5.338042
0.000434 5.369191
0.000044 5.349848
0.000060 5.387189
0.000046 5.422620
0.000046 5.410986
>>> End -----------------------------
--- scripts:  program finish, took 221
--- scripts:  Running run_absl_btree_set on twitter-unique-undir (prefix: twitter) with batch size 100 and algorithm bfs
### Graph: /data/datasets/graphs/twitter/twitter-unique-undir.base.100.adj
### SET API ###
binary = 1
native map = 0
iteration = 1
native map_early_exit = 0
native parallel_map = 0
native native_parallel_map_early_exit = 0
supports modification
supports_get_memory_size = 0
### GRAPH API ###
n is suppoted as a function
m is stored
the graph is symmetric
degree is supported
supports basic map
parallel_map_neighbors is supported
map_neighbors_early_exit is supported
parallel_map_neighbors_early_exit is supported
supports insert_batch
don't have recent enough glibc to make a good guess
total bytes used = 0
### Threads: 128
### n: 41652231
### m: 2430497283
>>> Begin -----------------------------
>>> Input_file /data/datasets/graphs/twitter/twitter-unique-undir.base.100.adj
>>> Batch_file /data/datasets/graphs/twitter/twitter-unique-undir.dynamic.100.el
>>> Batch_num 10
>>> Batch_size 100
>>> Alg BFS 
>>> Res: 
0.000466 0.222845
0.000684 0.105373
0.000379 0.102711
0.000222 0.104338
0.000328 0.103411
0.000490 0.104778
0.000271 0.104501
0.000417 0.103981
0.000366 0.103519
0.000752 0.101347
>>> End -----------------------------
--- scripts:  program finish, took 131
--- scripts:  Running run_absl_btree_set on twitter-unique-undir (prefix: twitter) with batch size 100 and algorithm pagerank
### Graph: /data/datasets/graphs/twitter/twitter-unique-undir.base.100.adj
### SET API ###
binary = 1
native map = 0
iteration = 1
native map_early_exit = 0
native parallel_map = 0
native native_parallel_map_early_exit = 0
supports modification
supports_get_memory_size = 0
### GRAPH API ###
n is suppoted as a function
m is stored
the graph is symmetric
degree is supported
supports basic map
parallel_map_neighbors is supported
map_neighbors_early_exit is supported
parallel_map_neighbors_early_exit is supported
supports insert_batch
don't have recent enough glibc to make a good guess
total bytes used = 0
### Threads: 128
### n: 41652231
### m: 2430497283
>>> Begin -----------------------------
>>> Input_file /data/datasets/graphs/twitter/twitter-unique-undir.base.100.adj
>>> Batch_file /data/datasets/graphs/twitter/twitter-unique-undir.dynamic.100.el
>>> Batch_num 10
>>> Batch_size 100
>>> Alg PageRank 
>>> Res: 
0.000089 7.081239
0.000087 7.006780
0.000054 6.990724
0.000096 6.985884
0.000088 6.985711
0.000092 6.982384
0.000103 6.934602
0.000112 6.669783
0.000130 6.644467
0.000140 6.660815
>>> End -----------------------------
--- scripts:  program finish, took 392
--- scripts:  Running run_absl_btree_set on twitter-unique-undir (prefix: twitter) with batch size 100 and algorithm labelpropagation
### Graph: /data/datasets/graphs/twitter/twitter-unique-undir.base.100.adj
### SET API ###
binary = 1
native map = 0
iteration = 1
native map_early_exit = 0
native parallel_map = 0
native native_parallel_map_early_exit = 0
supports modification
supports_get_memory_size = 0
### GRAPH API ###
n is suppoted as a function
m is stored
the graph is symmetric
degree is supported
supports basic map
parallel_map_neighbors is supported
map_neighbors_early_exit is supported
parallel_map_neighbors_early_exit is supported
supports insert_batch
don't have recent enough glibc to make a good guess
total bytes used = 0
### Threads: 128
### n: 41652231
### m: 2430497283
>>> Begin -----------------------------
>>> Input_file /data/datasets/graphs/twitter/twitter-unique-undir.base.100.adj
>>> Batch_file /data/datasets/graphs/twitter/twitter-unique-undir.dynamic.100.el
>>> Batch_num 10
>>> Batch_size 100
>>> Alg LabelPropagation 
>>> Res: 
0.000159 0.947361
0.000076 0.856463
0.000103 0.860433
0.000113 0.858245
0.000116 0.861822
0.000112 0.849272
0.000123 0.860126
0.000106 0.853350
0.000105 0.852429
0.000278 0.863909
>>> End -----------------------------
--- scripts:  program finish, took 178
--- scripts:  Running run_absl_btree_set on twitter-unique-undir (prefix: twitter) with batch size 100 and algorithm wbfs
### Graph: /data/datasets/graphs/twitter/twitter-unique-undir.base.100.adj
### SET API ###
binary = 1
native map = 0
iteration = 1
native map_early_exit = 0
native parallel_map = 0
native native_parallel_map_early_exit = 0
supports modification
supports_get_memory_size = 0
### GRAPH API ###
n is suppoted as a function
m is stored
the graph is symmetric
degree is supported
supports basic map
parallel_map_neighbors is supported
map_neighbors_early_exit is supported
parallel_map_neighbors_early_exit is supported
supports insert_batch
don't have recent enough glibc to make a good guess
total bytes used = 0
### Threads: 128
### n: 41652231
### m: 2430497283
>>> Begin -----------------------------
>>> Input_file /data/datasets/graphs/twitter/twitter-unique-undir.base.100.adj
>>> Batch_file /data/datasets/graphs/twitter/twitter-unique-undir.dynamic.100.el
>>> Batch_num 10
>>> Batch_size 100
>>> Alg wBFS_unweighted 
>>> Res: 
0.000123 32.871364
0.000189 33.154404
0.000103 32.950817
0.000081 32.389395
0.000064 32.717917
0.000086 34.150118
0.000115 32.729546
0.000068 31.800088
0.000089 31.827712
0.000077 31.718415
>>> End -----------------------------
--- scripts:  program finish, took 1419
--- scripts:  Running run_absl_btree_set on com-friendster (prefix: friend) with batch size 100 and algorithm bfs
### Graph: /data/datasets/graphs/friend/com-friendster.base.100.adj
### SET API ###
binary = 1
native map = 0
iteration = 1
native map_early_exit = 0
native parallel_map = 0
native native_parallel_map_early_exit = 0
supports modification
supports_get_memory_size = 0
### GRAPH API ###
n is suppoted as a function
m is stored
the graph is symmetric
degree is supported
supports basic map
parallel_map_neighbors is supported
map_neighbors_early_exit is supported
parallel_map_neighbors_early_exit is supported
supports insert_batch
don't have recent enough glibc to make a good guess
total bytes used = 0
### Threads: 128
### n: 2586147870
### m: 3698830648
>>> Begin -----------------------------
>>> Input_file /data/datasets/graphs/friend/com-friendster.base.100.adj
>>> Batch_file /data/datasets/graphs/friend/com-friendster.dynamic.100.el
>>> Batch_num 10
>>> Batch_size 100
>>> Alg BFS 
>>> Res: 
0.000121 4.676824
0.000040 2.124013
0.000046 2.111033
0.000043 2.140945
0.000053 2.134144
0.000048 2.103739
0.000044 2.120572
0.000043 2.099037
0.000044 2.085631
0.000046 2.094215
>>> End -----------------------------
--- scripts:  program finish, took 480
--- scripts:  Running run_absl_btree_set on com-friendster (prefix: friend) with batch size 100 and algorithm pagerank
### Graph: /data/datasets/graphs/friend/com-friendster.base.100.adj
### SET API ###
binary = 1
native map = 0
iteration = 1
native map_early_exit = 0
native parallel_map = 0
native native_parallel_map_early_exit = 0
supports modification
supports_get_memory_size = 0
### GRAPH API ###
n is suppoted as a function
m is stored
the graph is symmetric
degree is supported
supports basic map
parallel_map_neighbors is supported
map_neighbors_early_exit is supported
parallel_map_neighbors_early_exit is supported
supports insert_batch
don't have recent enough glibc to make a good guess
total bytes used = 0
### Threads: 128
### n: 2586147870
### m: 3698830648
>>> Begin -----------------------------
>>> Input_file /data/datasets/graphs/friend/com-friendster.base.100.adj
>>> Batch_file /data/datasets/graphs/friend/com-friendster.dynamic.100.el
>>> Batch_num 10
>>> Batch_size 100
>>> Alg PageRank 
>>> Res: 
0.000033 56.208860
0.000055 67.395234
0.000050 84.713095
0.000053 81.488783
0.000053 91.460730
0.000062 80.798278
0.000051 65.485343
0.000058 70.887939
0.000047 71.132870
0.000058 40.036976
>>> End -----------------------------
--- scripts:  program finish, took 3173
--- scripts:  Running run_absl_btree_set on com-friendster (prefix: friend) with batch size 100 and algorithm labelpropagation
### Graph: /data/datasets/graphs/friend/com-friendster.base.100.adj
### SET API ###
binary = 1
native map = 0
iteration = 1
native map_early_exit = 0
native parallel_map = 0
native native_parallel_map_early_exit = 0
supports modification
supports_get_memory_size = 0
### GRAPH API ###
n is suppoted as a function
m is stored
the graph is symmetric
degree is supported
supports basic map
parallel_map_neighbors is supported
map_neighbors_early_exit is supported
parallel_map_neighbors_early_exit is supported
supports insert_batch
don't have recent enough glibc to make a good guess
total bytes used = 0
### Threads: 128
### n: 2586147870
### m: 3698830648
>>> Begin -----------------------------
>>> Input_file /data/datasets/graphs/friend/com-friendster.base.100.adj
>>> Batch_file /data/datasets/graphs/friend/com-friendster.dynamic.100.el
>>> Batch_num 10
>>> Batch_size 100
>>> Alg LabelPropagation 
>>> Res: 
0.000030 6.042943
0.000059 5.228514
0.000041 5.225611
0.000080 5.178061
0.000056 5.244080
0.000053 5.040205
0.000088 5.156758
0.000092 5.106445
0.000073 5.049913
0.000069 5.046317
>>> End -----------------------------
--- scripts:  program finish, took 574
--- scripts:  Running run_absl_btree_set on com-friendster (prefix: friend) with batch size 100 and algorithm wbfs
### Graph: /data/datasets/graphs/friend/com-friendster.base.100.adj
### SET API ###
binary = 1
native map = 0
iteration = 1
native map_early_exit = 0
native parallel_map = 0
native native_parallel_map_early_exit = 0
supports modification
supports_get_memory_size = 0
### GRAPH API ###
n is suppoted as a function
m is stored
the graph is symmetric
degree is supported
supports basic map
parallel_map_neighbors is supported
map_neighbors_early_exit is supported
parallel_map_neighbors_early_exit is supported
supports insert_batch
don't have recent enough glibc to make a good guess
total bytes used = 0
### Threads: 128
### n: 2586147870
### m: 3698830648
>>> Begin -----------------------------
>>> Input_file /data/datasets/graphs/friend/com-friendster.base.100.adj
>>> Batch_file /data/datasets/graphs/friend/com-friendster.dynamic.100.el
>>> Batch_num 10
>>> Batch_size 100
>>> Alg wBFS_unweighted 
>>> Res: 
0.000032 48.673362
0.000048 49.000395
0.000048 48.032404
0.000053 48.647455
0.000044 49.131802
0.000050 49.119383
0.000041 49.690954
0.000051 49.051491
0.000047 48.858608
0.000340 49.169075
>>> End -----------------------------
--- scripts:  program finish, took 2332
--- scripts:  Running run_absl_btree_set on soc-LiveJournal1 (prefix: live-journal) with batch size 1000 and algorithm bfs
### Graph: /data/datasets/graphs/live-journal/soc-LiveJournal1.base.1000.adj
### SET API ###
binary = 1
native map = 0
iteration = 1
native map_early_exit = 0
native parallel_map = 0
native native_parallel_map_early_exit = 0
supports modification
supports_get_memory_size = 0
### GRAPH API ###
n is suppoted as a function
m is stored
the graph is symmetric
degree is supported
supports basic map
parallel_map_neighbors is supported
map_neighbors_early_exit is supported
parallel_map_neighbors_early_exit is supported
supports insert_batch
don't have recent enough glibc to make a good guess
total bytes used = 0
### Threads: 128
### n: 4847571
### m: 86210856
>>> Begin -----------------------------
>>> Input_file /data/datasets/graphs/live-journal/soc-LiveJournal1.base.1000.adj
>>> Batch_file /data/datasets/graphs/live-journal/soc-LiveJournal1.dynamic.1000.el
>>> Batch_num 10
>>> Batch_size 1000
>>> Alg BFS 
>>> Res: 
0.000097 0.018436
0.000121 0.009568
0.000106 0.009661
0.000113 0.009592
0.000120 0.009503
0.000110 0.009542
0.000119 0.009642
0.000122 0.009478
0.000115 0.009548
0.000108 0.009610
>>> End -----------------------------
--- scripts:  program finish, took 7
--- scripts:  Running run_absl_btree_set on soc-LiveJournal1 (prefix: live-journal) with batch size 1000 and algorithm pagerank
### Graph: /data/datasets/graphs/live-journal/soc-LiveJournal1.base.1000.adj
### SET API ###
binary = 1
native map = 0
iteration = 1
native map_early_exit = 0
native parallel_map = 0
native native_parallel_map_early_exit = 0
supports modification
supports_get_memory_size = 0
### GRAPH API ###
n is suppoted as a function
m is stored
the graph is symmetric
degree is supported
supports basic map
parallel_map_neighbors is supported
map_neighbors_early_exit is supported
parallel_map_neighbors_early_exit is supported
supports insert_batch
don't have recent enough glibc to make a good guess
total bytes used = 0
### Threads: 128
### n: 4847571
### m: 86210856
>>> Begin -----------------------------
>>> Input_file /data/datasets/graphs/live-journal/soc-LiveJournal1.base.1000.adj
>>> Batch_file /data/datasets/graphs/live-journal/soc-LiveJournal1.dynamic.1000.el
>>> Batch_num 10
>>> Batch_size 1000
>>> Alg PageRank 
>>> Res: 
0.000080 0.191364
0.000097 0.186983
0.000092 0.188005
0.000097 0.206391
0.000371 0.205881
0.000098 0.208499
0.000184 0.200531
0.000296 0.198983
0.000109 0.206198
0.000103 0.198546
>>> End -----------------------------
--- scripts:  program finish, took 15
--- scripts:  Running run_absl_btree_set on soc-LiveJournal1 (prefix: live-journal) with batch size 1000 and algorithm labelpropagation
### Graph: /data/datasets/graphs/live-journal/soc-LiveJournal1.base.1000.adj
### SET API ###
binary = 1
native map = 0
iteration = 1
native map_early_exit = 0
native parallel_map = 0
native native_parallel_map_early_exit = 0
supports modification
supports_get_memory_size = 0
### GRAPH API ###
n is suppoted as a function
m is stored
the graph is symmetric
degree is supported
supports basic map
parallel_map_neighbors is supported
map_neighbors_early_exit is supported
parallel_map_neighbors_early_exit is supported
supports insert_batch
don't have recent enough glibc to make a good guess
total bytes used = 0
### Threads: 128
### n: 4847571
### m: 86210856
>>> Begin -----------------------------
>>> Input_file /data/datasets/graphs/live-journal/soc-LiveJournal1.base.1000.adj
>>> Batch_file /data/datasets/graphs/live-journal/soc-LiveJournal1.dynamic.1000.el
>>> Batch_num 10
>>> Batch_size 1000
>>> Alg LabelPropagation 
>>> Res: 
0.000083 0.029473
0.000102 0.024098
0.000116 0.024324
0.000113 0.024130
0.000116 0.024411
0.000098 0.024142
0.000125 0.024393
0.000147 0.024329
0.000120 0.024105
0.000134 0.024012
>>> End -----------------------------
--- scripts:  program finish, took 7
--- scripts:  Running run_absl_btree_set on soc-LiveJournal1 (prefix: live-journal) with batch size 1000 and algorithm wbfs
### Graph: /data/datasets/graphs/live-journal/soc-LiveJournal1.base.1000.adj
### SET API ###
binary = 1
native map = 0
iteration = 1
native map_early_exit = 0
native parallel_map = 0
native native_parallel_map_early_exit = 0
supports modification
supports_get_memory_size = 0
### GRAPH API ###
n is suppoted as a function
m is stored
the graph is symmetric
degree is supported
supports basic map
parallel_map_neighbors is supported
map_neighbors_early_exit is supported
parallel_map_neighbors_early_exit is supported
supports insert_batch
don't have recent enough glibc to make a good guess
total bytes used = 0
### Threads: 128
### n: 4847571
### m: 86210856
>>> Begin -----------------------------
>>> Input_file /data/datasets/graphs/live-journal/soc-LiveJournal1.base.1000.adj
>>> Batch_file /data/datasets/graphs/live-journal/soc-LiveJournal1.dynamic.1000.el
>>> Batch_num 10
>>> Batch_size 1000
>>> Alg wBFS_unweighted 
>>> Res: 
0.000092 5.188855
0.000341 5.086362
0.000119 5.046968
0.000109 5.272554
0.000423 5.051885
0.000102 4.996614
0.000090 5.005271
0.000091 4.993180
0.000096 4.984209
0.000094 5.151907
>>> End -----------------------------
--- scripts:  program finish, took 209
--- scripts:  Running run_absl_btree_set on com-orkut.ungraph (prefix: orkut) with batch size 1000 and algorithm bfs
### Graph: /data/datasets/graphs/orkut/com-orkut.ungraph.base.1000.adj
### SET API ###
binary = 1
native map = 0
iteration = 1
native map_early_exit = 0
native parallel_map = 0
native native_parallel_map_early_exit = 0
supports modification
supports_get_memory_size = 0
### GRAPH API ###
n is suppoted as a function
m is stored
the graph is symmetric
degree is supported
supports basic map
parallel_map_neighbors is supported
map_neighbors_early_exit is supported
parallel_map_neighbors_early_exit is supported
supports insert_batch
don't have recent enough glibc to make a good guess
total bytes used = 0
### Threads: 128
### n: 3072627
### m: 234360166
>>> Begin -----------------------------
>>> Input_file /data/datasets/graphs/orkut/com-orkut.ungraph.base.1000.adj
>>> Batch_file /data/datasets/graphs/orkut/com-orkut.ungraph.dynamic.1000.el
>>> Batch_num 10
>>> Batch_size 1000
>>> Alg BFS 
>>> Res: 
0.000101 0.014602
0.000095 0.007049
0.000092 0.006812
0.000119 0.006910
0.000105 0.006793
0.000084 0.006934
0.000091 0.006846
0.000094 0.006947
0.000092 0.006857
0.000095 0.006839
>>> End -----------------------------
--- scripts:  program finish, took 14
--- scripts:  Running run_absl_btree_set on com-orkut.ungraph (prefix: orkut) with batch size 1000 and algorithm pagerank
### Graph: /data/datasets/graphs/orkut/com-orkut.ungraph.base.1000.adj
### SET API ###
binary = 1
native map = 0
iteration = 1
native map_early_exit = 0
native parallel_map = 0
native native_parallel_map_early_exit = 0
supports modification
supports_get_memory_size = 0
### GRAPH API ###
n is suppoted as a function
m is stored
the graph is symmetric
degree is supported
supports basic map
parallel_map_neighbors is supported
map_neighbors_early_exit is supported
parallel_map_neighbors_early_exit is supported
supports insert_batch
don't have recent enough glibc to make a good guess
total bytes used = 0
### Threads: 128
### n: 3072627
### m: 234360166
>>> Begin -----------------------------
>>> Input_file /data/datasets/graphs/orkut/com-orkut.ungraph.base.1000.adj
>>> Batch_file /data/datasets/graphs/orkut/com-orkut.ungraph.dynamic.1000.el
>>> Batch_num 10
>>> Batch_size 1000
>>> Alg PageRank 
>>> Res: 
0.000075 0.305191
0.000111 0.306674
0.000099 0.302976
0.000106 0.303051
0.000104 0.302862
0.000102 0.305024
0.000098 0.304665
0.000105 0.301266
0.000101 0.303475
0.000108 0.238322
>>> End -----------------------------
--- scripts:  program finish, took 25
--- scripts:  Running run_absl_btree_set on com-orkut.ungraph (prefix: orkut) with batch size 1000 and algorithm labelpropagation
### Graph: /data/datasets/graphs/orkut/com-orkut.ungraph.base.1000.adj
### SET API ###
binary = 1
native map = 0
iteration = 1
native map_early_exit = 0
native parallel_map = 0
native native_parallel_map_early_exit = 0
supports modification
supports_get_memory_size = 0
### GRAPH API ###
n is suppoted as a function
m is stored
the graph is symmetric
degree is supported
supports basic map
parallel_map_neighbors is supported
map_neighbors_early_exit is supported
parallel_map_neighbors_early_exit is supported
supports insert_batch
don't have recent enough glibc to make a good guess
total bytes used = 0
### Threads: 128
### n: 3072627
### m: 234360166
>>> Begin -----------------------------
>>> Input_file /data/datasets/graphs/orkut/com-orkut.ungraph.base.1000.adj
>>> Batch_file /data/datasets/graphs/orkut/com-orkut.ungraph.dynamic.1000.el
>>> Batch_num 10
>>> Batch_size 1000
>>> Alg LabelPropagation 
>>> Res: 
0.000097 0.051414
0.000114 0.049205
0.000107 0.047275
0.000111 0.046283
0.000120 0.046941
0.000120 0.046266
0.000132 0.046499
0.000124 0.046838
0.000216 0.046767
0.000151 0.046468
>>> End -----------------------------
--- scripts:  program finish, took 16
--- scripts:  Running run_absl_btree_set on com-orkut.ungraph (prefix: orkut) with batch size 1000 and algorithm wbfs
### Graph: /data/datasets/graphs/orkut/com-orkut.ungraph.base.1000.adj
### SET API ###
binary = 1
native map = 0
iteration = 1
native map_early_exit = 0
native parallel_map = 0
native native_parallel_map_early_exit = 0
supports modification
supports_get_memory_size = 0
### GRAPH API ###
n is suppoted as a function
m is stored
the graph is symmetric
degree is supported
supports basic map
parallel_map_neighbors is supported
map_neighbors_early_exit is supported
parallel_map_neighbors_early_exit is supported
supports insert_batch
don't have recent enough glibc to make a good guess
total bytes used = 0
### Threads: 128
### n: 3072627
### m: 234360166
>>> Begin -----------------------------
>>> Input_file /data/datasets/graphs/orkut/com-orkut.ungraph.base.1000.adj
>>> Batch_file /data/datasets/graphs/orkut/com-orkut.ungraph.dynamic.1000.el
>>> Batch_num 10
>>> Batch_size 1000
>>> Alg wBFS_unweighted 
>>> Res: 
0.000084 3.825638
0.000603 3.759311
0.000567 3.710771
0.000124 3.566453
0.000127 3.685423
0.000587 3.554622
0.000126 3.555610
0.000129 3.546710
0.000181 3.540176
0.000121 3.546795
>>> End -----------------------------
--- scripts:  program finish, took 159
--- scripts:  Running run_absl_btree_set on cit-Patents (prefix: cit-Patents) with batch size 1000 and algorithm bfs
### Graph: /data/datasets/graphs/cit-Patents/cit-Patents.base.1000.adj
### SET API ###
binary = 1
native map = 0
iteration = 1
native map_early_exit = 0
native parallel_map = 0
native native_parallel_map_early_exit = 0
supports modification
supports_get_memory_size = 0
### GRAPH API ###
n is suppoted as a function
m is stored
the graph is symmetric
degree is supported
supports basic map
parallel_map_neighbors is supported
map_neighbors_early_exit is supported
parallel_map_neighbors_early_exit is supported
supports insert_batch
don't have recent enough glibc to make a good guess
total bytes used = 0
### Threads: 128
### n: 6009555
### m: 33027895
>>> Begin -----------------------------
>>> Input_file /data/datasets/graphs/cit-Patents/cit-Patents.base.1000.adj
>>> Batch_file /data/datasets/graphs/cit-Patents/cit-Patents.dynamic.1000.el
>>> Batch_num 10
>>> Batch_size 1000
>>> Alg BFS 
>>> Res: 
0.000077 0.017768
0.000086 0.011634
0.000088 0.011611
0.000089 0.011582
0.000088 0.011573
0.000086 0.011644
0.000086 0.011616
0.000090 0.011571
0.000090 0.011610
0.000089 0.011551
>>> End -----------------------------
--- scripts:  program finish, took 4
--- scripts:  Running run_absl_btree_set on cit-Patents (prefix: cit-Patents) with batch size 1000 and algorithm pagerank
### Graph: /data/datasets/graphs/cit-Patents/cit-Patents.base.1000.adj
### SET API ###
binary = 1
native map = 0
iteration = 1
native map_early_exit = 0
native parallel_map = 0
native native_parallel_map_early_exit = 0
supports modification
supports_get_memory_size = 0
### GRAPH API ###
n is suppoted as a function
m is stored
the graph is symmetric
degree is supported
supports basic map
parallel_map_neighbors is supported
map_neighbors_early_exit is supported
parallel_map_neighbors_early_exit is supported
supports insert_batch
don't have recent enough glibc to make a good guess
total bytes used = 0
### Threads: 128
### n: 6009555
### m: 33027895
>>> Begin -----------------------------
>>> Input_file /data/datasets/graphs/cit-Patents/cit-Patents.base.1000.adj
>>> Batch_file /data/datasets/graphs/cit-Patents/cit-Patents.dynamic.1000.el
>>> Batch_num 10
>>> Batch_size 1000
>>> Alg PageRank 
>>> Res: 
0.000067 0.154664
0.000089 0.157216
0.000098 0.161067
0.000090 0.164465
0.000393 0.166113
0.000097 0.163997
0.000094 0.164488
0.000107 0.163211
0.000107 0.164066
0.000093 0.153455
>>> End -----------------------------
--- scripts:  program finish, took 10
--- scripts:  Running run_absl_btree_set on cit-Patents (prefix: cit-Patents) with batch size 1000 and algorithm labelpropagation
### Graph: /data/datasets/graphs/cit-Patents/cit-Patents.base.1000.adj
### SET API ###
binary = 1
native map = 0
iteration = 1
native map_early_exit = 0
native parallel_map = 0
native native_parallel_map_early_exit = 0
supports modification
supports_get_memory_size = 0
### GRAPH API ###
n is suppoted as a function
m is stored
the graph is symmetric
degree is supported
supports basic map
parallel_map_neighbors is supported
map_neighbors_early_exit is supported
parallel_map_neighbors_early_exit is supported
supports insert_batch
don't have recent enough glibc to make a good guess
total bytes used = 0
### Threads: 128
### n: 6009555
### m: 33027895
>>> Begin -----------------------------
>>> Input_file /data/datasets/graphs/cit-Patents/cit-Patents.base.1000.adj
>>> Batch_file /data/datasets/graphs/cit-Patents/cit-Patents.dynamic.1000.el
>>> Batch_num 10
>>> Batch_size 1000
>>> Alg LabelPropagation 
>>> Res: 
0.000075 0.022636
0.000099 0.021216
0.000092 0.020656
0.000099 0.020679
0.000105 0.020831
0.000099 0.020463
0.000093 0.021155
0.000092 0.021203
0.000103 0.021478
0.000088 0.020835
>>> End -----------------------------
--- scripts:  program finish, took 5
--- scripts:  Running run_absl_btree_set on cit-Patents (prefix: cit-Patents) with batch size 1000 and algorithm wbfs
### Graph: /data/datasets/graphs/cit-Patents/cit-Patents.base.1000.adj
### SET API ###
binary = 1
native map = 0
iteration = 1
native map_early_exit = 0
native parallel_map = 0
native native_parallel_map_early_exit = 0
supports modification
supports_get_memory_size = 0
### GRAPH API ###
n is suppoted as a function
m is stored
the graph is symmetric
degree is supported
supports basic map
parallel_map_neighbors is supported
map_neighbors_early_exit is supported
parallel_map_neighbors_early_exit is supported
supports insert_batch
don't have recent enough glibc to make a good guess
total bytes used = 0
### Threads: 128
### n: 6009555
### m: 33027895
>>> Begin -----------------------------
>>> Input_file /data/datasets/graphs/cit-Patents/cit-Patents.base.1000.adj
>>> Batch_file /data/datasets/graphs/cit-Patents/cit-Patents.dynamic.1000.el
>>> Batch_num 10
>>> Batch_size 1000
>>> Alg wBFS_unweighted 
>>> Res: 
0.000071 5.336614
0.000120 5.248827
0.000127 5.358887
0.000791 5.462080
0.000478 5.476159
0.000609 5.298808
0.000111 5.269317
0.000113 5.247443
0.000107 5.253820
0.000115 5.274574
>>> End -----------------------------
--- scripts:  program finish, took 217
--- scripts:  Running run_absl_btree_set on twitter-unique-undir (prefix: twitter) with batch size 1000 and algorithm bfs
### Graph: /data/datasets/graphs/twitter/twitter-unique-undir.base.1000.adj
### SET API ###
binary = 1
native map = 0
iteration = 1
native map_early_exit = 0
native parallel_map = 0
native native_parallel_map_early_exit = 0
supports modification
supports_get_memory_size = 0
### GRAPH API ###
n is suppoted as a function
m is stored
the graph is symmetric
degree is supported
supports basic map
parallel_map_neighbors is supported
map_neighbors_early_exit is supported
parallel_map_neighbors_early_exit is supported
supports insert_batch
don't have recent enough glibc to make a good guess
total bytes used = 0
### Threads: 128
### n: 41652231
### m: 2430488283
>>> Begin -----------------------------
>>> Input_file /data/datasets/graphs/twitter/twitter-unique-undir.base.1000.adj
>>> Batch_file /data/datasets/graphs/twitter/twitter-unique-undir.dynamic.1000.el
>>> Batch_num 10
>>> Batch_size 1000
>>> Alg BFS 
>>> Res: 
0.000830 0.199276
0.000692 0.096476
0.001041 0.096791
0.001227 0.095047
0.000991 0.094716
0.000936 0.095993
0.001389 0.095814
0.000930 0.094531
0.001198 0.095171
0.001489 0.097549
>>> End -----------------------------
--- scripts:  program finish, took 160
--- scripts:  Running run_absl_btree_set on twitter-unique-undir (prefix: twitter) with batch size 1000 and algorithm pagerank
### Graph: /data/datasets/graphs/twitter/twitter-unique-undir.base.1000.adj
### SET API ###
binary = 1
native map = 0
iteration = 1
native map_early_exit = 0
native parallel_map = 0
native native_parallel_map_early_exit = 0
supports modification
supports_get_memory_size = 0
### GRAPH API ###
n is suppoted as a function
m is stored
the graph is symmetric
degree is supported
supports basic map
parallel_map_neighbors is supported
map_neighbors_early_exit is supported
parallel_map_neighbors_early_exit is supported
supports insert_batch
don't have recent enough glibc to make a good guess
total bytes used = 0
### Threads: 128
### n: 41652231
### m: 2430488283
>>> Begin -----------------------------
>>> Input_file /data/datasets/graphs/twitter/twitter-unique-undir.base.1000.adj
>>> Batch_file /data/datasets/graphs/twitter/twitter-unique-undir.dynamic.1000.el
>>> Batch_num 10
>>> Batch_size 1000
>>> Alg PageRank 
>>> Res: 
0.000509 9.417587
0.000173 8.875052
0.000205 8.556240
0.000320 8.563295
0.000249 8.545261
0.000159 8.525722
0.000268 8.588730
0.000210 10.947928
0.000216 13.420035
0.000307 13.849616
>>> End -----------------------------
--- scripts:  program finish, took 538
--- scripts:  Running run_absl_btree_set on twitter-unique-undir (prefix: twitter) with batch size 1000 and algorithm labelpropagation
### Graph: /data/datasets/graphs/twitter/twitter-unique-undir.base.1000.adj
### SET API ###
binary = 1
native map = 0
iteration = 1
native map_early_exit = 0
native parallel_map = 0
native native_parallel_map_early_exit = 0
supports modification
supports_get_memory_size = 0
### GRAPH API ###
n is suppoted as a function
m is stored
the graph is symmetric
degree is supported
supports basic map
parallel_map_neighbors is supported
map_neighbors_early_exit is supported
parallel_map_neighbors_early_exit is supported
supports insert_batch
don't have recent enough glibc to make a good guess
total bytes used = 0
### Threads: 128
### n: 41652231
### m: 2430488283
>>> Begin -----------------------------
>>> Input_file /data/datasets/graphs/twitter/twitter-unique-undir.base.1000.adj
>>> Batch_file /data/datasets/graphs/twitter/twitter-unique-undir.dynamic.1000.el
>>> Batch_num 10
>>> Batch_size 1000
>>> Alg LabelPropagation 
>>> Res: 
0.000840 1.078017
0.000286 0.960488
0.000411 0.959074
0.000504 0.943914
0.000398 0.939095
0.000506 0.946076
0.000624 0.948057
0.000390 0.939623
0.000540 0.942117
0.000528 0.937507
>>> End -----------------------------
--- scripts:  program finish, took 163
--- scripts:  Running run_absl_btree_set on twitter-unique-undir (prefix: twitter) with batch size 1000 and algorithm wbfs
### Graph: /data/datasets/graphs/twitter/twitter-unique-undir.base.1000.adj
### SET API ###
binary = 1
native map = 0
iteration = 1
native map_early_exit = 0
native parallel_map = 0
native native_parallel_map_early_exit = 0
supports modification
supports_get_memory_size = 0
### GRAPH API ###
n is suppoted as a function
m is stored
the graph is symmetric
degree is supported
supports basic map
parallel_map_neighbors is supported
map_neighbors_early_exit is supported
parallel_map_neighbors_early_exit is supported
supports insert_batch
don't have recent enough glibc to make a good guess
total bytes used = 0
### Threads: 128
### n: 41652231
### m: 2430488283
>>> Begin -----------------------------
>>> Input_file /data/datasets/graphs/twitter/twitter-unique-undir.base.1000.adj
>>> Batch_file /data/datasets/graphs/twitter/twitter-unique-undir.dynamic.1000.el
>>> Batch_num 10
>>> Batch_size 1000
>>> Alg wBFS_unweighted 
>>> Res: 
0.000427 33.029917
0.000281 32.802761
0.000162 32.393961
0.000271 32.238549
0.000175 32.294113
0.000498 32.773607
0.000560 32.601362
0.000384 32.355080
0.000202 33.821834
0.000235 33.754579
>>> End -----------------------------
--- scripts:  program finish, took 1452
--- scripts:  Running run_absl_btree_set on com-friendster (prefix: friend) with batch size 1000 and algorithm bfs
### Graph: /data/datasets/graphs/friend/com-friendster.base.1000.adj
### SET API ###
binary = 1
native map = 0
iteration = 1
native map_early_exit = 0
native parallel_map = 0
native native_parallel_map_early_exit = 0
supports modification
supports_get_memory_size = 0
### GRAPH API ###
n is suppoted as a function
m is stored
the graph is symmetric
degree is supported
supports basic map
parallel_map_neighbors is supported
map_neighbors_early_exit is supported
parallel_map_neighbors_early_exit is supported
supports insert_batch
don't have recent enough glibc to make a good guess
total bytes used = 0
### Threads: 128
### n: 2586147870
### m: 3698821648
>>> Begin -----------------------------
>>> Input_file /data/datasets/graphs/friend/com-friendster.base.1000.adj
>>> Batch_file /data/datasets/graphs/friend/com-friendster.dynamic.1000.el
>>> Batch_num 10
>>> Batch_size 1000
>>> Alg BFS 
>>> Res: 
0.000102 4.408980
0.000108 2.184931
0.000114 2.175553
0.000115 2.157895
0.000113 2.142293
0.000118 2.125242
0.000106 2.097762
0.000116 2.082618
0.000133 2.090615
0.000118 2.079547
>>> End -----------------------------
--- scripts:  program finish, took 483
--- scripts:  Running run_absl_btree_set on com-friendster (prefix: friend) with batch size 1000 and algorithm pagerank
### Graph: /data/datasets/graphs/friend/com-friendster.base.1000.adj
### SET API ###
binary = 1
native map = 0
iteration = 1
native map_early_exit = 0
native parallel_map = 0
native native_parallel_map_early_exit = 0
supports modification
supports_get_memory_size = 0
### GRAPH API ###
n is suppoted as a function
m is stored
the graph is symmetric
degree is supported
supports basic map
parallel_map_neighbors is supported
map_neighbors_early_exit is supported
parallel_map_neighbors_early_exit is supported
supports insert_batch
don't have recent enough glibc to make a good guess
total bytes used = 0
### Threads: 128
### n: 2586147870
### m: 3698821648
>>> Begin -----------------------------
>>> Input_file /data/datasets/graphs/friend/com-friendster.base.1000.adj
>>> Batch_file /data/datasets/graphs/friend/com-friendster.dynamic.1000.el
>>> Batch_num 10
>>> Batch_size 1000
>>> Alg PageRank 
>>> Res: 
0.000089 51.055129
0.000097 56.834770
0.000117 63.707839
0.000112 71.918034
0.000245 80.880192
0.000121 76.760609
0.000186 80.486588
0.000111 80.023356
0.000111 40.073125
0.000115 37.731465
>>> End -----------------------------
--- scripts:  program finish, took 2913
--- scripts:  Running run_absl_btree_set on com-friendster (prefix: friend) with batch size 1000 and algorithm labelpropagation
### Graph: /data/datasets/graphs/friend/com-friendster.base.1000.adj
### SET API ###
binary = 1
native map = 0
iteration = 1
native map_early_exit = 0
native parallel_map = 0
native native_parallel_map_early_exit = 0
supports modification
supports_get_memory_size = 0
### GRAPH API ###
n is suppoted as a function
m is stored
the graph is symmetric
degree is supported
supports basic map
parallel_map_neighbors is supported
map_neighbors_early_exit is supported
parallel_map_neighbors_early_exit is supported
supports insert_batch
don't have recent enough glibc to make a good guess
total bytes used = 0
### Threads: 128
### n: 2586147870
### m: 3698821648
>>> Begin -----------------------------
>>> Input_file /data/datasets/graphs/friend/com-friendster.base.1000.adj
>>> Batch_file /data/datasets/graphs/friend/com-friendster.dynamic.1000.el
>>> Batch_num 10
>>> Batch_size 1000
>>> Alg LabelPropagation 
>>> Res: 
0.000092 4.513611
0.000205 3.811047
0.000139 3.898227
0.000145 3.850565
0.000157 3.866938
0.000163 3.898939
0.000213 3.813589
0.000225 3.864281
0.000184 3.781544
0.000230 3.870429
>>> End -----------------------------
--- scripts:  program finish, took 516
--- scripts:  Running run_absl_btree_set on com-friendster (prefix: friend) with batch size 1000 and algorithm wbfs
### Graph: /data/datasets/graphs/friend/com-friendster.base.1000.adj
### SET API ###
binary = 1
native map = 0
iteration = 1
native map_early_exit = 0
native parallel_map = 0
native native_parallel_map_early_exit = 0
supports modification
supports_get_memory_size = 0
### GRAPH API ###
n is suppoted as a function
m is stored
the graph is symmetric
degree is supported
supports basic map
parallel_map_neighbors is supported
map_neighbors_early_exit is supported
parallel_map_neighbors_early_exit is supported
supports insert_batch
don't have recent enough glibc to make a good guess
total bytes used = 0
### Threads: 128
### n: 2586147870
### m: 3698821648
>>> Begin -----------------------------
>>> Input_file /data/datasets/graphs/friend/com-friendster.base.1000.adj
>>> Batch_file /data/datasets/graphs/friend/com-friendster.dynamic.1000.el
>>> Batch_num 10
>>> Batch_size 1000
>>> Alg wBFS_unweighted 
>>> Res: 
0.000099 48.420265
0.000123 47.303742
0.000111 45.860567
0.000108 45.910374
0.000107 45.243966
0.000109 49.732361
0.000104 44.663163
0.000114 45.277050
0.000101 45.231682
0.000099 45.106155
>>> End -----------------------------
--- scripts:  program finish, took 2228
--- scripts:  Running run_absl_btree_set on soc-LiveJournal1 (prefix: live-journal) with batch size 10000 and algorithm bfs
### Graph: /data/datasets/graphs/live-journal/soc-LiveJournal1.base.10000.adj
### SET API ###
binary = 1
native map = 0
iteration = 1
native map_early_exit = 0
native parallel_map = 0
native native_parallel_map_early_exit = 0
supports modification
supports_get_memory_size = 0
### GRAPH API ###
n is suppoted as a function
m is stored
the graph is symmetric
degree is supported
supports basic map
parallel_map_neighbors is supported
map_neighbors_early_exit is supported
parallel_map_neighbors_early_exit is supported
supports insert_batch
don't have recent enough glibc to make a good guess
total bytes used = 0
### Threads: 128
### n: 4847571
### m: 86120856
>>> Begin -----------------------------
>>> Input_file /data/datasets/graphs/live-journal/soc-LiveJournal1.base.10000.adj
>>> Batch_file /data/datasets/graphs/live-journal/soc-LiveJournal1.dynamic.10000.el
>>> Batch_num 10
>>> Batch_size 10000
>>> Alg BFS 
>>> Res: 
0.002385 0.013279
0.002203 0.010625
0.002175 0.010736
0.002174 0.010785
0.002169 0.010771
0.002142 0.010706
0.002157 0.010721
0.002160 0.010703
0.002165 0.010861
0.002262 0.011512
>>> End -----------------------------
--- scripts:  program finish, took 7
--- scripts:  Running run_absl_btree_set on soc-LiveJournal1 (prefix: live-journal) with batch size 10000 and algorithm pagerank
### Graph: /data/datasets/graphs/live-journal/soc-LiveJournal1.base.10000.adj
### SET API ###
binary = 1
native map = 0
iteration = 1
native map_early_exit = 0
native parallel_map = 0
native native_parallel_map_early_exit = 0
supports modification
supports_get_memory_size = 0
### GRAPH API ###
n is suppoted as a function
m is stored
the graph is symmetric
degree is supported
supports basic map
parallel_map_neighbors is supported
map_neighbors_early_exit is supported
parallel_map_neighbors_early_exit is supported
supports insert_batch
don't have recent enough glibc to make a good guess
total bytes used = 0
### Threads: 128
### n: 4847571
### m: 86120856
>>> Begin -----------------------------
>>> Input_file /data/datasets/graphs/live-journal/soc-LiveJournal1.base.10000.adj
>>> Batch_file /data/datasets/graphs/live-journal/soc-LiveJournal1.dynamic.10000.el
>>> Batch_num 10
>>> Batch_size 10000
>>> Alg PageRank 
>>> Res: 
0.002299 0.196675
0.002267 0.193750
0.002332 0.220060
0.002472 0.226221
0.002604 0.240718
0.002670 0.230778
0.002383 0.199130
0.003763 0.203681
0.002229 0.193166
0.002361 0.196750
>>> End -----------------------------
--- scripts:  program finish, took 15
--- scripts:  Running run_absl_btree_set on soc-LiveJournal1 (prefix: live-journal) with batch size 10000 and algorithm labelpropagation
### Graph: /data/datasets/graphs/live-journal/soc-LiveJournal1.base.10000.adj
### SET API ###
binary = 1
native map = 0
iteration = 1
native map_early_exit = 0
native parallel_map = 0
native native_parallel_map_early_exit = 0
supports modification
supports_get_memory_size = 0
### GRAPH API ###
n is suppoted as a function
m is stored
the graph is symmetric
degree is supported
supports basic map
parallel_map_neighbors is supported
map_neighbors_early_exit is supported
parallel_map_neighbors_early_exit is supported
supports insert_batch
don't have recent enough glibc to make a good guess
total bytes used = 0
### Threads: 128
### n: 4847571
### m: 86120856
>>> Begin -----------------------------
>>> Input_file /data/datasets/graphs/live-journal/soc-LiveJournal1.base.10000.adj
>>> Batch_file /data/datasets/graphs/live-journal/soc-LiveJournal1.dynamic.10000.el
>>> Batch_num 10
>>> Batch_size 10000
>>> Alg LabelPropagation 
>>> Res: 
0.002605 0.027356
0.002612 0.024545
0.002647 0.024458
0.002672 0.024274
0.002617 0.024087
0.002782 0.024481
0.002711 0.025018
0.002860 0.024846
0.002869 0.024803
0.003097 0.025932
>>> End -----------------------------
--- scripts:  program finish, took 8
--- scripts:  Running run_absl_btree_set on soc-LiveJournal1 (prefix: live-journal) with batch size 10000 and algorithm wbfs
### Graph: /data/datasets/graphs/live-journal/soc-LiveJournal1.base.10000.adj
### SET API ###
binary = 1
native map = 0
iteration = 1
native map_early_exit = 0
native parallel_map = 0
native native_parallel_map_early_exit = 0
supports modification
supports_get_memory_size = 0
### GRAPH API ###
n is suppoted as a function
m is stored
the graph is symmetric
degree is supported
supports basic map
parallel_map_neighbors is supported
map_neighbors_early_exit is supported
parallel_map_neighbors_early_exit is supported
supports insert_batch
don't have recent enough glibc to make a good guess
total bytes used = 0
### Threads: 128
### n: 4847571
### m: 86120856
>>> Begin -----------------------------
>>> Input_file /data/datasets/graphs/live-journal/soc-LiveJournal1.base.10000.adj
>>> Batch_file /data/datasets/graphs/live-journal/soc-LiveJournal1.dynamic.10000.el
>>> Batch_num 10
>>> Batch_size 10000
>>> Alg wBFS_unweighted 
>>> Res: 
0.002353 5.104533
0.002604 5.052298
0.002537 5.080227
0.002645 5.085850
0.002339 5.039868
0.002266 5.010509
0.002264 5.074984
0.002461 5.033003
0.002313 5.022138
0.002502 5.022456
>>> End -----------------------------
--- scripts:  program finish, took 208
--- scripts:  Running run_absl_btree_set on com-orkut.ungraph (prefix: orkut) with batch size 10000 and algorithm bfs
### Graph: /data/datasets/graphs/orkut/com-orkut.ungraph.base.10000.adj
### SET API ###
binary = 1
native map = 0
iteration = 1
native map_early_exit = 0
native parallel_map = 0
native native_parallel_map_early_exit = 0
supports modification
supports_get_memory_size = 0
### GRAPH API ###
n is suppoted as a function
m is stored
the graph is symmetric
degree is supported
supports basic map
parallel_map_neighbors is supported
map_neighbors_early_exit is supported
parallel_map_neighbors_early_exit is supported
supports insert_batch
don't have recent enough glibc to make a good guess
total bytes used = 0
### Threads: 128
### n: 3072627
### m: 234270166
>>> Begin -----------------------------
>>> Input_file /data/datasets/graphs/orkut/com-orkut.ungraph.base.10000.adj
>>> Batch_file /data/datasets/graphs/orkut/com-orkut.ungraph.dynamic.10000.el
>>> Batch_num 10
>>> Batch_size 10000
>>> Alg BFS 
>>> Res: 
0.002478 0.013542
0.002196 0.007153
0.002193 0.007118
0.002145 0.006981
0.002185 0.007031
0.002157 0.007073
0.002182 0.007006
0.002171 0.006900
0.002178 0.006947
0.002168 0.006769
>>> End -----------------------------
--- scripts:  program finish, took 15
--- scripts:  Running run_absl_btree_set on com-orkut.ungraph (prefix: orkut) with batch size 10000 and algorithm pagerank
### Graph: /data/datasets/graphs/orkut/com-orkut.ungraph.base.10000.adj
### SET API ###
binary = 1
native map = 0
iteration = 1
native map_early_exit = 0
native parallel_map = 0
native native_parallel_map_early_exit = 0
supports modification
supports_get_memory_size = 0
### GRAPH API ###
n is suppoted as a function
m is stored
the graph is symmetric
degree is supported
supports basic map
parallel_map_neighbors is supported
map_neighbors_early_exit is supported
parallel_map_neighbors_early_exit is supported
supports insert_batch
don't have recent enough glibc to make a good guess
total bytes used = 0
### Threads: 128
### n: 3072627
### m: 234270166
>>> Begin -----------------------------
>>> Input_file /data/datasets/graphs/orkut/com-orkut.ungraph.base.10000.adj
>>> Batch_file /data/datasets/graphs/orkut/com-orkut.ungraph.dynamic.10000.el
>>> Batch_num 10
>>> Batch_size 10000
>>> Alg PageRank 
>>> Res: 
0.002564 0.308280
0.002358 0.297316
0.002353 0.295229
0.002352 0.300035
0.002378 0.296005
0.002330 0.296187
0.002364 0.299498
0.002393 0.296022
0.002401 0.297678
0.002417 0.267300
>>> End -----------------------------
--- scripts:  program finish, took 26
--- scripts:  Running run_absl_btree_set on com-orkut.ungraph (prefix: orkut) with batch size 10000 and algorithm labelpropagation
### Graph: /data/datasets/graphs/orkut/com-orkut.ungraph.base.10000.adj
### SET API ###
binary = 1
native map = 0
iteration = 1
native map_early_exit = 0
native parallel_map = 0
native native_parallel_map_early_exit = 0
supports modification
supports_get_memory_size = 0
### GRAPH API ###
n is suppoted as a function
m is stored
the graph is symmetric
degree is supported
supports basic map
parallel_map_neighbors is supported
map_neighbors_early_exit is supported
parallel_map_neighbors_early_exit is supported
supports insert_batch
don't have recent enough glibc to make a good guess
total bytes used = 0
### Threads: 128
### n: 3072627
### m: 234270166
>>> Begin -----------------------------
>>> Input_file /data/datasets/graphs/orkut/com-orkut.ungraph.base.10000.adj
>>> Batch_file /data/datasets/graphs/orkut/com-orkut.ungraph.dynamic.10000.el
>>> Batch_num 10
>>> Batch_size 10000
>>> Alg LabelPropagation 
>>> Res: 
0.002517 0.047789
0.002467 0.040345
0.002450 0.039934
0.002501 0.040013
0.002457 0.040086
0.002522 0.039811
0.002501 0.040559
0.002476 0.040555
0.002605 0.040367
0.002843 0.039968
>>> End -----------------------------
--- scripts:  program finish, took 16
--- scripts:  Running run_absl_btree_set on com-orkut.ungraph (prefix: orkut) with batch size 10000 and algorithm wbfs
### Graph: /data/datasets/graphs/orkut/com-orkut.ungraph.base.10000.adj
### SET API ###
binary = 1
native map = 0
iteration = 1
native map_early_exit = 0
native parallel_map = 0
native native_parallel_map_early_exit = 0
supports modification
supports_get_memory_size = 0
### GRAPH API ###
n is suppoted as a function
m is stored
the graph is symmetric
degree is supported
supports basic map
parallel_map_neighbors is supported
map_neighbors_early_exit is supported
parallel_map_neighbors_early_exit is supported
supports insert_batch
don't have recent enough glibc to make a good guess
total bytes used = 0
### Threads: 128
### n: 3072627
### m: 234270166
>>> Begin -----------------------------
>>> Input_file /data/datasets/graphs/orkut/com-orkut.ungraph.base.10000.adj
>>> Batch_file /data/datasets/graphs/orkut/com-orkut.ungraph.dynamic.10000.el
>>> Batch_num 10
>>> Batch_size 10000
>>> Alg wBFS_unweighted 
>>> Res: 
0.002871 3.589757
0.002984 3.513772
0.002941 3.525521
0.002957 3.502295
0.003031 3.496781
0.002996 3.504650
0.003329 3.592177
0.003739 3.586806
0.003764 3.613728
0.003033 3.468102
>>> End -----------------------------
--- scripts:  program finish, took 157
--- scripts:  Running run_absl_btree_set on cit-Patents (prefix: cit-Patents) with batch size 10000 and algorithm bfs
### Graph: /data/datasets/graphs/cit-Patents/cit-Patents.base.10000.adj
### SET API ###
binary = 1
native map = 0
iteration = 1
native map_early_exit = 0
native parallel_map = 0
native native_parallel_map_early_exit = 0
supports modification
supports_get_memory_size = 0
### GRAPH API ###
n is suppoted as a function
m is stored
the graph is symmetric
degree is supported
supports basic map
parallel_map_neighbors is supported
map_neighbors_early_exit is supported
parallel_map_neighbors_early_exit is supported
supports insert_batch
don't have recent enough glibc to make a good guess
total bytes used = 0
### Threads: 128
### n: 6009555
### m: 32937895
>>> Begin -----------------------------
>>> Input_file /data/datasets/graphs/cit-Patents/cit-Patents.base.10000.adj
>>> Batch_file /data/datasets/graphs/cit-Patents/cit-Patents.dynamic.10000.el
>>> Batch_num 10
>>> Batch_size 10000
>>> Alg BFS 
>>> Res: 
0.002663 0.015571
0.002775 0.012822
0.002732 0.012717
0.002743 0.012700
0.002737 0.012732
0.002727 0.012734
0.002765 0.012797
0.002834 0.012804
0.002819 0.012952
0.002830 0.012761
>>> End -----------------------------
--- scripts:  program finish, took 5
--- scripts:  Running run_absl_btree_set on cit-Patents (prefix: cit-Patents) with batch size 10000 and algorithm pagerank
### Graph: /data/datasets/graphs/cit-Patents/cit-Patents.base.10000.adj
### SET API ###
binary = 1
native map = 0
iteration = 1
native map_early_exit = 0
native parallel_map = 0
native native_parallel_map_early_exit = 0
supports modification
supports_get_memory_size = 0
### GRAPH API ###
n is suppoted as a function
m is stored
the graph is symmetric
degree is supported
supports basic map
parallel_map_neighbors is supported
map_neighbors_early_exit is supported
parallel_map_neighbors_early_exit is supported
supports insert_batch
don't have recent enough glibc to make a good guess
total bytes used = 0
### Threads: 128
### n: 6009555
### m: 32937895
>>> Begin -----------------------------
>>> Input_file /data/datasets/graphs/cit-Patents/cit-Patents.base.10000.adj
>>> Batch_file /data/datasets/graphs/cit-Patents/cit-Patents.dynamic.10000.el
>>> Batch_num 10
>>> Batch_size 10000
>>> Alg PageRank 
>>> Res: 
0.002719 0.183487
0.003103 0.182426
0.003018 0.171773
0.002645 0.176620
0.002746 0.175856
0.003281 0.187066
0.004112 0.184645
0.002951 0.168178
0.003175 0.169684
0.003189 0.157247
>>> End -----------------------------
--- scripts:  program finish, took 11
--- scripts:  Running run_absl_btree_set on cit-Patents (prefix: cit-Patents) with batch size 10000 and algorithm labelpropagation
### Graph: /data/datasets/graphs/cit-Patents/cit-Patents.base.10000.adj
### SET API ###
binary = 1
native map = 0
iteration = 1
native map_early_exit = 0
native parallel_map = 0
native native_parallel_map_early_exit = 0
supports modification
supports_get_memory_size = 0
### GRAPH API ###
n is suppoted as a function
m is stored
the graph is symmetric
degree is supported
supports basic map
parallel_map_neighbors is supported
map_neighbors_early_exit is supported
parallel_map_neighbors_early_exit is supported
supports insert_batch
don't have recent enough glibc to make a good guess
total bytes used = 0
### Threads: 128
### n: 6009555
### m: 32937895
>>> Begin -----------------------------
>>> Input_file /data/datasets/graphs/cit-Patents/cit-Patents.base.10000.adj
>>> Batch_file /data/datasets/graphs/cit-Patents/cit-Patents.dynamic.10000.el
>>> Batch_num 10
>>> Batch_size 10000
>>> Alg LabelPropagation 
>>> Res: 
0.002777 0.022996
0.002728 0.021816
0.002675 0.022540
0.002723 0.021568
0.002713 0.021494
0.002699 0.021807
0.002836 0.021431
0.002821 0.021441
0.002768 0.021635
0.002785 0.021505
>>> End -----------------------------
--- scripts:  program finish, took 5
--- scripts:  Running run_absl_btree_set on cit-Patents (prefix: cit-Patents) with batch size 10000 and algorithm wbfs
### Graph: /data/datasets/graphs/cit-Patents/cit-Patents.base.10000.adj
### SET API ###
binary = 1
native map = 0
iteration = 1
native map_early_exit = 0
native parallel_map = 0
native native_parallel_map_early_exit = 0
supports modification
supports_get_memory_size = 0
### GRAPH API ###
n is suppoted as a function
m is stored
the graph is symmetric
degree is supported
supports basic map
parallel_map_neighbors is supported
map_neighbors_early_exit is supported
parallel_map_neighbors_early_exit is supported
supports insert_batch
don't have recent enough glibc to make a good guess
total bytes used = 0
### Threads: 128
### n: 6009555
### m: 32937895
>>> Begin -----------------------------
>>> Input_file /data/datasets/graphs/cit-Patents/cit-Patents.base.10000.adj
>>> Batch_file /data/datasets/graphs/cit-Patents/cit-Patents.dynamic.10000.el
>>> Batch_num 10
>>> Batch_size 10000
>>> Alg wBFS_unweighted 
>>> Res: 
0.002954 5.220285
0.003079 5.070529
0.003921 5.021965
0.003141 5.061711
0.003299 5.006969
0.003649 4.969566
0.003402 5.022463
0.003296 4.987096
0.002966 4.956862
0.003006 5.011351
>>> End -----------------------------
--- scripts:  program finish, took 205
--- scripts:  Running run_absl_btree_set on twitter-unique-undir (prefix: twitter) with batch size 10000 and algorithm bfs
### Graph: /data/datasets/graphs/twitter/twitter-unique-undir.base.10000.adj
### SET API ###
binary = 1
native map = 0
iteration = 1
native map_early_exit = 0
native parallel_map = 0
native native_parallel_map_early_exit = 0
supports modification
supports_get_memory_size = 0
### GRAPH API ###
n is suppoted as a function
m is stored
the graph is symmetric
degree is supported
supports basic map
parallel_map_neighbors is supported
map_neighbors_early_exit is supported
parallel_map_neighbors_early_exit is supported
supports insert_batch
don't have recent enough glibc to make a good guess
total bytes used = 0
### Threads: 128
### n: 41652231
### m: 2430398283
>>> Begin -----------------------------
>>> Input_file /data/datasets/graphs/twitter/twitter-unique-undir.base.10000.adj
>>> Batch_file /data/datasets/graphs/twitter/twitter-unique-undir.dynamic.10000.el
>>> Batch_num 10
>>> Batch_size 10000
>>> Alg BFS 
>>> Res: 
0.005343 0.196998
0.005930 0.095204
0.004716 0.093479
0.005145 0.092941
0.005612 0.092713
0.005157 0.092445
0.005822 0.093691
0.004849 0.093583
0.005527 0.092301
0.005371 0.092816
>>> End -----------------------------
--- scripts:  program finish, took 151
--- scripts:  Running run_absl_btree_set on twitter-unique-undir (prefix: twitter) with batch size 10000 and algorithm pagerank
### Graph: /data/datasets/graphs/twitter/twitter-unique-undir.base.10000.adj
### SET API ###
binary = 1
native map = 0
iteration = 1
native map_early_exit = 0
native parallel_map = 0
native native_parallel_map_early_exit = 0
supports modification
supports_get_memory_size = 0
### GRAPH API ###
n is suppoted as a function
m is stored
the graph is symmetric
degree is supported
supports basic map
parallel_map_neighbors is supported
map_neighbors_early_exit is supported
parallel_map_neighbors_early_exit is supported
supports insert_batch
don't have recent enough glibc to make a good guess
total bytes used = 0
### Threads: 128
### n: 41652231
### m: 2430398283
>>> Begin -----------------------------
>>> Input_file /data/datasets/graphs/twitter/twitter-unique-undir.base.10000.adj
>>> Batch_file /data/datasets/graphs/twitter/twitter-unique-undir.dynamic.10000.el
>>> Batch_num 10
>>> Batch_size 10000
>>> Alg PageRank 
>>> Res: 
0.004287 7.895177
0.002650 7.716926
0.002737 7.258857
0.002675 7.130682
0.002709 7.294271
0.002688 8.611321
0.002631 8.647448
0.002639 8.240825
0.002672 7.051414
0.002726 8.605902
>>> End -----------------------------
--- scripts:  program finish, took 451
--- scripts:  Running run_absl_btree_set on twitter-unique-undir (prefix: twitter) with batch size 10000 and algorithm labelpropagation
### Graph: /data/datasets/graphs/twitter/twitter-unique-undir.base.10000.adj
### SET API ###
binary = 1
native map = 0
iteration = 1
native map_early_exit = 0
native parallel_map = 0
native native_parallel_map_early_exit = 0
supports modification
supports_get_memory_size = 0
### GRAPH API ###
n is suppoted as a function
m is stored
the graph is symmetric
degree is supported
supports basic map
parallel_map_neighbors is supported
map_neighbors_early_exit is supported
parallel_map_neighbors_early_exit is supported
supports insert_batch
don't have recent enough glibc to make a good guess
total bytes used = 0
### Threads: 128
### n: 41652231
### m: 2430398283
>>> Begin -----------------------------
>>> Input_file /data/datasets/graphs/twitter/twitter-unique-undir.base.10000.adj
>>> Batch_file /data/datasets/graphs/twitter/twitter-unique-undir.dynamic.10000.el
>>> Batch_num 10
>>> Batch_size 10000
>>> Alg LabelPropagation 
>>> Res: 
0.004955 1.024834
0.003263 0.883716
0.003316 0.866279
0.003270 0.875153
0.003389 0.840182
0.003464 0.833438
0.003620 0.838211
0.003763 0.850474
0.003734 0.845819
0.003909 0.848676
>>> End -----------------------------
--- scripts:  program finish, took 186
--- scripts:  Running run_absl_btree_set on twitter-unique-undir (prefix: twitter) with batch size 10000 and algorithm wbfs
### Graph: /data/datasets/graphs/twitter/twitter-unique-undir.base.10000.adj
### SET API ###
binary = 1
native map = 0
iteration = 1
native map_early_exit = 0
native parallel_map = 0
native native_parallel_map_early_exit = 0
supports modification
supports_get_memory_size = 0
### GRAPH API ###
n is suppoted as a function
m is stored
the graph is symmetric
degree is supported
supports basic map
parallel_map_neighbors is supported
map_neighbors_early_exit is supported
parallel_map_neighbors_early_exit is supported
supports insert_batch
don't have recent enough glibc to make a good guess
total bytes used = 0
### Threads: 128
### n: 41652231
### m: 2430398283
>>> Begin -----------------------------
>>> Input_file /data/datasets/graphs/twitter/twitter-unique-undir.base.10000.adj
>>> Batch_file /data/datasets/graphs/twitter/twitter-unique-undir.dynamic.10000.el
>>> Batch_num 10
>>> Batch_size 10000
>>> Alg wBFS_unweighted 
>>> Res: 
0.004202 38.951060
0.003256 38.835846
0.003428 38.539854
0.003056 37.657762
0.002899 36.895626
0.003011 37.519647
0.002935 34.994857
0.002825 34.868243
0.002788 34.727421
0.003002 36.169936
>>> End -----------------------------
--- scripts:  program finish, took 1615
--- scripts:  Running run_absl_btree_set on com-friendster (prefix: friend) with batch size 10000 and algorithm bfs
### Graph: /data/datasets/graphs/friend/com-friendster.base.10000.adj
### SET API ###
binary = 1
native map = 0
iteration = 1
native map_early_exit = 0
native parallel_map = 0
native native_parallel_map_early_exit = 0
supports modification
supports_get_memory_size = 0
### GRAPH API ###
n is suppoted as a function
m is stored
the graph is symmetric
degree is supported
supports basic map
parallel_map_neighbors is supported
map_neighbors_early_exit is supported
parallel_map_neighbors_early_exit is supported
supports insert_batch
don't have recent enough glibc to make a good guess
total bytes used = 0
### Threads: 128
### n: 2586147870
### m: 3698731648
>>> Begin -----------------------------
>>> Input_file /data/datasets/graphs/friend/com-friendster.base.10000.adj
>>> Batch_file /data/datasets/graphs/friend/com-friendster.dynamic.10000.el
>>> Batch_num 10
>>> Batch_size 10000
>>> Alg BFS 
>>> Res: 
0.002832 3.251453
0.002480 2.515629
0.002465 2.516808
0.002481 2.504874
0.002452 2.461366
0.002500 2.454629
0.002542 2.479569
0.002413 2.460329
0.002808 2.430631
0.002516 2.402954
>>> End -----------------------------
--- scripts:  program finish, took 503
--- scripts:  Running run_absl_btree_set on com-friendster (prefix: friend) with batch size 10000 and algorithm pagerank
### Graph: /data/datasets/graphs/friend/com-friendster.base.10000.adj
### SET API ###
binary = 1
native map = 0
iteration = 1
native map_early_exit = 0
native parallel_map = 0
native native_parallel_map_early_exit = 0
supports modification
supports_get_memory_size = 0
### GRAPH API ###
n is suppoted as a function
m is stored
the graph is symmetric
degree is supported
supports basic map
parallel_map_neighbors is supported
map_neighbors_early_exit is supported
parallel_map_neighbors_early_exit is supported
supports insert_batch
don't have recent enough glibc to make a good guess
total bytes used = 0
### Threads: 128
### n: 2586147870
### m: 3698731648
>>> Begin -----------------------------
>>> Input_file /data/datasets/graphs/friend/com-friendster.base.10000.adj
>>> Batch_file /data/datasets/graphs/friend/com-friendster.dynamic.10000.el
>>> Batch_num 10
>>> Batch_size 10000
>>> Alg PageRank 
>>> Res: 
0.002708 50.572758
0.002531 50.500174
0.002439 51.965026
0.002503 53.876340
0.002499 56.662543
0.002404 52.381281
0.002392 52.895543
0.002393 48.824554
0.002461 48.933459
0.002626 25.625041
>>> End -----------------------------
--- scripts:  program finish, took 2294
--- scripts:  Running run_absl_btree_set on com-friendster (prefix: friend) with batch size 10000 and algorithm labelpropagation
### Graph: /data/datasets/graphs/friend/com-friendster.base.10000.adj
### SET API ###
binary = 1
native map = 0
iteration = 1
native map_early_exit = 0
native parallel_map = 0
native native_parallel_map_early_exit = 0
supports modification
supports_get_memory_size = 0
### GRAPH API ###
n is suppoted as a function
m is stored
the graph is symmetric
degree is supported
supports basic map
parallel_map_neighbors is supported
map_neighbors_early_exit is supported
parallel_map_neighbors_early_exit is supported
supports insert_batch
don't have recent enough glibc to make a good guess
total bytes used = 0
### Threads: 128
### n: 2586147870
### m: 3698731648
>>> Begin -----------------------------
>>> Input_file /data/datasets/graphs/friend/com-friendster.base.10000.adj
>>> Batch_file /data/datasets/graphs/friend/com-friendster.dynamic.10000.el
>>> Batch_num 10
>>> Batch_size 10000
>>> Alg LabelPropagation 
>>> Res: 
0.002811 4.812684
0.002808 3.966755
0.002751 3.999917
0.002864 3.939413
0.002881 3.889441
0.003161 3.932088
0.002965 3.954860
0.002970 3.912651
0.003011 3.905117
0.003482 3.928428
>>> End -----------------------------
--- scripts:  program finish, took 542
--- scripts:  Running run_absl_btree_set on com-friendster (prefix: friend) with batch size 10000 and algorithm wbfs
### Graph: /data/datasets/graphs/friend/com-friendster.base.10000.adj
### SET API ###
binary = 1
native map = 0
iteration = 1
native map_early_exit = 0
native parallel_map = 0
native native_parallel_map_early_exit = 0
supports modification
supports_get_memory_size = 0
### GRAPH API ###
n is suppoted as a function
m is stored
the graph is symmetric
degree is supported
supports basic map
parallel_map_neighbors is supported
map_neighbors_early_exit is supported
parallel_map_neighbors_early_exit is supported
supports insert_batch
don't have recent enough glibc to make a good guess
total bytes used = 0
### Threads: 128
### n: 2586147870
### m: 3698731648
>>> Begin -----------------------------
>>> Input_file /data/datasets/graphs/friend/com-friendster.base.10000.adj
>>> Batch_file /data/datasets/graphs/friend/com-friendster.dynamic.10000.el
>>> Batch_num 10
>>> Batch_size 10000
>>> Alg wBFS_unweighted 
>>> Res: 
0.003209 52.956163
0.003635 51.748744
0.003021 55.946937
0.003022 55.661917
0.003018 73.571003
0.003082 68.007753
0.003010 48.659372
0.003015 50.298016
0.003048 49.303095
0.003003 50.708537
>>> End -----------------------------
--- scripts:  program finish, took 2570
--- scripts:  Running run_absl_btree_set on soc-LiveJournal1 (prefix: live-journal) with batch size 100000 and algorithm bfs
### Graph: /data/datasets/graphs/live-journal/soc-LiveJournal1.base.100000.adj
### SET API ###
binary = 1
native map = 0
iteration = 1
native map_early_exit = 0
native parallel_map = 0
native native_parallel_map_early_exit = 0
supports modification
supports_get_memory_size = 0
### GRAPH API ###
n is suppoted as a function
m is stored
the graph is symmetric
degree is supported
supports basic map
parallel_map_neighbors is supported
map_neighbors_early_exit is supported
parallel_map_neighbors_early_exit is supported
supports insert_batch
don't have recent enough glibc to make a good guess
total bytes used = 0
### Threads: 128
### n: 4847571
### m: 85220856
>>> Begin -----------------------------
>>> Input_file /data/datasets/graphs/live-journal/soc-LiveJournal1.base.100000.adj
>>> Batch_file /data/datasets/graphs/live-journal/soc-LiveJournal1.dynamic.100000.el
>>> Batch_num 10
>>> Batch_size 100000
>>> Alg BFS 
>>> Res: 
0.003622 0.010242
0.003655 0.009674
0.003657 0.009709
0.003663 0.009628
0.003630 0.009677
0.003670 0.009750
0.003631 0.009712
0.003610 0.009820
0.003766 0.010058
0.003760 0.009829
>>> End -----------------------------
--- scripts:  program finish, took 8
--- scripts:  Running run_absl_btree_set on soc-LiveJournal1 (prefix: live-journal) with batch size 100000 and algorithm pagerank
### Graph: /data/datasets/graphs/live-journal/soc-LiveJournal1.base.100000.adj
### SET API ###
binary = 1
native map = 0
iteration = 1
native map_early_exit = 0
native parallel_map = 0
native native_parallel_map_early_exit = 0
supports modification
supports_get_memory_size = 0
### GRAPH API ###
n is suppoted as a function
m is stored
the graph is symmetric
degree is supported
supports basic map
parallel_map_neighbors is supported
map_neighbors_early_exit is supported
parallel_map_neighbors_early_exit is supported
supports insert_batch
don't have recent enough glibc to make a good guess
total bytes used = 0
### Threads: 128
### n: 4847571
### m: 85220856
>>> Begin -----------------------------
>>> Input_file /data/datasets/graphs/live-journal/soc-LiveJournal1.base.100000.adj
>>> Batch_file /data/datasets/graphs/live-journal/soc-LiveJournal1.dynamic.100000.el
>>> Batch_num 10
>>> Batch_size 100000
>>> Alg PageRank 
>>> Res: 
0.003441 0.190079
0.003605 0.205285
0.005638 0.227703
0.004810 0.214172
0.004188 0.199368
0.004163 0.193210
0.004555 0.210084
0.005043 0.212821
0.005521 0.214918
0.004824 0.203314
>>> End -----------------------------
--- scripts:  program finish, took 15
--- scripts:  Running run_absl_btree_set on soc-LiveJournal1 (prefix: live-journal) with batch size 100000 and algorithm labelpropagation
### Graph: /data/datasets/graphs/live-journal/soc-LiveJournal1.base.100000.adj
### SET API ###
binary = 1
native map = 0
iteration = 1
native map_early_exit = 0
native parallel_map = 0
native native_parallel_map_early_exit = 0
supports modification
supports_get_memory_size = 0
### GRAPH API ###
n is suppoted as a function
m is stored
the graph is symmetric
degree is supported
supports basic map
parallel_map_neighbors is supported
map_neighbors_early_exit is supported
parallel_map_neighbors_early_exit is supported
supports insert_batch
don't have recent enough glibc to make a good guess
total bytes used = 0
### Threads: 128
### n: 4847571
### m: 85220856
>>> Begin -----------------------------
>>> Input_file /data/datasets/graphs/live-journal/soc-LiveJournal1.base.100000.adj
>>> Batch_file /data/datasets/graphs/live-journal/soc-LiveJournal1.dynamic.100000.el
>>> Batch_num 10
>>> Batch_size 100000
>>> Alg LabelPropagation 
>>> Res: 
0.003012 0.028664
0.003184 0.026886
0.003359 0.026898
0.003261 0.027483
0.003292 0.026852
0.003281 0.027055
0.003297 0.027048
0.003263 0.027308
0.003534 0.027049
0.003566 0.027093
>>> End -----------------------------
--- scripts:  program finish, took 8
--- scripts:  Running run_absl_btree_set on soc-LiveJournal1 (prefix: live-journal) with batch size 100000 and algorithm wbfs
### Graph: /data/datasets/graphs/live-journal/soc-LiveJournal1.base.100000.adj
### SET API ###
binary = 1
native map = 0
iteration = 1
native map_early_exit = 0
native parallel_map = 0
native native_parallel_map_early_exit = 0
supports modification
supports_get_memory_size = 0
### GRAPH API ###
n is suppoted as a function
m is stored
the graph is symmetric
degree is supported
supports basic map
parallel_map_neighbors is supported
map_neighbors_early_exit is supported
parallel_map_neighbors_early_exit is supported
supports insert_batch
don't have recent enough glibc to make a good guess
total bytes used = 0
### Threads: 128
### n: 4847571
### m: 85220856
>>> Begin -----------------------------
>>> Input_file /data/datasets/graphs/live-journal/soc-LiveJournal1.base.100000.adj
>>> Batch_file /data/datasets/graphs/live-journal/soc-LiveJournal1.dynamic.100000.el
>>> Batch_num 10
>>> Batch_size 100000
>>> Alg wBFS_unweighted 
>>> Res: 
0.003666 5.311914
0.005008 5.340253
0.005052 5.406169
0.004617 5.392500
0.004555 5.370751
0.004203 5.379851
0.004220 5.386235
0.005268 5.302515
0.004289 5.302105
0.004368 5.258984
>>> End -----------------------------
--- scripts:  program finish, took 220
--- scripts:  Running run_absl_btree_set on com-orkut.ungraph (prefix: orkut) with batch size 100000 and algorithm bfs
### Graph: /data/datasets/graphs/orkut/com-orkut.ungraph.base.100000.adj
### SET API ###
binary = 1
native map = 0
iteration = 1
native map_early_exit = 0
native parallel_map = 0
native native_parallel_map_early_exit = 0
supports modification
supports_get_memory_size = 0
### GRAPH API ###
n is suppoted as a function
m is stored
the graph is symmetric
degree is supported
supports basic map
parallel_map_neighbors is supported
map_neighbors_early_exit is supported
parallel_map_neighbors_early_exit is supported
supports insert_batch
don't have recent enough glibc to make a good guess
total bytes used = 0
### Threads: 128
### n: 3072627
### m: 233370166
>>> Begin -----------------------------
>>> Input_file /data/datasets/graphs/orkut/com-orkut.ungraph.base.100000.adj
>>> Batch_file /data/datasets/graphs/orkut/com-orkut.ungraph.dynamic.100000.el
>>> Batch_num 10
>>> Batch_size 100000
>>> Alg BFS 
>>> Res: 
0.003212 0.008360
0.003148 0.006380
0.003264 0.006276
0.003256 0.006222
0.003286 0.006192
0.003264 0.006315
0.003263 0.006306
0.003217 0.006450
0.003269 0.006312
0.003329 0.006064
>>> End -----------------------------
--- scripts:  program finish, took 15
--- scripts:  Running run_absl_btree_set on com-orkut.ungraph (prefix: orkut) with batch size 100000 and algorithm pagerank
### Graph: /data/datasets/graphs/orkut/com-orkut.ungraph.base.100000.adj
### SET API ###
binary = 1
native map = 0
iteration = 1
native map_early_exit = 0
native parallel_map = 0
native native_parallel_map_early_exit = 0
supports modification
supports_get_memory_size = 0
### GRAPH API ###
n is suppoted as a function
m is stored
the graph is symmetric
degree is supported
supports basic map
parallel_map_neighbors is supported
map_neighbors_early_exit is supported
parallel_map_neighbors_early_exit is supported
supports insert_batch
don't have recent enough glibc to make a good guess
total bytes used = 0
### Threads: 128
### n: 3072627
### m: 233370166
>>> Begin -----------------------------
>>> Input_file /data/datasets/graphs/orkut/com-orkut.ungraph.base.100000.adj
>>> Batch_file /data/datasets/graphs/orkut/com-orkut.ungraph.dynamic.100000.el
>>> Batch_num 10
>>> Batch_size 100000
>>> Alg PageRank 
>>> Res: 
0.003184 0.300965
0.003595 0.299101
0.003665 0.299861
0.003707 0.300648
0.003719 0.298813
0.003805 0.300554
0.003773 0.301724
0.003922 0.302306
0.003905 0.302534
0.004011 0.275228
>>> End -----------------------------
--- scripts:  program finish, took 27
--- scripts:  Running run_absl_btree_set on com-orkut.ungraph (prefix: orkut) with batch size 100000 and algorithm labelpropagation
### Graph: /data/datasets/graphs/orkut/com-orkut.ungraph.base.100000.adj
### SET API ###
binary = 1
native map = 0
iteration = 1
native map_early_exit = 0
native parallel_map = 0
native native_parallel_map_early_exit = 0
supports modification
supports_get_memory_size = 0
### GRAPH API ###
n is suppoted as a function
m is stored
the graph is symmetric
degree is supported
supports basic map
parallel_map_neighbors is supported
map_neighbors_early_exit is supported
parallel_map_neighbors_early_exit is supported
supports insert_batch
don't have recent enough glibc to make a good guess
total bytes used = 0
### Threads: 128
### n: 3072627
### m: 233370166
>>> Begin -----------------------------
>>> Input_file /data/datasets/graphs/orkut/com-orkut.ungraph.base.100000.adj
>>> Batch_file /data/datasets/graphs/orkut/com-orkut.ungraph.dynamic.100000.el
>>> Batch_num 10
>>> Batch_size 100000
>>> Alg LabelPropagation 
>>> Res: 
0.003420 0.042661
0.004029 0.041871
0.004143 0.042220
0.004105 0.042367
0.004173 0.042016
0.004258 0.042544
0.004171 0.043932
0.005979 0.043224
0.004350 0.045584
0.004524 0.042648
>>> End -----------------------------
--- scripts:  program finish, took 15
--- scripts:  Running run_absl_btree_set on com-orkut.ungraph (prefix: orkut) with batch size 100000 and algorithm wbfs
### Graph: /data/datasets/graphs/orkut/com-orkut.ungraph.base.100000.adj
### SET API ###
binary = 1
native map = 0
iteration = 1
native map_early_exit = 0
native parallel_map = 0
native native_parallel_map_early_exit = 0
supports modification
supports_get_memory_size = 0
### GRAPH API ###
n is suppoted as a function
m is stored
the graph is symmetric
degree is supported
supports basic map
parallel_map_neighbors is supported
map_neighbors_early_exit is supported
parallel_map_neighbors_early_exit is supported
supports insert_batch
don't have recent enough glibc to make a good guess
total bytes used = 0
### Threads: 128
### n: 3072627
### m: 233370166
>>> Begin -----------------------------
>>> Input_file /data/datasets/graphs/orkut/com-orkut.ungraph.base.100000.adj
>>> Batch_file /data/datasets/graphs/orkut/com-orkut.ungraph.dynamic.100000.el
>>> Batch_num 10
>>> Batch_size 100000
>>> Alg wBFS_unweighted 
>>> Res: 
0.003488 3.678950
0.008991 3.680710
0.004948 3.599680
0.005193 3.633833
0.005416 3.642484
0.005666 3.707072
0.005565 3.703421
0.006398 3.772339
0.006723 3.719512
0.005699 3.686548
>>> End -----------------------------
--- scripts:  program finish, took 163
--- scripts:  Running run_absl_btree_set on cit-Patents (prefix: cit-Patents) with batch size 100000 and algorithm bfs
### Graph: /data/datasets/graphs/cit-Patents/cit-Patents.base.100000.adj
### SET API ###
binary = 1
native map = 0
iteration = 1
native map_early_exit = 0
native parallel_map = 0
native native_parallel_map_early_exit = 0
supports modification
supports_get_memory_size = 0
### GRAPH API ###
n is suppoted as a function
m is stored
the graph is symmetric
degree is supported
supports basic map
parallel_map_neighbors is supported
map_neighbors_early_exit is supported
parallel_map_neighbors_early_exit is supported
supports insert_batch
don't have recent enough glibc to make a good guess
total bytes used = 0
### Threads: 128
### n: 6009555
### m: 32037895
>>> Begin -----------------------------
>>> Input_file /data/datasets/graphs/cit-Patents/cit-Patents.base.100000.adj
>>> Batch_file /data/datasets/graphs/cit-Patents/cit-Patents.dynamic.100000.el
>>> Batch_num 10
>>> Batch_size 100000
>>> Alg BFS 
>>> Res: 
0.003807 0.012920
0.003835 0.012466
0.003885 0.012589
0.003985 0.012663
0.003949 0.012661
0.003979 0.012682
0.003997 0.013470
0.004080 0.013261
0.004066 0.013294
0.004185 0.013328
>>> End -----------------------------
--- scripts:  program finish, took 5
--- scripts:  Running run_absl_btree_set on cit-Patents (prefix: cit-Patents) with batch size 100000 and algorithm pagerank
### Graph: /data/datasets/graphs/cit-Patents/cit-Patents.base.100000.adj
### SET API ###
binary = 1
native map = 0
iteration = 1
native map_early_exit = 0
native parallel_map = 0
native native_parallel_map_early_exit = 0
supports modification
supports_get_memory_size = 0
### GRAPH API ###
n is suppoted as a function
m is stored
the graph is symmetric
degree is supported
supports basic map
parallel_map_neighbors is supported
map_neighbors_early_exit is supported
parallel_map_neighbors_early_exit is supported
supports insert_batch
don't have recent enough glibc to make a good guess
total bytes used = 0
### Threads: 128
### n: 6009555
### m: 32037895
>>> Begin -----------------------------
>>> Input_file /data/datasets/graphs/cit-Patents/cit-Patents.base.100000.adj
>>> Batch_file /data/datasets/graphs/cit-Patents/cit-Patents.dynamic.100000.el
>>> Batch_num 10
>>> Batch_size 100000
>>> Alg PageRank 
>>> Res: 
0.003456 0.174834
0.003728 0.172730
0.004417 0.185546
0.004355 0.184265
0.003826 0.186324
0.003719 0.190827
0.004380 0.194409
0.004216 0.185032
0.004108 0.188393
0.004957 0.189497
>>> End -----------------------------
--- scripts:  program finish, took 11
--- scripts:  Running run_absl_btree_set on cit-Patents (prefix: cit-Patents) with batch size 100000 and algorithm labelpropagation
### Graph: /data/datasets/graphs/cit-Patents/cit-Patents.base.100000.adj
### SET API ###
binary = 1
native map = 0
iteration = 1
native map_early_exit = 0
native parallel_map = 0
native native_parallel_map_early_exit = 0
supports modification
supports_get_memory_size = 0
### GRAPH API ###
n is suppoted as a function
m is stored
the graph is symmetric
degree is supported
supports basic map
parallel_map_neighbors is supported
map_neighbors_early_exit is supported
parallel_map_neighbors_early_exit is supported
supports insert_batch
don't have recent enough glibc to make a good guess
total bytes used = 0
### Threads: 128
### n: 6009555
### m: 32037895
>>> Begin -----------------------------
>>> Input_file /data/datasets/graphs/cit-Patents/cit-Patents.base.100000.adj
>>> Batch_file /data/datasets/graphs/cit-Patents/cit-Patents.dynamic.100000.el
>>> Batch_num 10
>>> Batch_size 100000
>>> Alg LabelPropagation 
>>> Res: 
0.003337 0.024000
0.003280 0.022851
0.003431 0.023283
0.003532 0.022953
0.003575 0.023431
0.003633 0.022279
0.003687 0.022692
0.003722 0.023201
0.004058 0.023138
0.003829 0.023398
>>> End -----------------------------
--- scripts:  program finish, took 5
--- scripts:  Running run_absl_btree_set on cit-Patents (prefix: cit-Patents) with batch size 100000 and algorithm wbfs
### Graph: /data/datasets/graphs/cit-Patents/cit-Patents.base.100000.adj
### SET API ###
binary = 1
native map = 0
iteration = 1
native map_early_exit = 0
native parallel_map = 0
native native_parallel_map_early_exit = 0
supports modification
supports_get_memory_size = 0
### GRAPH API ###
n is suppoted as a function
m is stored
the graph is symmetric
degree is supported
supports basic map
parallel_map_neighbors is supported
map_neighbors_early_exit is supported
parallel_map_neighbors_early_exit is supported
supports insert_batch
don't have recent enough glibc to make a good guess
total bytes used = 0
### Threads: 128
### n: 6009555
### m: 32037895
>>> Begin -----------------------------
>>> Input_file /data/datasets/graphs/cit-Patents/cit-Patents.base.100000.adj
>>> Batch_file /data/datasets/graphs/cit-Patents/cit-Patents.dynamic.100000.el
>>> Batch_num 10
>>> Batch_size 100000
>>> Alg wBFS_unweighted 
>>> Res: 
0.003787 5.296715
0.005109 5.263295
0.004907 5.216940
0.004142 5.180819
0.004195 5.191130
0.004468 5.181623
0.004781 5.135209
0.004168 5.139331
0.004495 5.221173
0.005168 5.130219
>>> End -----------------------------
--- scripts:  program finish, took 212
--- scripts:  Running run_absl_btree_set on twitter-unique-undir (prefix: twitter) with batch size 100000 and algorithm bfs
### Graph: /data/datasets/graphs/twitter/twitter-unique-undir.base.100000.adj
### SET API ###
binary = 1
native map = 0
iteration = 1
native map_early_exit = 0
native parallel_map = 0
native native_parallel_map_early_exit = 0
supports modification
supports_get_memory_size = 0
### GRAPH API ###
n is suppoted as a function
m is stored
the graph is symmetric
degree is supported
supports basic map
parallel_map_neighbors is supported
map_neighbors_early_exit is supported
parallel_map_neighbors_early_exit is supported
supports insert_batch
don't have recent enough glibc to make a good guess
total bytes used = 0
### Threads: 128
### n: 41652231
### m: 2429498283
>>> Begin -----------------------------
>>> Input_file /data/datasets/graphs/twitter/twitter-unique-undir.base.100000.adj
>>> Batch_file /data/datasets/graphs/twitter/twitter-unique-undir.dynamic.100000.el
>>> Batch_num 10
>>> Batch_size 100000
>>> Alg BFS 
>>> Res: 
0.017733 0.164626
0.018166 0.105178
0.017740 0.101562
0.017443 0.102323
0.018669 0.102600
0.017804 0.100962
0.021491 0.101177
0.016666 0.102462
0.018794 0.101080
0.015914 0.101077
>>> End -----------------------------
--- scripts:  program finish, took 154
--- scripts:  Running run_absl_btree_set on twitter-unique-undir (prefix: twitter) with batch size 100000 and algorithm pagerank
### Graph: /data/datasets/graphs/twitter/twitter-unique-undir.base.100000.adj
### SET API ###
binary = 1
native map = 0
iteration = 1
native map_early_exit = 0
native parallel_map = 0
native native_parallel_map_early_exit = 0
supports modification
supports_get_memory_size = 0
### GRAPH API ###
n is suppoted as a function
m is stored
the graph is symmetric
degree is supported
supports basic map
parallel_map_neighbors is supported
map_neighbors_early_exit is supported
parallel_map_neighbors_early_exit is supported
supports insert_batch
don't have recent enough glibc to make a good guess
total bytes used = 0
### Threads: 128
### n: 41652231
### m: 2429498283
>>> Begin -----------------------------
>>> Input_file /data/datasets/graphs/twitter/twitter-unique-undir.base.100000.adj
>>> Batch_file /data/datasets/graphs/twitter/twitter-unique-undir.dynamic.100000.el
>>> Batch_num 10
>>> Batch_size 100000
>>> Alg PageRank 
>>> Res: 
0.011947 7.548777
0.007942 7.435466
0.008339 7.297992
0.007108 7.246919
0.007496 7.256232
0.008407 7.248834
0.008988 8.146299
0.007812 8.966674
0.008195 7.710855
0.008595 9.413154
>>> End -----------------------------
--- scripts:  program finish, took 452
--- scripts:  Running run_absl_btree_set on twitter-unique-undir (prefix: twitter) with batch size 100000 and algorithm labelpropagation
### Graph: /data/datasets/graphs/twitter/twitter-unique-undir.base.100000.adj
### SET API ###
binary = 1
native map = 0
iteration = 1
native map_early_exit = 0
native parallel_map = 0
native native_parallel_map_early_exit = 0
supports modification
supports_get_memory_size = 0
### GRAPH API ###
n is suppoted as a function
m is stored
the graph is symmetric
degree is supported
supports basic map
parallel_map_neighbors is supported
map_neighbors_early_exit is supported
parallel_map_neighbors_early_exit is supported
supports insert_batch
don't have recent enough glibc to make a good guess
total bytes used = 0
### Threads: 128
### n: 41652231
### m: 2429498283
>>> Begin -----------------------------
>>> Input_file /data/datasets/graphs/twitter/twitter-unique-undir.base.100000.adj
>>> Batch_file /data/datasets/graphs/twitter/twitter-unique-undir.dynamic.100000.el
>>> Batch_num 10
>>> Batch_size 100000
>>> Alg LabelPropagation 
>>> Res: 
0.012378 0.986156
0.010058 0.901454
0.008582 0.902128
0.008912 0.893773
0.011847 0.901470
0.010856 0.876308
0.012913 0.890880
0.011340 0.893572
0.012703 0.872527
0.013035 0.884225
>>> End -----------------------------
--- scripts:  program finish, took 181
--- scripts:  Running run_absl_btree_set on twitter-unique-undir (prefix: twitter) with batch size 100000 and algorithm wbfs
### Graph: /data/datasets/graphs/twitter/twitter-unique-undir.base.100000.adj
### SET API ###
binary = 1
native map = 0
iteration = 1
native map_early_exit = 0
native parallel_map = 0
native native_parallel_map_early_exit = 0
supports modification
supports_get_memory_size = 0
### GRAPH API ###
n is suppoted as a function
m is stored
the graph is symmetric
degree is supported
supports basic map
parallel_map_neighbors is supported
map_neighbors_early_exit is supported
parallel_map_neighbors_early_exit is supported
supports insert_batch
don't have recent enough glibc to make a good guess
total bytes used = 0
### Threads: 128
### n: 41652231
### m: 2429498283
>>> Begin -----------------------------
>>> Input_file /data/datasets/graphs/twitter/twitter-unique-undir.base.100000.adj
>>> Batch_file /data/datasets/graphs/twitter/twitter-unique-undir.dynamic.100000.el
>>> Batch_num 10
>>> Batch_size 100000
>>> Alg wBFS_unweighted 
>>> Res: 
0.011910 32.947417
0.008734 32.778174
0.006443 32.226475
0.006466 32.641772
0.006155 32.520256
0.005900 32.117320
0.006360 32.409850
0.004852 32.163035
0.005350 32.298848
0.005108 31.944951
>>> End -----------------------------
--- scripts:  program finish, took 1433
--- scripts:  Running run_absl_btree_set on com-friendster (prefix: friend) with batch size 100000 and algorithm bfs
### Graph: /data/datasets/graphs/friend/com-friendster.base.100000.adj
### SET API ###
binary = 1
native map = 0
iteration = 1
native map_early_exit = 0
native parallel_map = 0
native native_parallel_map_early_exit = 0
supports modification
supports_get_memory_size = 0
### GRAPH API ###
n is suppoted as a function
m is stored
the graph is symmetric
degree is supported
supports basic map
parallel_map_neighbors is supported
map_neighbors_early_exit is supported
parallel_map_neighbors_early_exit is supported
supports insert_batch
don't have recent enough glibc to make a good guess
total bytes used = 0
### Threads: 128
### n: 2586147870
### m: 3697831648
>>> Begin -----------------------------
>>> Input_file /data/datasets/graphs/friend/com-friendster.base.100000.adj
>>> Batch_file /data/datasets/graphs/friend/com-friendster.dynamic.100000.el
>>> Batch_num 10
>>> Batch_size 100000
>>> Alg BFS 
>>> Res: 
0.005928 2.843853
0.004945 2.197148
0.004795 2.208767
0.004725 2.199758
0.004593 2.202352
0.004293 2.191476
0.004705 2.169659
0.004728 2.169224
0.004697 2.170637
0.004746 2.163281
>>> End -----------------------------
--- scripts:  program finish, took 442
--- scripts:  Running run_absl_btree_set on com-friendster (prefix: friend) with batch size 100000 and algorithm pagerank
### Graph: /data/datasets/graphs/friend/com-friendster.base.100000.adj
### SET API ###
binary = 1
native map = 0
iteration = 1
native map_early_exit = 0
native parallel_map = 0
native native_parallel_map_early_exit = 0
supports modification
supports_get_memory_size = 0
### GRAPH API ###
n is suppoted as a function
m is stored
the graph is symmetric
degree is supported
supports basic map
parallel_map_neighbors is supported
map_neighbors_early_exit is supported
parallel_map_neighbors_early_exit is supported
supports insert_batch
don't have recent enough glibc to make a good guess
total bytes used = 0
### Threads: 128
### n: 2586147870
### m: 3697831648
>>> Begin -----------------------------
>>> Input_file /data/datasets/graphs/friend/com-friendster.base.100000.adj
>>> Batch_file /data/datasets/graphs/friend/com-friendster.dynamic.100000.el
>>> Batch_num 10
>>> Batch_size 100000
>>> Alg PageRank 
>>> Res: 
0.004825 54.312956
0.005682 55.388574
0.009538 54.929236
0.005680 54.530556
0.005048 54.521709
0.004882 54.512597
0.004699 54.478239
0.004662 54.388283
0.004737 54.346041
0.005395 25.793475
>>> End -----------------------------
--- scripts:  program finish, took 2368
--- scripts:  Running run_absl_btree_set on com-friendster (prefix: friend) with batch size 100000 and algorithm labelpropagation
### Graph: /data/datasets/graphs/friend/com-friendster.base.100000.adj
### SET API ###
binary = 1
native map = 0
iteration = 1
native map_early_exit = 0
native parallel_map = 0
native native_parallel_map_early_exit = 0
supports modification
supports_get_memory_size = 0
### GRAPH API ###
n is suppoted as a function
m is stored
the graph is symmetric
degree is supported
supports basic map
parallel_map_neighbors is supported
map_neighbors_early_exit is supported
parallel_map_neighbors_early_exit is supported
supports insert_batch
don't have recent enough glibc to make a good guess
total bytes used = 0
### Threads: 128
### n: 2586147870
### m: 3697831648
>>> Begin -----------------------------
>>> Input_file /data/datasets/graphs/friend/com-friendster.base.100000.adj
>>> Batch_file /data/datasets/graphs/friend/com-friendster.dynamic.100000.el
>>> Batch_num 10
>>> Batch_size 100000
>>> Alg LabelPropagation 
>>> Res: 
0.005217 4.148254
0.005491 3.911872
0.005788 3.863840
0.005858 3.939244
0.006397 3.823985
0.005852 3.890727
0.006120 3.886354
0.006670 3.877834
0.006684 3.841111
0.007507 3.901949
>>> End -----------------------------
--- scripts:  program finish, took 503
--- scripts:  Running run_absl_btree_set on com-friendster (prefix: friend) with batch size 100000 and algorithm wbfs
### Graph: /data/datasets/graphs/friend/com-friendster.base.100000.adj
### SET API ###
binary = 1
native map = 0
iteration = 1
native map_early_exit = 0
native parallel_map = 0
native native_parallel_map_early_exit = 0
supports modification
supports_get_memory_size = 0
### GRAPH API ###
n is suppoted as a function
m is stored
the graph is symmetric
degree is supported
supports basic map
parallel_map_neighbors is supported
map_neighbors_early_exit is supported
parallel_map_neighbors_early_exit is supported
supports insert_batch
don't have recent enough glibc to make a good guess
total bytes used = 0
### Threads: 128
### n: 2586147870
### m: 3697831648
>>> Begin -----------------------------
>>> Input_file /data/datasets/graphs/friend/com-friendster.base.100000.adj
>>> Batch_file /data/datasets/graphs/friend/com-friendster.dynamic.100000.el
>>> Batch_num 10
>>> Batch_size 100000
>>> Alg wBFS_unweighted 
>>> Res: 
0.007085 51.792092
0.010577 50.634809
0.007738 49.850244
0.007291 51.415936
0.005587 60.953168
0.005224 77.333454
0.005466 70.238170
0.006020 81.088867
0.006023 60.377186
0.005027 64.799948
>>> End -----------------------------
--- scripts:  program finish, took 2823
--- scripts:  Running run_absl_btree_set on soc-LiveJournal1 (prefix: live-journal) with batch size 1000000 and algorithm bfs
### Graph: /data/datasets/graphs/live-journal/soc-LiveJournal1.base.1000000.adj
### SET API ###
binary = 1
native map = 0
iteration = 1
native map_early_exit = 0
native parallel_map = 0
native native_parallel_map_early_exit = 0
supports modification
supports_get_memory_size = 0
### GRAPH API ###
n is suppoted as a function
m is stored
the graph is symmetric
degree is supported
supports basic map
parallel_map_neighbors is supported
map_neighbors_early_exit is supported
parallel_map_neighbors_early_exit is supported
supports insert_batch
don't have recent enough glibc to make a good guess
total bytes used = 0
### Threads: 128
### n: 4847571
### m: 76220856
>>> Begin -----------------------------
>>> Input_file /data/datasets/graphs/live-journal/soc-LiveJournal1.base.1000000.adj
>>> Batch_file /data/datasets/graphs/live-journal/soc-LiveJournal1.dynamic.1000000.el
>>> Batch_num 10
>>> Batch_size 1000000
>>> Alg BFS 
>>> Res: 
0.007990 0.011721
0.008843 0.010916
0.008727 0.010922
0.008700 0.010946
0.008745 0.010802
0.008977 0.010976
0.008826 0.010837
0.008818 0.011107
0.009093 0.010941
0.009127 0.010850
>>> End -----------------------------
--- scripts:  program finish, took 8
--- scripts:  Running run_absl_btree_set on soc-LiveJournal1 (prefix: live-journal) with batch size 1000000 and algorithm pagerank
### Graph: /data/datasets/graphs/live-journal/soc-LiveJournal1.base.1000000.adj
### SET API ###
binary = 1
native map = 0
iteration = 1
native map_early_exit = 0
native parallel_map = 0
native native_parallel_map_early_exit = 0
supports modification
supports_get_memory_size = 0
### GRAPH API ###
n is suppoted as a function
m is stored
the graph is symmetric
degree is supported
supports basic map
parallel_map_neighbors is supported
map_neighbors_early_exit is supported
parallel_map_neighbors_early_exit is supported
supports insert_batch
don't have recent enough glibc to make a good guess
total bytes used = 0
### Threads: 128
### n: 4847571
### m: 76220856
>>> Begin -----------------------------
>>> Input_file /data/datasets/graphs/live-journal/soc-LiveJournal1.base.1000000.adj
>>> Batch_file /data/datasets/graphs/live-journal/soc-LiveJournal1.dynamic.1000000.el
>>> Batch_num 10
>>> Batch_size 1000000
>>> Alg PageRank 
>>> Res: 
0.007948 0.195702
0.009105 0.201532
0.009225 0.198210
0.009333 0.207872
0.009251 0.211286
0.009297 0.207730
0.009074 0.210889
0.009432 0.216465
0.009321 0.222523
0.010368 0.223931
>>> End -----------------------------
--- scripts:  program finish, took 16
--- scripts:  Running run_absl_btree_set on soc-LiveJournal1 (prefix: live-journal) with batch size 1000000 and algorithm labelpropagation
### Graph: /data/datasets/graphs/live-journal/soc-LiveJournal1.base.1000000.adj
### SET API ###
binary = 1
native map = 0
iteration = 1
native map_early_exit = 0
native parallel_map = 0
native native_parallel_map_early_exit = 0
supports modification
supports_get_memory_size = 0
### GRAPH API ###
n is suppoted as a function
m is stored
the graph is symmetric
degree is supported
supports basic map
parallel_map_neighbors is supported
map_neighbors_early_exit is supported
parallel_map_neighbors_early_exit is supported
supports insert_batch
don't have recent enough glibc to make a good guess
total bytes used = 0
### Threads: 128
### n: 4847571
### m: 76220856
>>> Begin -----------------------------
>>> Input_file /data/datasets/graphs/live-journal/soc-LiveJournal1.base.1000000.adj
>>> Batch_file /data/datasets/graphs/live-journal/soc-LiveJournal1.dynamic.1000000.el
>>> Batch_num 10
>>> Batch_size 1000000
>>> Alg LabelPropagation 
>>> Res: 
0.007900 0.024588
0.008462 0.025006
0.008713 0.025729
0.008460 0.025643
0.008816 0.025848
0.008777 0.026848
0.008736 0.026574
0.008986 0.026904
0.008747 0.027047
0.008932 0.031801
>>> End -----------------------------
--- scripts:  program finish, took 8
--- scripts:  Running run_absl_btree_set on soc-LiveJournal1 (prefix: live-journal) with batch size 1000000 and algorithm wbfs
### Graph: /data/datasets/graphs/live-journal/soc-LiveJournal1.base.1000000.adj
### SET API ###
binary = 1
native map = 0
iteration = 1
native map_early_exit = 0
native parallel_map = 0
native native_parallel_map_early_exit = 0
supports modification
supports_get_memory_size = 0
### GRAPH API ###
n is suppoted as a function
m is stored
the graph is symmetric
degree is supported
supports basic map
parallel_map_neighbors is supported
map_neighbors_early_exit is supported
parallel_map_neighbors_early_exit is supported
supports insert_batch
don't have recent enough glibc to make a good guess
total bytes used = 0
### Threads: 128
### n: 4847571
### m: 76220856
>>> Begin -----------------------------
>>> Input_file /data/datasets/graphs/live-journal/soc-LiveJournal1.base.1000000.adj
>>> Batch_file /data/datasets/graphs/live-journal/soc-LiveJournal1.dynamic.1000000.el
>>> Batch_num 10
>>> Batch_size 1000000
>>> Alg wBFS_unweighted 
>>> Res: 
0.008733 5.320238
0.010132 5.347670
0.013352 5.463771
0.012382 5.515656
0.011759 5.438719
0.011671 5.391074
0.010761 5.306094
0.011336 5.556444
0.012035 5.542042
0.010986 5.271324
>>> End -----------------------------
--- scripts:  program finish, took 224
--- scripts:  Running run_absl_btree_set on com-orkut.ungraph (prefix: orkut) with batch size 1000000 and algorithm bfs
### Graph: /data/datasets/graphs/orkut/com-orkut.ungraph.base.1000000.adj
### SET API ###
binary = 1
native map = 0
iteration = 1
native map_early_exit = 0
native parallel_map = 0
native native_parallel_map_early_exit = 0
supports modification
supports_get_memory_size = 0
### GRAPH API ###
n is suppoted as a function
m is stored
the graph is symmetric
degree is supported
supports basic map
parallel_map_neighbors is supported
map_neighbors_early_exit is supported
parallel_map_neighbors_early_exit is supported
supports insert_batch
don't have recent enough glibc to make a good guess
total bytes used = 0
### Threads: 128
### n: 3072627
### m: 224370166
>>> Begin -----------------------------
>>> Input_file /data/datasets/graphs/orkut/com-orkut.ungraph.base.1000000.adj
>>> Batch_file /data/datasets/graphs/orkut/com-orkut.ungraph.dynamic.1000000.el
>>> Batch_num 10
>>> Batch_size 1000000
>>> Alg BFS 
>>> Res: 
0.008091 0.007666
0.008044 0.006983
0.009896 0.007107
0.008147 0.006880
0.008329 0.007361
0.008509 0.007121
0.008736 0.007020
0.008413 0.006918
0.008194 0.007033
0.008057 0.006888
>>> End -----------------------------
--- scripts:  program finish, took 15
--- scripts:  Running run_absl_btree_set on com-orkut.ungraph (prefix: orkut) with batch size 1000000 and algorithm pagerank
### Graph: /data/datasets/graphs/orkut/com-orkut.ungraph.base.1000000.adj
### SET API ###
binary = 1
native map = 0
iteration = 1
native map_early_exit = 0
native parallel_map = 0
native native_parallel_map_early_exit = 0
supports modification
supports_get_memory_size = 0
### GRAPH API ###
n is suppoted as a function
m is stored
the graph is symmetric
degree is supported
supports basic map
parallel_map_neighbors is supported
map_neighbors_early_exit is supported
parallel_map_neighbors_early_exit is supported
supports insert_batch
don't have recent enough glibc to make a good guess
total bytes used = 0
### Threads: 128
### n: 3072627
### m: 224370166
>>> Begin -----------------------------
>>> Input_file /data/datasets/graphs/orkut/com-orkut.ungraph.base.1000000.adj
>>> Batch_file /data/datasets/graphs/orkut/com-orkut.ungraph.dynamic.1000000.el
>>> Batch_num 10
>>> Batch_size 1000000
>>> Alg PageRank 
>>> Res: 
0.007717 0.302221
0.008206 0.296942
0.008152 0.298736
0.008030 0.301055
0.008336 0.315782
0.008147 0.312842
0.008084 0.312816
0.008208 0.319126
0.008386 0.320010
0.008680 0.320960
>>> End -----------------------------
--- scripts:  program finish, took 27
--- scripts:  Running run_absl_btree_set on com-orkut.ungraph (prefix: orkut) with batch size 1000000 and algorithm labelpropagation
### Graph: /data/datasets/graphs/orkut/com-orkut.ungraph.base.1000000.adj
### SET API ###
binary = 1
native map = 0
iteration = 1
native map_early_exit = 0
native parallel_map = 0
native native_parallel_map_early_exit = 0
supports modification
supports_get_memory_size = 0
### GRAPH API ###
n is suppoted as a function
m is stored
the graph is symmetric
degree is supported
supports basic map
parallel_map_neighbors is supported
map_neighbors_early_exit is supported
parallel_map_neighbors_early_exit is supported
supports insert_batch
don't have recent enough glibc to make a good guess
total bytes used = 0
### Threads: 128
### n: 3072627
### m: 224370166
>>> Begin -----------------------------
>>> Input_file /data/datasets/graphs/orkut/com-orkut.ungraph.base.1000000.adj
>>> Batch_file /data/datasets/graphs/orkut/com-orkut.ungraph.dynamic.1000000.el
>>> Batch_num 10
>>> Batch_size 1000000
>>> Alg LabelPropagation 
>>> Res: 
0.007766 0.044461
0.008234 0.043707
0.008184 0.043981
0.008419 0.044089
0.008353 0.043976
0.008462 0.044031
0.008114 0.044742
0.008268 0.044734
0.008283 0.045059
0.008547 0.045995
>>> End -----------------------------
--- scripts:  program finish, took 17
--- scripts:  Running run_absl_btree_set on com-orkut.ungraph (prefix: orkut) with batch size 1000000 and algorithm wbfs
### Graph: /data/datasets/graphs/orkut/com-orkut.ungraph.base.1000000.adj
### SET API ###
binary = 1
native map = 0
iteration = 1
native map_early_exit = 0
native parallel_map = 0
native native_parallel_map_early_exit = 0
supports modification
supports_get_memory_size = 0
### GRAPH API ###
n is suppoted as a function
m is stored
the graph is symmetric
degree is supported
supports basic map
parallel_map_neighbors is supported
map_neighbors_early_exit is supported
parallel_map_neighbors_early_exit is supported
supports insert_batch
don't have recent enough glibc to make a good guess
total bytes used = 0
### Threads: 128
### n: 3072627
### m: 224370166
>>> Begin -----------------------------
>>> Input_file /data/datasets/graphs/orkut/com-orkut.ungraph.base.1000000.adj
>>> Batch_file /data/datasets/graphs/orkut/com-orkut.ungraph.dynamic.1000000.el
>>> Batch_num 10
>>> Batch_size 1000000
>>> Alg wBFS_unweighted 
>>> Res: 
0.007948 3.648839
0.009356 3.598044
0.011925 3.577420
0.010165 3.745705
0.010571 3.636551
0.011106 3.659912
0.010878 3.671110
0.011506 3.866034
0.012570 3.798957
0.014556 3.683378
>>> End -----------------------------
--- scripts:  program finish, took 163
--- scripts:  Running run_absl_btree_set on cit-Patents (prefix: cit-Patents) with batch size 1000000 and algorithm bfs
### Graph: /data/datasets/graphs/cit-Patents/cit-Patents.base.1000000.adj
### SET API ###
binary = 1
native map = 0
iteration = 1
native map_early_exit = 0
native parallel_map = 0
native native_parallel_map_early_exit = 0
supports modification
supports_get_memory_size = 0
### GRAPH API ###
n is suppoted as a function
m is stored
the graph is symmetric
degree is supported
supports basic map
parallel_map_neighbors is supported
map_neighbors_early_exit is supported
parallel_map_neighbors_early_exit is supported
supports insert_batch
don't have recent enough glibc to make a good guess
total bytes used = 0
### Threads: 128
### n: 6009555
### m: 23037895
>>> Begin -----------------------------
>>> Input_file /data/datasets/graphs/cit-Patents/cit-Patents.base.1000000.adj
>>> Batch_file /data/datasets/graphs/cit-Patents/cit-Patents.dynamic.1000000.el
>>> Batch_num 10
>>> Batch_size 1000000
>>> Alg BFS 
>>> Res: 
0.012818 0.012044
0.013311 0.011343
0.015533 0.011405
0.013871 0.010742
0.013577 0.010834
0.013202 0.011960
0.013676 0.011368
0.013529 0.010957
0.013440 0.011155
0.014096 0.011610
>>> End -----------------------------
--- scripts:  program finish, took 7
--- scripts:  Running run_absl_btree_set on cit-Patents (prefix: cit-Patents) with batch size 1000000 and algorithm pagerank
### Graph: /data/datasets/graphs/cit-Patents/cit-Patents.base.1000000.adj
### SET API ###
binary = 1
native map = 0
iteration = 1
native map_early_exit = 0
native parallel_map = 0
native native_parallel_map_early_exit = 0
supports modification
supports_get_memory_size = 0
### GRAPH API ###
n is suppoted as a function
m is stored
the graph is symmetric
degree is supported
supports basic map
parallel_map_neighbors is supported
map_neighbors_early_exit is supported
parallel_map_neighbors_early_exit is supported
supports insert_batch
don't have recent enough glibc to make a good guess
total bytes used = 0
### Threads: 128
### n: 6009555
### m: 23037895
>>> Begin -----------------------------
>>> Input_file /data/datasets/graphs/cit-Patents/cit-Patents.base.1000000.adj
>>> Batch_file /data/datasets/graphs/cit-Patents/cit-Patents.dynamic.1000000.el
>>> Batch_num 10
>>> Batch_size 1000000
>>> Alg PageRank 
>>> Res: 
0.012761 0.144897
0.014447 0.152696
0.014037 0.159114
0.016850 0.162744
0.014703 0.163735
0.015424 0.172480
0.015619 0.178933
0.015800 0.183055
0.015210 0.190469
0.015458 0.182994
>>> End -----------------------------
--- scripts:  program finish, took 12
--- scripts:  Running run_absl_btree_set on cit-Patents (prefix: cit-Patents) with batch size 1000000 and algorithm labelpropagation
### Graph: /data/datasets/graphs/cit-Patents/cit-Patents.base.1000000.adj
### SET API ###
binary = 1
native map = 0
iteration = 1
native map_early_exit = 0
native parallel_map = 0
native native_parallel_map_early_exit = 0
supports modification
supports_get_memory_size = 0
### GRAPH API ###
n is suppoted as a function
m is stored
the graph is symmetric
degree is supported
supports basic map
parallel_map_neighbors is supported
map_neighbors_early_exit is supported
parallel_map_neighbors_early_exit is supported
supports insert_batch
don't have recent enough glibc to make a good guess
total bytes used = 0
### Threads: 128
### n: 6009555
### m: 23037895
>>> Begin -----------------------------
>>> Input_file /data/datasets/graphs/cit-Patents/cit-Patents.base.1000000.adj
>>> Batch_file /data/datasets/graphs/cit-Patents/cit-Patents.dynamic.1000000.el
>>> Batch_num 10
>>> Batch_size 1000000
>>> Alg LabelPropagation 
>>> Res: 
0.017186 0.020619
0.013545 0.021885
0.014544 0.021180
0.014503 0.020889
0.014773 0.021400
0.014571 0.021746
0.017461 0.025920
0.016131 0.027016
0.018434 0.031056
0.021345 0.035878
>>> End -----------------------------
--- scripts:  program finish, took 7
--- scripts:  Running run_absl_btree_set on cit-Patents (prefix: cit-Patents) with batch size 1000000 and algorithm wbfs
### Graph: /data/datasets/graphs/cit-Patents/cit-Patents.base.1000000.adj
### SET API ###
binary = 1
native map = 0
iteration = 1
native map_early_exit = 0
native parallel_map = 0
native native_parallel_map_early_exit = 0
supports modification
supports_get_memory_size = 0
### GRAPH API ###
n is suppoted as a function
m is stored
the graph is symmetric
degree is supported
supports basic map
parallel_map_neighbors is supported
map_neighbors_early_exit is supported
parallel_map_neighbors_early_exit is supported
supports insert_batch
don't have recent enough glibc to make a good guess
total bytes used = 0
### Threads: 128
### n: 6009555
### m: 23037895
>>> Begin -----------------------------
>>> Input_file /data/datasets/graphs/cit-Patents/cit-Patents.base.1000000.adj
>>> Batch_file /data/datasets/graphs/cit-Patents/cit-Patents.dynamic.1000000.el
>>> Batch_num 10
>>> Batch_size 1000000
>>> Alg wBFS_unweighted 
>>> Res: 
0.012541 5.468975
0.013497 5.483832
0.014679 5.407609
0.015199 5.307265
0.015101 5.221821
0.014460 5.172339
0.013927 5.155737
0.013737 5.139518
0.014924 5.083451
0.015372 5.089454
>>> End -----------------------------
--- scripts:  program finish, took 215
--- scripts:  Running run_absl_btree_set on twitter-unique-undir (prefix: twitter) with batch size 1000000 and algorithm bfs
### Graph: /data/datasets/graphs/twitter/twitter-unique-undir.base.1000000.adj
### SET API ###
binary = 1
native map = 0
iteration = 1
native map_early_exit = 0
native parallel_map = 0
native native_parallel_map_early_exit = 0
supports modification
supports_get_memory_size = 0
### GRAPH API ###
n is suppoted as a function
m is stored
the graph is symmetric
degree is supported
supports basic map
parallel_map_neighbors is supported
map_neighbors_early_exit is supported
parallel_map_neighbors_early_exit is supported
supports insert_batch
don't have recent enough glibc to make a good guess
total bytes used = 0
### Threads: 128
### n: 41652231
### m: 2420498283
>>> Begin -----------------------------
>>> Input_file /data/datasets/graphs/twitter/twitter-unique-undir.base.1000000.adj
>>> Batch_file /data/datasets/graphs/twitter/twitter-unique-undir.dynamic.1000000.el
>>> Batch_num 10
>>> Batch_size 1000000
>>> Alg BFS 
>>> Res: 
0.047455 0.108560
0.053893 0.103208
0.051396 0.103744
0.048316 0.102838
0.054736 0.104306
0.053628 0.098738
0.061407 0.097924
0.044815 0.098778
0.052173 0.098959
0.051403 0.099723
>>> End -----------------------------
--- scripts:  program finish, took 164
--- scripts:  Running run_absl_btree_set on twitter-unique-undir (prefix: twitter) with batch size 1000000 and algorithm pagerank
### Graph: /data/datasets/graphs/twitter/twitter-unique-undir.base.1000000.adj
### SET API ###
binary = 1
native map = 0
iteration = 1
native map_early_exit = 0
native parallel_map = 0
native native_parallel_map_early_exit = 0
supports modification
supports_get_memory_size = 0
### GRAPH API ###
n is suppoted as a function
m is stored
the graph is symmetric
degree is supported
supports basic map
parallel_map_neighbors is supported
map_neighbors_early_exit is supported
parallel_map_neighbors_early_exit is supported
supports insert_batch
don't have recent enough glibc to make a good guess
total bytes used = 0
### Threads: 128
### n: 41652231
### m: 2420498283
>>> Begin -----------------------------
>>> Input_file /data/datasets/graphs/twitter/twitter-unique-undir.base.1000000.adj
>>> Batch_file /data/datasets/graphs/twitter/twitter-unique-undir.dynamic.1000000.el
>>> Batch_num 10
>>> Batch_size 1000000
>>> Alg PageRank 
>>> Res: 
0.042513 6.766178
0.054412 6.650395
0.051623 6.545375
0.048555 6.565046
0.048945 6.589926
0.050749 6.595127
0.055749 6.614809
0.036660 6.633715
0.049197 7.305825
0.048403 7.967783
>>> End -----------------------------
--- scripts:  program finish, took 419
--- scripts:  Running run_absl_btree_set on twitter-unique-undir (prefix: twitter) with batch size 1000000 and algorithm labelpropagation
### Graph: /data/datasets/graphs/twitter/twitter-unique-undir.base.1000000.adj
### SET API ###
binary = 1
native map = 0
iteration = 1
native map_early_exit = 0
native parallel_map = 0
native native_parallel_map_early_exit = 0
supports modification
supports_get_memory_size = 0
### GRAPH API ###
n is suppoted as a function
m is stored
the graph is symmetric
degree is supported
supports basic map
parallel_map_neighbors is supported
map_neighbors_early_exit is supported
parallel_map_neighbors_early_exit is supported
supports insert_batch
don't have recent enough glibc to make a good guess
total bytes used = 0
### Threads: 128
### n: 41652231
### m: 2420498283
>>> Begin -----------------------------
>>> Input_file /data/datasets/graphs/twitter/twitter-unique-undir.base.1000000.adj
>>> Batch_file /data/datasets/graphs/twitter/twitter-unique-undir.dynamic.1000000.el
>>> Batch_num 10
>>> Batch_size 1000000
>>> Alg LabelPropagation 
>>> Res: 
0.043414 0.835576
0.048201 0.835861
0.047939 0.852133
0.048309 0.856233
0.052636 0.858157
0.055261 0.857130
0.063037 0.851367
0.045026 0.858627
0.058395 0.855783
0.066179 0.881241
>>> End -----------------------------
--- scripts:  program finish, took 166
--- scripts:  Running run_absl_btree_set on twitter-unique-undir (prefix: twitter) with batch size 1000000 and algorithm wbfs
### Graph: /data/datasets/graphs/twitter/twitter-unique-undir.base.1000000.adj
### SET API ###
binary = 1
native map = 0
iteration = 1
native map_early_exit = 0
native parallel_map = 0
native native_parallel_map_early_exit = 0
supports modification
supports_get_memory_size = 0
### GRAPH API ###
n is suppoted as a function
m is stored
the graph is symmetric
degree is supported
supports basic map
parallel_map_neighbors is supported
map_neighbors_early_exit is supported
parallel_map_neighbors_early_exit is supported
supports insert_batch
don't have recent enough glibc to make a good guess
total bytes used = 0
### Threads: 128
### n: 41652231
### m: 2420498283
>>> Begin -----------------------------
>>> Input_file /data/datasets/graphs/twitter/twitter-unique-undir.base.1000000.adj
>>> Batch_file /data/datasets/graphs/twitter/twitter-unique-undir.dynamic.1000000.el
>>> Batch_num 10
>>> Batch_size 1000000
>>> Alg wBFS_unweighted 
>>> Res: 
0.045299 33.449853
0.052372 31.796550
0.037958 31.312129
0.036148 31.544420
0.041460 31.562689
0.042312 31.592384
0.050661 31.219650
0.028568 31.324825
0.037127 31.812804
0.035661 31.617584
>>> End -----------------------------
--- scripts:  program finish, took 1410
--- scripts:  Running run_absl_btree_set on com-friendster (prefix: friend) with batch size 1000000 and algorithm bfs
### Graph: /data/datasets/graphs/friend/com-friendster.base.1000000.adj
### SET API ###
binary = 1
native map = 0
iteration = 1
native map_early_exit = 0
native parallel_map = 0
native native_parallel_map_early_exit = 0
supports modification
supports_get_memory_size = 0
### GRAPH API ###
n is suppoted as a function
m is stored
the graph is symmetric
degree is supported
supports basic map
parallel_map_neighbors is supported
map_neighbors_early_exit is supported
parallel_map_neighbors_early_exit is supported
supports insert_batch
don't have recent enough glibc to make a good guess
total bytes used = 0
### Threads: 128
### n: 2586147870
### m: 3688831648
>>> Begin -----------------------------
>>> Input_file /data/datasets/graphs/friend/com-friendster.base.1000000.adj
>>> Batch_file /data/datasets/graphs/friend/com-friendster.dynamic.1000000.el
>>> Batch_num 10
>>> Batch_size 1000000
>>> Alg BFS 
>>> Res: 
0.023332 3.011408
0.029232 2.940970
0.027831 2.921083
0.030857 2.911877
0.027828 2.870943
0.027564 2.869315
0.028591 2.853038
0.026909 2.837781
0.028936 2.834174
0.030515 2.863037
>>> End -----------------------------
--- scripts:  program finish, took 449
--- scripts:  Running run_absl_btree_set on com-friendster (prefix: friend) with batch size 1000000 and algorithm pagerank
### Graph: /data/datasets/graphs/friend/com-friendster.base.1000000.adj
### SET API ###
binary = 1
native map = 0
iteration = 1
native map_early_exit = 0
native parallel_map = 0
native native_parallel_map_early_exit = 0
supports modification
supports_get_memory_size = 0
### GRAPH API ###
n is suppoted as a function
m is stored
the graph is symmetric
degree is supported
supports basic map
parallel_map_neighbors is supported
map_neighbors_early_exit is supported
parallel_map_neighbors_early_exit is supported
supports insert_batch
don't have recent enough glibc to make a good guess
total bytes used = 0
### Threads: 128
### n: 2586147870
### m: 3688831648
>>> Begin -----------------------------
>>> Input_file /data/datasets/graphs/friend/com-friendster.base.1000000.adj
>>> Batch_file /data/datasets/graphs/friend/com-friendster.dynamic.1000000.el
>>> Batch_num 10
>>> Batch_size 1000000
>>> Alg PageRank 
>>> Res: 
0.023377 69.911131
0.026950 111.664850
0.027231 129.119077
0.026936 137.907256
0.025369 130.089821
0.024995 130.838256
0.024085 144.163809
0.028837 142.844905
0.026357 146.294368
0.028820 76.838022
>>> End -----------------------------
--- scripts:  program finish, took 5192
--- scripts:  Running run_absl_btree_set on com-friendster (prefix: friend) with batch size 1000000 and algorithm labelpropagation
### Graph: /data/datasets/graphs/friend/com-friendster.base.1000000.adj
### SET API ###
binary = 1
native map = 0
iteration = 1
native map_early_exit = 0
native parallel_map = 0
native native_parallel_map_early_exit = 0
supports modification
supports_get_memory_size = 0
### GRAPH API ###
n is suppoted as a function
m is stored
the graph is symmetric
degree is supported
supports basic map
parallel_map_neighbors is supported
map_neighbors_early_exit is supported
parallel_map_neighbors_early_exit is supported
supports insert_batch
don't have recent enough glibc to make a good guess
total bytes used = 0
### Threads: 128
### n: 2586147870
### m: 3688831648
>>> Begin -----------------------------
>>> Input_file /data/datasets/graphs/friend/com-friendster.base.1000000.adj
>>> Batch_file /data/datasets/graphs/friend/com-friendster.dynamic.1000000.el
>>> Batch_num 10
>>> Batch_size 1000000
>>> Alg LabelPropagation 
>>> Res: 
0.023482 4.326809
0.026694 4.086306
0.026077 4.156151
0.025646 4.173298
0.026786 4.181150
0.025886 4.162587
0.025033 4.127958
0.025555 4.059392
0.025463 4.122965
0.029544 4.195000
>>> End -----------------------------
--- scripts:  program finish, took 513
--- scripts:  Running run_absl_btree_set on com-friendster (prefix: friend) with batch size 1000000 and algorithm wbfs
### Graph: /data/datasets/graphs/friend/com-friendster.base.1000000.adj
### SET API ###
binary = 1
native map = 0
iteration = 1
native map_early_exit = 0
native parallel_map = 0
native native_parallel_map_early_exit = 0
supports modification
supports_get_memory_size = 0
### GRAPH API ###
n is suppoted as a function
m is stored
the graph is symmetric
degree is supported
supports basic map
parallel_map_neighbors is supported
map_neighbors_early_exit is supported
parallel_map_neighbors_early_exit is supported
supports insert_batch
don't have recent enough glibc to make a good guess
total bytes used = 0
### Threads: 128
### n: 2586147870
### m: 3688831648
>>> Begin -----------------------------
>>> Input_file /data/datasets/graphs/friend/com-friendster.base.1000000.adj
>>> Batch_file /data/datasets/graphs/friend/com-friendster.dynamic.1000000.el
>>> Batch_num 10
>>> Batch_size 1000000
>>> Alg wBFS_unweighted 
>>> Res: 
0.025071 51.824727
0.025687 51.688899
0.058186 60.157154
0.040870 57.705950
0.035648 62.986070
0.025943 66.417879
0.024702 52.018875
0.028654 56.426558
0.029136 59.393912
0.027115 51.911888
>>> End -----------------------------
--- scripts:  program finish, took 2593
--- scripts:  Running run_absl_flat_hash_set on soc-LiveJournal1 (prefix: live-journal) with batch size 1 and algorithm bfs
### Graph: /data/datasets/graphs/live-journal/soc-LiveJournal1.base.1.adj
### SET API ###
binary = 1
native map = 0
iteration = 1
native map_early_exit = 0
native parallel_map = 0
native native_parallel_map_early_exit = 0
supports modification
supports_get_memory_size = 0
### GRAPH API ###
n is suppoted as a function
m is stored
the graph is symmetric
degree is supported
supports basic map
parallel_map_neighbors is supported
map_neighbors_early_exit is supported
parallel_map_neighbors_early_exit is supported
supports insert_batch
don't have recent enough glibc to make a good guess
total bytes used = 0
### Threads: 128
### n: 4847571
### m: 86220846
>>> Begin -----------------------------
>>> Input_file /data/datasets/graphs/live-journal/soc-LiveJournal1.base.1.adj
>>> Batch_file /data/datasets/graphs/live-journal/soc-LiveJournal1.dynamic.1.el
>>> Batch_num 10
>>> Batch_size 1
>>> Alg BFS 
>>> Res: 
0.000002 0.018343
0.000004 0.011960
0.000006 0.011631
0.000003 0.011910
0.000004 0.011930
0.000005 0.011862
0.000011 0.011881
0.000005 0.011736
0.000006 0.011983
0.000003 0.011860
>>> End -----------------------------
--- scripts:  program finish, took 8
--- scripts:  Running run_absl_flat_hash_set on soc-LiveJournal1 (prefix: live-journal) with batch size 1 and algorithm pagerank
### Graph: /data/datasets/graphs/live-journal/soc-LiveJournal1.base.1.adj
### SET API ###
binary = 1
native map = 0
iteration = 1
native map_early_exit = 0
native parallel_map = 0
native native_parallel_map_early_exit = 0
supports modification
supports_get_memory_size = 0
### GRAPH API ###
n is suppoted as a function
m is stored
the graph is symmetric
degree is supported
supports basic map
parallel_map_neighbors is supported
map_neighbors_early_exit is supported
parallel_map_neighbors_early_exit is supported
supports insert_batch
don't have recent enough glibc to make a good guess
total bytes used = 0
### Threads: 128
### n: 4847571
### m: 86220846
>>> Begin -----------------------------
>>> Input_file /data/datasets/graphs/live-journal/soc-LiveJournal1.base.1.adj
>>> Batch_file /data/datasets/graphs/live-journal/soc-LiveJournal1.dynamic.1.el
>>> Batch_num 10
>>> Batch_size 1
>>> Alg PageRank 
>>> Res: 
0.000002 0.242652
0.000006 0.229307
0.000005 0.236934
0.000007 0.239400
0.000007 0.243995
0.000008 0.236205
0.000003 0.223976
0.000007 0.221683
0.000009 0.224888
0.000008 0.231854
>>> End -----------------------------
--- scripts:  program finish, took 17
--- scripts:  Running run_absl_flat_hash_set on soc-LiveJournal1 (prefix: live-journal) with batch size 1 and algorithm labelpropagation
### Graph: /data/datasets/graphs/live-journal/soc-LiveJournal1.base.1.adj
### SET API ###
binary = 1
native map = 0
iteration = 1
native map_early_exit = 0
native parallel_map = 0
native native_parallel_map_early_exit = 0
supports modification
supports_get_memory_size = 0
### GRAPH API ###
n is suppoted as a function
m is stored
the graph is symmetric
degree is supported
supports basic map
parallel_map_neighbors is supported
map_neighbors_early_exit is supported
parallel_map_neighbors_early_exit is supported
supports insert_batch
don't have recent enough glibc to make a good guess
total bytes used = 0
### Threads: 128
### n: 4847571
### m: 86220846
>>> Begin -----------------------------
>>> Input_file /data/datasets/graphs/live-journal/soc-LiveJournal1.base.1.adj
>>> Batch_file /data/datasets/graphs/live-journal/soc-LiveJournal1.dynamic.1.el
>>> Batch_num 10
>>> Batch_size 1
>>> Alg LabelPropagation 
>>> Res: 
0.000001 0.034217
0.000003 0.030679
0.000004 0.030398
0.000005 0.030882
0.000005 0.030238
0.000003 0.030397
0.000005 0.030389
0.000005 0.030400
0.000005 0.030312
0.000004 0.030772
>>> End -----------------------------
--- scripts:  program finish, took 8
--- scripts:  Running run_absl_flat_hash_set on soc-LiveJournal1 (prefix: live-journal) with batch size 1 and algorithm wbfs
### Graph: /data/datasets/graphs/live-journal/soc-LiveJournal1.base.1.adj
### SET API ###
binary = 1
native map = 0
iteration = 1
native map_early_exit = 0
native parallel_map = 0
native native_parallel_map_early_exit = 0
supports modification
supports_get_memory_size = 0
### GRAPH API ###
n is suppoted as a function
m is stored
the graph is symmetric
degree is supported
supports basic map
parallel_map_neighbors is supported
map_neighbors_early_exit is supported
parallel_map_neighbors_early_exit is supported
supports insert_batch
don't have recent enough glibc to make a good guess
total bytes used = 0
### Threads: 128
### n: 4847571
### m: 86220846
>>> Begin -----------------------------
>>> Input_file /data/datasets/graphs/live-journal/soc-LiveJournal1.base.1.adj
>>> Batch_file /data/datasets/graphs/live-journal/soc-LiveJournal1.dynamic.1.el
>>> Batch_num 10
>>> Batch_size 1
>>> Alg wBFS_unweighted 
>>> Res: 
0.000001 4.840523
0.000003 4.713846
0.000003 4.718432
0.000005 4.719476
0.000005 4.736624
0.000006 4.805134
0.000004 4.736489
0.000007 4.774600
0.000007 4.751162
0.000004 4.738146
>>> End -----------------------------
--- scripts:  program finish, took 196
--- scripts:  Running run_absl_flat_hash_set on com-orkut.ungraph (prefix: orkut) with batch size 1 and algorithm bfs
### Graph: /data/datasets/graphs/orkut/com-orkut.ungraph.base.1.adj
### SET API ###
binary = 1
native map = 0
iteration = 1
native map_early_exit = 0
native parallel_map = 0
native native_parallel_map_early_exit = 0
supports modification
supports_get_memory_size = 0
### GRAPH API ###
n is suppoted as a function
m is stored
the graph is symmetric
degree is supported
supports basic map
parallel_map_neighbors is supported
map_neighbors_early_exit is supported
parallel_map_neighbors_early_exit is supported
supports insert_batch
don't have recent enough glibc to make a good guess
total bytes used = 0
### Threads: 128
### n: 3072627
### m: 234370156
>>> Begin -----------------------------
>>> Input_file /data/datasets/graphs/orkut/com-orkut.ungraph.base.1.adj
>>> Batch_file /data/datasets/graphs/orkut/com-orkut.ungraph.dynamic.1.el
>>> Batch_num 10
>>> Batch_size 1
>>> Alg BFS 
>>> Res: 
0.000001 0.017488
0.000005 0.011995
0.000004 0.011839
0.000003 0.011938
0.000002 0.013310
0.000003 0.012651
0.000005 0.012135
0.000002 0.011915
0.000004 0.012002
0.000008 0.013162
>>> End -----------------------------
--- scripts:  program finish, took 14
--- scripts:  Running run_absl_flat_hash_set on com-orkut.ungraph (prefix: orkut) with batch size 1 and algorithm pagerank
### Graph: /data/datasets/graphs/orkut/com-orkut.ungraph.base.1.adj
### SET API ###
binary = 1
native map = 0
iteration = 1
native map_early_exit = 0
native parallel_map = 0
native native_parallel_map_early_exit = 0
supports modification
supports_get_memory_size = 0
### GRAPH API ###
n is suppoted as a function
m is stored
the graph is symmetric
degree is supported
supports basic map
parallel_map_neighbors is supported
map_neighbors_early_exit is supported
parallel_map_neighbors_early_exit is supported
supports insert_batch
don't have recent enough glibc to make a good guess
total bytes used = 0
### Threads: 128
### n: 3072627
### m: 234370156
>>> Begin -----------------------------
>>> Input_file /data/datasets/graphs/orkut/com-orkut.ungraph.base.1.adj
>>> Batch_file /data/datasets/graphs/orkut/com-orkut.ungraph.dynamic.1.el
>>> Batch_num 10
>>> Batch_size 1
>>> Alg PageRank 
>>> Res: 
0.000001 0.362363
0.000006 0.402091
0.000005 0.383475
0.000006 0.353625
0.000004 0.349474
0.000003 0.344621
0.000005 0.345733
0.000004 0.354625
0.000005 0.344215
0.000005 0.347672
>>> End -----------------------------
--- scripts:  program finish, took 28
--- scripts:  Running run_absl_flat_hash_set on com-orkut.ungraph (prefix: orkut) with batch size 1 and algorithm labelpropagation
### Graph: /data/datasets/graphs/orkut/com-orkut.ungraph.base.1.adj
### SET API ###
binary = 1
native map = 0
iteration = 1
native map_early_exit = 0
native parallel_map = 0
native native_parallel_map_early_exit = 0
supports modification
supports_get_memory_size = 0
### GRAPH API ###
n is suppoted as a function
m is stored
the graph is symmetric
degree is supported
supports basic map
parallel_map_neighbors is supported
map_neighbors_early_exit is supported
parallel_map_neighbors_early_exit is supported
supports insert_batch
don't have recent enough glibc to make a good guess
total bytes used = 0
### Threads: 128
### n: 3072627
### m: 234370156
>>> Begin -----------------------------
>>> Input_file /data/datasets/graphs/orkut/com-orkut.ungraph.base.1.adj
>>> Batch_file /data/datasets/graphs/orkut/com-orkut.ungraph.dynamic.1.el
>>> Batch_num 10
>>> Batch_size 1
>>> Alg LabelPropagation 
>>> Res: 
0.000002 0.052606
0.000005 0.043823
0.000005 0.043609
0.000005 0.043121
0.000003 0.043938
0.000003 0.044536
0.000006 0.044679
0.000003 0.043541
0.000003 0.043896
0.000007 0.043881
>>> End -----------------------------
--- scripts:  program finish, took 15
--- scripts:  Running run_absl_flat_hash_set on com-orkut.ungraph (prefix: orkut) with batch size 1 and algorithm wbfs
### Graph: /data/datasets/graphs/orkut/com-orkut.ungraph.base.1.adj
### SET API ###
binary = 1
native map = 0
iteration = 1
native map_early_exit = 0
native parallel_map = 0
native native_parallel_map_early_exit = 0
supports modification
supports_get_memory_size = 0
### GRAPH API ###
n is suppoted as a function
m is stored
the graph is symmetric
degree is supported
supports basic map
parallel_map_neighbors is supported
map_neighbors_early_exit is supported
parallel_map_neighbors_early_exit is supported
supports insert_batch
don't have recent enough glibc to make a good guess
total bytes used = 0
### Threads: 128
### n: 3072627
### m: 234370156
>>> Begin -----------------------------
>>> Input_file /data/datasets/graphs/orkut/com-orkut.ungraph.base.1.adj
>>> Batch_file /data/datasets/graphs/orkut/com-orkut.ungraph.dynamic.1.el
>>> Batch_num 10
>>> Batch_size 1
>>> Alg wBFS_unweighted 
>>> Res: 
0.000001 3.540805
0.000004 3.413860
0.000004 3.392912
0.000005 3.390973
0.000004 3.349246
0.000005 3.320190
0.000004 3.316089
0.000004 3.321001
0.000005 3.368130
0.000004 3.352406
>>> End -----------------------------
--- scripts:  program finish, took 149
--- scripts:  Running run_absl_flat_hash_set on cit-Patents (prefix: cit-Patents) with batch size 1 and algorithm bfs
### Graph: /data/datasets/graphs/cit-Patents/cit-Patents.base.1.adj
### SET API ###
binary = 1
native map = 0
iteration = 1
native map_early_exit = 0
native parallel_map = 0
native native_parallel_map_early_exit = 0
supports modification
supports_get_memory_size = 0
### GRAPH API ###
n is suppoted as a function
m is stored
the graph is symmetric
degree is supported
supports basic map
parallel_map_neighbors is supported
map_neighbors_early_exit is supported
parallel_map_neighbors_early_exit is supported
supports insert_batch
don't have recent enough glibc to make a good guess
total bytes used = 0
### Threads: 128
### n: 6009555
### m: 33037885
>>> Begin -----------------------------
>>> Input_file /data/datasets/graphs/cit-Patents/cit-Patents.base.1.adj
>>> Batch_file /data/datasets/graphs/cit-Patents/cit-Patents.dynamic.1.el
>>> Batch_num 10
>>> Batch_size 1
>>> Alg BFS 
>>> Res: 
0.000002 0.027123
0.000004 0.014201
0.000005 0.014101
0.000004 0.014379
0.000006 0.014074
0.000005 0.014011
0.000004 0.014082
0.000005 0.014016
0.000006 0.014031
0.000005 0.014052
>>> End -----------------------------
--- scripts:  program finish, took 7
--- scripts:  Running run_absl_flat_hash_set on cit-Patents (prefix: cit-Patents) with batch size 1 and algorithm pagerank
### Graph: /data/datasets/graphs/cit-Patents/cit-Patents.base.1.adj
### SET API ###
binary = 1
native map = 0
iteration = 1
native map_early_exit = 0
native parallel_map = 0
native native_parallel_map_early_exit = 0
supports modification
supports_get_memory_size = 0
### GRAPH API ###
n is suppoted as a function
m is stored
the graph is symmetric
degree is supported
supports basic map
parallel_map_neighbors is supported
map_neighbors_early_exit is supported
parallel_map_neighbors_early_exit is supported
supports insert_batch
don't have recent enough glibc to make a good guess
total bytes used = 0
### Threads: 128
### n: 6009555
### m: 33037885
>>> Begin -----------------------------
>>> Input_file /data/datasets/graphs/cit-Patents/cit-Patents.base.1.adj
>>> Batch_file /data/datasets/graphs/cit-Patents/cit-Patents.dynamic.1.el
>>> Batch_num 10
>>> Batch_size 1
>>> Alg PageRank 
>>> Res: 
0.000001 0.208776
0.000004 0.214929
0.000004 0.201444
0.000004 0.202649
0.000005 0.211042
0.000005 0.195168
0.000005 0.190114
0.000021 0.193071
0.000003 0.190499
0.000005 0.190613
>>> End -----------------------------
--- scripts:  program finish, took 15
--- scripts:  Running run_absl_flat_hash_set on cit-Patents (prefix: cit-Patents) with batch size 1 and algorithm labelpropagation
### Graph: /data/datasets/graphs/cit-Patents/cit-Patents.base.1.adj
### SET API ###
binary = 1
native map = 0
iteration = 1
native map_early_exit = 0
native parallel_map = 0
native native_parallel_map_early_exit = 0
supports modification
supports_get_memory_size = 0
### GRAPH API ###
n is suppoted as a function
m is stored
the graph is symmetric
degree is supported
supports basic map
parallel_map_neighbors is supported
map_neighbors_early_exit is supported
parallel_map_neighbors_early_exit is supported
supports insert_batch
don't have recent enough glibc to make a good guess
total bytes used = 0
### Threads: 128
### n: 6009555
### m: 33037885
>>> Begin -----------------------------
>>> Input_file /data/datasets/graphs/cit-Patents/cit-Patents.base.1.adj
>>> Batch_file /data/datasets/graphs/cit-Patents/cit-Patents.dynamic.1.el
>>> Batch_num 10
>>> Batch_size 1
>>> Alg LabelPropagation 
>>> Res: 
0.000001 0.027294
0.000004 0.020320
0.000005 0.019850
0.000005 0.019661
0.000005 0.019858
0.000005 0.019684
0.000005 0.019544
0.000005 0.019934
0.000004 0.022424
0.000004 0.019787
>>> End -----------------------------
--- scripts:  program finish, took 6
--- scripts:  Running run_absl_flat_hash_set on cit-Patents (prefix: cit-Patents) with batch size 1 and algorithm wbfs
### Graph: /data/datasets/graphs/cit-Patents/cit-Patents.base.1.adj
### SET API ###
binary = 1
native map = 0
iteration = 1
native map_early_exit = 0
native parallel_map = 0
native native_parallel_map_early_exit = 0
supports modification
supports_get_memory_size = 0
### GRAPH API ###
n is suppoted as a function
m is stored
the graph is symmetric
degree is supported
supports basic map
parallel_map_neighbors is supported
map_neighbors_early_exit is supported
parallel_map_neighbors_early_exit is supported
supports insert_batch
don't have recent enough glibc to make a good guess
total bytes used = 0
### Threads: 128
### n: 6009555
### m: 33037885
>>> Begin -----------------------------
>>> Input_file /data/datasets/graphs/cit-Patents/cit-Patents.base.1.adj
>>> Batch_file /data/datasets/graphs/cit-Patents/cit-Patents.dynamic.1.el
>>> Batch_num 10
>>> Batch_size 1
>>> Alg wBFS_unweighted 
>>> Res: 
0.000002 4.536315
0.000004 4.479798
0.000003 4.542410
0.000004 4.555029
0.000003 4.502698
0.000003 4.484737
0.000005 4.512114
0.000004 4.557609
0.000003 4.483737
0.000003 4.510559
>>> End -----------------------------
--- scripts:  program finish, took 187
--- scripts:  Running run_absl_flat_hash_set on twitter-unique-undir (prefix: twitter) with batch size 1 and algorithm bfs
### Graph: /data/datasets/graphs/twitter/twitter-unique-undir.base.1.adj
### SET API ###
binary = 1
native map = 0
iteration = 1
native map_early_exit = 0
native parallel_map = 0
native native_parallel_map_early_exit = 0
supports modification
supports_get_memory_size = 0
### GRAPH API ###
n is suppoted as a function
m is stored
the graph is symmetric
degree is supported
supports basic map
parallel_map_neighbors is supported
map_neighbors_early_exit is supported
parallel_map_neighbors_early_exit is supported
supports insert_batch
don't have recent enough glibc to make a good guess
total bytes used = 0
### Threads: 128
### n: 41652231
### m: 2430498273
>>> Begin -----------------------------
>>> Input_file /data/datasets/graphs/twitter/twitter-unique-undir.base.1.adj
>>> Batch_file /data/datasets/graphs/twitter/twitter-unique-undir.dynamic.1.el
>>> Batch_num 10
>>> Batch_size 1
>>> Alg BFS 
>>> Res: 
0.000002 0.275295
0.000004 0.167499
0.000004 0.170558
0.000007 0.168468
0.000005 0.171652
0.000004 0.170217
0.000003 0.169493
0.000004 0.165702
0.000003 0.167789
0.000004 0.173411
>>> End -----------------------------
--- scripts:  program finish, took 170
--- scripts:  Running run_absl_flat_hash_set on twitter-unique-undir (prefix: twitter) with batch size 1 and algorithm pagerank
### Graph: /data/datasets/graphs/twitter/twitter-unique-undir.base.1.adj
### SET API ###
binary = 1
native map = 0
iteration = 1
native map_early_exit = 0
native parallel_map = 0
native native_parallel_map_early_exit = 0
supports modification
supports_get_memory_size = 0
### GRAPH API ###
n is suppoted as a function
m is stored
the graph is symmetric
degree is supported
supports basic map
parallel_map_neighbors is supported
map_neighbors_early_exit is supported
parallel_map_neighbors_early_exit is supported
supports insert_batch
don't have recent enough glibc to make a good guess
total bytes used = 0
### Threads: 128
### n: 41652231
### m: 2430498273
>>> Begin -----------------------------
>>> Input_file /data/datasets/graphs/twitter/twitter-unique-undir.base.1.adj
>>> Batch_file /data/datasets/graphs/twitter/twitter-unique-undir.dynamic.1.el
>>> Batch_num 10
>>> Batch_size 1
>>> Alg PageRank 
>>> Res: 
0.000003 11.225145
0.000005 10.400393
0.000005 10.048117
0.000005 9.996406
0.000004 9.940749
0.000006 9.857164
0.000005 9.751798
0.000004 10.277876
0.000004 14.340330
0.000004 15.231597
>>> End -----------------------------
--- scripts:  program finish, took 623
--- scripts:  Running run_absl_flat_hash_set on twitter-unique-undir (prefix: twitter) with batch size 1 and algorithm labelpropagation
### Graph: /data/datasets/graphs/twitter/twitter-unique-undir.base.1.adj
### SET API ###
binary = 1
native map = 0
iteration = 1
native map_early_exit = 0
native parallel_map = 0
native native_parallel_map_early_exit = 0
supports modification
supports_get_memory_size = 0
### GRAPH API ###
n is suppoted as a function
m is stored
the graph is symmetric
degree is supported
supports basic map
parallel_map_neighbors is supported
map_neighbors_early_exit is supported
parallel_map_neighbors_early_exit is supported
supports insert_batch
don't have recent enough glibc to make a good guess
total bytes used = 0
### Threads: 128
### n: 41652231
### m: 2430498273
>>> Begin -----------------------------
>>> Input_file /data/datasets/graphs/twitter/twitter-unique-undir.base.1.adj
>>> Batch_file /data/datasets/graphs/twitter/twitter-unique-undir.dynamic.1.el
>>> Batch_num 10
>>> Batch_size 1
>>> Alg LabelPropagation 
>>> Res: 
0.000002 1.515498
0.000004 1.443573
0.000003 1.449665
0.000004 1.443750
0.000004 1.437579
0.000008 1.441877
0.000005 1.395622
0.000004 1.408631
0.000007 1.395815
0.000003 1.399954
>>> End -----------------------------
--- scripts:  program finish, took 216
--- scripts:  Running run_absl_flat_hash_set on twitter-unique-undir (prefix: twitter) with batch size 1 and algorithm wbfs
### Graph: /data/datasets/graphs/twitter/twitter-unique-undir.base.1.adj
### SET API ###
binary = 1
native map = 0
iteration = 1
native map_early_exit = 0
native parallel_map = 0
native native_parallel_map_early_exit = 0
supports modification
supports_get_memory_size = 0
### GRAPH API ###
n is suppoted as a function
m is stored
the graph is symmetric
degree is supported
supports basic map
parallel_map_neighbors is supported
map_neighbors_early_exit is supported
parallel_map_neighbors_early_exit is supported
supports insert_batch
don't have recent enough glibc to make a good guess
total bytes used = 0
### Threads: 128
### n: 41652231
### m: 2430498273
>>> Begin -----------------------------
>>> Input_file /data/datasets/graphs/twitter/twitter-unique-undir.base.1.adj
>>> Batch_file /data/datasets/graphs/twitter/twitter-unique-undir.dynamic.1.el
>>> Batch_num 10
>>> Batch_size 1
>>> Alg wBFS_unweighted 
>>> Res: 
0.000001 40.504990
0.000004 39.769722
0.000003 39.259943
0.000004 39.025374
0.000003 39.021425
0.000005 38.907579
0.000005 38.898478
0.000005 38.922892
0.000005 38.943916
0.000003 38.888869
>>> End -----------------------------
--- scripts:  program finish, took 1724
--- scripts:  Running run_absl_flat_hash_set on com-friendster (prefix: friend) with batch size 1 and algorithm bfs
### Graph: /data/datasets/graphs/friend/com-friendster.base.1.adj
### SET API ###
binary = 1
native map = 0
iteration = 1
native map_early_exit = 0
native parallel_map = 0
native native_parallel_map_early_exit = 0
supports modification
supports_get_memory_size = 0
### GRAPH API ###
n is suppoted as a function
m is stored
the graph is symmetric
degree is supported
supports basic map
parallel_map_neighbors is supported
map_neighbors_early_exit is supported
parallel_map_neighbors_early_exit is supported
supports insert_batch
don't have recent enough glibc to make a good guess
total bytes used = 0
### Threads: 128
### n: 2586147870
### m: 3698831638
>>> Begin -----------------------------
>>> Input_file /data/datasets/graphs/friend/com-friendster.base.1.adj
>>> Batch_file /data/datasets/graphs/friend/com-friendster.dynamic.1.el
>>> Batch_num 10
>>> Batch_size 1
>>> Alg BFS 
>>> Res: 
0.000003 4.157814
0.000005 3.855134
0.000052 3.869826
0.000004 3.874031
0.000003 3.884474
0.000004 3.891808
0.000004 3.886436
0.000004 3.885772
0.000004 3.876859
0.000006 3.879998
>>> End -----------------------------
--- scripts:  program finish, took 675
--- scripts:  Running run_absl_flat_hash_set on com-friendster (prefix: friend) with batch size 1 and algorithm pagerank
### Graph: /data/datasets/graphs/friend/com-friendster.base.1.adj
### SET API ###
binary = 1
native map = 0
iteration = 1
native map_early_exit = 0
native parallel_map = 0
native native_parallel_map_early_exit = 0
supports modification
supports_get_memory_size = 0
### GRAPH API ###
n is suppoted as a function
m is stored
the graph is symmetric
degree is supported
supports basic map
parallel_map_neighbors is supported
map_neighbors_early_exit is supported
parallel_map_neighbors_early_exit is supported
supports insert_batch
don't have recent enough glibc to make a good guess
total bytes used = 0
### Threads: 128
### n: 2586147870
### m: 3698831638
>>> Begin -----------------------------
>>> Input_file /data/datasets/graphs/friend/com-friendster.base.1.adj
>>> Batch_file /data/datasets/graphs/friend/com-friendster.dynamic.1.el
>>> Batch_num 10
>>> Batch_size 1
>>> Alg PageRank 
>>> Res: 
0.000002 36.765944
0.000006 29.565596
0.000006 38.615408
0.000004 40.265957
0.000005 38.675956
0.000004 31.973375
0.000005 36.968628
0.000005 34.560158
0.000005 40.374515
0.000004 37.093382
>>> End -----------------------------
--- scripts:  program finish, took 1900
--- scripts:  Running run_absl_flat_hash_set on com-friendster (prefix: friend) with batch size 1 and algorithm labelpropagation
### Graph: /data/datasets/graphs/friend/com-friendster.base.1.adj
### SET API ###
binary = 1
native map = 0
iteration = 1
native map_early_exit = 0
native parallel_map = 0
native native_parallel_map_early_exit = 0
supports modification
supports_get_memory_size = 0
### GRAPH API ###
n is suppoted as a function
m is stored
the graph is symmetric
degree is supported
supports basic map
parallel_map_neighbors is supported
map_neighbors_early_exit is supported
parallel_map_neighbors_early_exit is supported
supports insert_batch
don't have recent enough glibc to make a good guess
total bytes used = 0
### Threads: 128
### n: 2586147870
### m: 3698831638
>>> Begin -----------------------------
>>> Input_file /data/datasets/graphs/friend/com-friendster.base.1.adj
>>> Batch_file /data/datasets/graphs/friend/com-friendster.dynamic.1.el
>>> Batch_num 10
>>> Batch_size 1
>>> Alg LabelPropagation 
>>> Res: 
0.000002 4.868266
0.000004 4.557143
0.000004 4.638102
0.000006 4.628153
0.000004 4.617866
0.000005 4.568575
0.000006 4.603777
0.000005 4.620236
0.000006 4.597532
0.000008 4.570864
>>> End -----------------------------
--- scripts:  program finish, took 714
--- scripts:  Running run_absl_flat_hash_set on com-friendster (prefix: friend) with batch size 1 and algorithm wbfs
### Graph: /data/datasets/graphs/friend/com-friendster.base.1.adj
### SET API ###
binary = 1
native map = 0
iteration = 1
native map_early_exit = 0
native parallel_map = 0
native native_parallel_map_early_exit = 0
supports modification
supports_get_memory_size = 0
### GRAPH API ###
n is suppoted as a function
m is stored
the graph is symmetric
degree is supported
supports basic map
parallel_map_neighbors is supported
map_neighbors_early_exit is supported
parallel_map_neighbors_early_exit is supported
supports insert_batch
don't have recent enough glibc to make a good guess
total bytes used = 0
### Threads: 128
### n: 2586147870
### m: 3698831638
>>> Begin -----------------------------
>>> Input_file /data/datasets/graphs/friend/com-friendster.base.1.adj
>>> Batch_file /data/datasets/graphs/friend/com-friendster.dynamic.1.el
>>> Batch_num 10
>>> Batch_size 1
>>> Alg wBFS_unweighted 
>>> Res: 
0.000002 58.417656
0.000004 63.658536
0.000004 61.586323
0.000004 80.428144
0.000003 59.316234
0.000004 81.013764
0.000004 78.711246
0.000004 90.251056
0.000003 89.863372
0.000005 87.077055
>>> End -----------------------------
--- scripts:  program finish, took 3458
--- scripts:  Running run_absl_flat_hash_set on soc-LiveJournal1 (prefix: live-journal) with batch size 10 and algorithm bfs
### Graph: /data/datasets/graphs/live-journal/soc-LiveJournal1.base.10.adj
### SET API ###
binary = 1
native map = 0
iteration = 1
native map_early_exit = 0
native parallel_map = 0
native native_parallel_map_early_exit = 0
supports modification
supports_get_memory_size = 0
### GRAPH API ###
n is suppoted as a function
m is stored
the graph is symmetric
degree is supported
supports basic map
parallel_map_neighbors is supported
map_neighbors_early_exit is supported
parallel_map_neighbors_early_exit is supported
supports insert_batch
don't have recent enough glibc to make a good guess
total bytes used = 0
### Threads: 128
### n: 4847571
### m: 86220756
>>> Begin -----------------------------
>>> Input_file /data/datasets/graphs/live-journal/soc-LiveJournal1.base.10.adj
>>> Batch_file /data/datasets/graphs/live-journal/soc-LiveJournal1.dynamic.10.el
>>> Batch_num 10
>>> Batch_size 10
>>> Alg BFS 
>>> Res: 
0.000008 0.018674
0.000012 0.014655
0.000018 0.014996
0.000013 0.014639
0.000016 0.014782
0.000014 0.014643
0.000013 0.014570
0.000015 0.014566
0.000012 0.014380
0.000012 0.014813
>>> End -----------------------------
--- scripts:  program finish, took 8
--- scripts:  Running run_absl_flat_hash_set on soc-LiveJournal1 (prefix: live-journal) with batch size 10 and algorithm pagerank
### Graph: /data/datasets/graphs/live-journal/soc-LiveJournal1.base.10.adj
### SET API ###
binary = 1
native map = 0
iteration = 1
native map_early_exit = 0
native parallel_map = 0
native native_parallel_map_early_exit = 0
supports modification
supports_get_memory_size = 0
### GRAPH API ###
n is suppoted as a function
m is stored
the graph is symmetric
degree is supported
supports basic map
parallel_map_neighbors is supported
map_neighbors_early_exit is supported
parallel_map_neighbors_early_exit is supported
supports insert_batch
don't have recent enough glibc to make a good guess
total bytes used = 0
### Threads: 128
### n: 4847571
### m: 86220756
>>> Begin -----------------------------
>>> Input_file /data/datasets/graphs/live-journal/soc-LiveJournal1.base.10.adj
>>> Batch_file /data/datasets/graphs/live-journal/soc-LiveJournal1.dynamic.10.el
>>> Batch_num 10
>>> Batch_size 10
>>> Alg PageRank 
>>> Res: 
0.000006 0.188886
0.000015 0.186051
0.000016 0.187721
0.000017 0.190225
0.000018 0.193703
0.000019 0.197792
0.000019 0.192012
0.000014 0.191405
0.000019 0.189898
0.000014 0.188319
>>> End -----------------------------
--- scripts:  program finish, took 14
--- scripts:  Running run_absl_flat_hash_set on soc-LiveJournal1 (prefix: live-journal) with batch size 10 and algorithm labelpropagation
### Graph: /data/datasets/graphs/live-journal/soc-LiveJournal1.base.10.adj
### SET API ###
binary = 1
native map = 0
iteration = 1
native map_early_exit = 0
native parallel_map = 0
native native_parallel_map_early_exit = 0
supports modification
supports_get_memory_size = 0
### GRAPH API ###
n is suppoted as a function
m is stored
the graph is symmetric
degree is supported
supports basic map
parallel_map_neighbors is supported
map_neighbors_early_exit is supported
parallel_map_neighbors_early_exit is supported
supports insert_batch
don't have recent enough glibc to make a good guess
total bytes used = 0
### Threads: 128
### n: 4847571
### m: 86220756
>>> Begin -----------------------------
>>> Input_file /data/datasets/graphs/live-journal/soc-LiveJournal1.base.10.adj
>>> Batch_file /data/datasets/graphs/live-journal/soc-LiveJournal1.dynamic.10.el
>>> Batch_num 10
>>> Batch_size 10
>>> Alg LabelPropagation 
>>> Res: 
0.000009 0.034159
0.000013 0.029285
0.000014 0.029194
0.000013 0.029318
0.000015 0.029029
0.000013 0.029309
0.000013 0.029328
0.000015 0.028911
0.000015 0.029422
0.000015 0.029420
>>> End -----------------------------
--- scripts:  program finish, took 8
--- scripts:  Running run_absl_flat_hash_set on soc-LiveJournal1 (prefix: live-journal) with batch size 10 and algorithm wbfs
### Graph: /data/datasets/graphs/live-journal/soc-LiveJournal1.base.10.adj
### SET API ###
binary = 1
native map = 0
iteration = 1
native map_early_exit = 0
native parallel_map = 0
native native_parallel_map_early_exit = 0
supports modification
supports_get_memory_size = 0
### GRAPH API ###
n is suppoted as a function
m is stored
the graph is symmetric
degree is supported
supports basic map
parallel_map_neighbors is supported
map_neighbors_early_exit is supported
parallel_map_neighbors_early_exit is supported
supports insert_batch
don't have recent enough glibc to make a good guess
total bytes used = 0
### Threads: 128
### n: 4847571
### m: 86220756
>>> Begin -----------------------------
>>> Input_file /data/datasets/graphs/live-journal/soc-LiveJournal1.base.10.adj
>>> Batch_file /data/datasets/graphs/live-journal/soc-LiveJournal1.dynamic.10.el
>>> Batch_num 10
>>> Batch_size 10
>>> Alg wBFS_unweighted 
>>> Res: 
0.000005 4.800190
0.000010 4.706371
0.000010 4.703770
0.000013 4.758567
0.000028 4.754297
0.000011 4.686180
0.000017 4.703670
0.000012 4.711916
0.000014 4.673963
0.000014 4.670427
>>> End -----------------------------
--- scripts:  program finish, took 195
--- scripts:  Running run_absl_flat_hash_set on com-orkut.ungraph (prefix: orkut) with batch size 10 and algorithm bfs
### Graph: /data/datasets/graphs/orkut/com-orkut.ungraph.base.10.adj
### SET API ###
binary = 1
native map = 0
iteration = 1
native map_early_exit = 0
native parallel_map = 0
native native_parallel_map_early_exit = 0
supports modification
supports_get_memory_size = 0
### GRAPH API ###
n is suppoted as a function
m is stored
the graph is symmetric
degree is supported
supports basic map
parallel_map_neighbors is supported
map_neighbors_early_exit is supported
parallel_map_neighbors_early_exit is supported
supports insert_batch
don't have recent enough glibc to make a good guess
total bytes used = 0
### Threads: 128
### n: 3072627
### m: 234370066
>>> Begin -----------------------------
>>> Input_file /data/datasets/graphs/orkut/com-orkut.ungraph.base.10.adj
>>> Batch_file /data/datasets/graphs/orkut/com-orkut.ungraph.dynamic.10.el
>>> Batch_num 10
>>> Batch_size 10
>>> Alg BFS 
>>> Res: 
0.000006 0.022811
0.000009 0.011607
0.000016 0.011139
0.000014 0.011397
0.000008 0.011244
0.000014 0.011101
0.000018 0.011173
0.000016 0.011107
0.000009 0.011278
0.000014 0.010928
>>> End -----------------------------
--- scripts:  program finish, took 15
--- scripts:  Running run_absl_flat_hash_set on com-orkut.ungraph (prefix: orkut) with batch size 10 and algorithm pagerank
### Graph: /data/datasets/graphs/orkut/com-orkut.ungraph.base.10.adj
### SET API ###
binary = 1
native map = 0
iteration = 1
native map_early_exit = 0
native parallel_map = 0
native native_parallel_map_early_exit = 0
supports modification
supports_get_memory_size = 0
### GRAPH API ###
n is suppoted as a function
m is stored
the graph is symmetric
degree is supported
supports basic map
parallel_map_neighbors is supported
map_neighbors_early_exit is supported
parallel_map_neighbors_early_exit is supported
supports insert_batch
don't have recent enough glibc to make a good guess
total bytes used = 0
### Threads: 128
### n: 3072627
### m: 234370066
>>> Begin -----------------------------
>>> Input_file /data/datasets/graphs/orkut/com-orkut.ungraph.base.10.adj
>>> Batch_file /data/datasets/graphs/orkut/com-orkut.ungraph.dynamic.10.el
>>> Batch_num 10
>>> Batch_size 10
>>> Alg PageRank 
>>> Res: 
0.000005 0.325923
0.000010 0.301520
0.000013 0.316882
0.000018 0.313723
0.000014 0.303065
0.000015 0.306840
0.000015 0.318982
0.000018 0.312707
0.000019 0.304769
0.000015 0.318363
>>> End -----------------------------
--- scripts:  program finish, took 28
--- scripts:  Running run_absl_flat_hash_set on com-orkut.ungraph (prefix: orkut) with batch size 10 and algorithm labelpropagation
### Graph: /data/datasets/graphs/orkut/com-orkut.ungraph.base.10.adj
### SET API ###
binary = 1
native map = 0
iteration = 1
native map_early_exit = 0
native parallel_map = 0
native native_parallel_map_early_exit = 0
supports modification
supports_get_memory_size = 0
### GRAPH API ###
n is suppoted as a function
m is stored
the graph is symmetric
degree is supported
supports basic map
parallel_map_neighbors is supported
map_neighbors_early_exit is supported
parallel_map_neighbors_early_exit is supported
supports insert_batch
don't have recent enough glibc to make a good guess
total bytes used = 0
### Threads: 128
### n: 3072627
### m: 234370066
>>> Begin -----------------------------
>>> Input_file /data/datasets/graphs/orkut/com-orkut.ungraph.base.10.adj
>>> Batch_file /data/datasets/graphs/orkut/com-orkut.ungraph.dynamic.10.el
>>> Batch_num 10
>>> Batch_size 10
>>> Alg LabelPropagation 
>>> Res: 
0.000006 0.050137
0.000011 0.044001
0.000011 0.044249
0.000017 0.044175
0.000012 0.044692
0.000010 0.044609
0.000012 0.045725
0.000009 0.043032
0.000013 0.043901
0.000013 0.043296
>>> End -----------------------------
--- scripts:  program finish, took 15
--- scripts:  Running run_absl_flat_hash_set on com-orkut.ungraph (prefix: orkut) with batch size 10 and algorithm wbfs
### Graph: /data/datasets/graphs/orkut/com-orkut.ungraph.base.10.adj
### SET API ###
binary = 1
native map = 0
iteration = 1
native map_early_exit = 0
native parallel_map = 0
native native_parallel_map_early_exit = 0
supports modification
supports_get_memory_size = 0
### GRAPH API ###
n is suppoted as a function
m is stored
the graph is symmetric
degree is supported
supports basic map
parallel_map_neighbors is supported
map_neighbors_early_exit is supported
parallel_map_neighbors_early_exit is supported
supports insert_batch
don't have recent enough glibc to make a good guess
total bytes used = 0
### Threads: 128
### n: 3072627
### m: 234370066
>>> Begin -----------------------------
>>> Input_file /data/datasets/graphs/orkut/com-orkut.ungraph.base.10.adj
>>> Batch_file /data/datasets/graphs/orkut/com-orkut.ungraph.dynamic.10.el
>>> Batch_num 10
>>> Batch_size 10
>>> Alg wBFS_unweighted 
>>> Res: 
0.000005 3.437239
0.000009 3.371645
0.000013 3.369426
0.000018 3.337984
0.000013 3.350625
0.000014 3.358163
0.000014 3.406366
0.000011 3.379885
0.000015 3.364518
0.000012 3.354649
>>> End -----------------------------
--- scripts:  program finish, took 149
--- scripts:  Running run_absl_flat_hash_set on cit-Patents (prefix: cit-Patents) with batch size 10 and algorithm bfs
### Graph: /data/datasets/graphs/cit-Patents/cit-Patents.base.10.adj
### SET API ###
binary = 1
native map = 0
iteration = 1
native map_early_exit = 0
native parallel_map = 0
native native_parallel_map_early_exit = 0
supports modification
supports_get_memory_size = 0
### GRAPH API ###
n is suppoted as a function
m is stored
the graph is symmetric
degree is supported
supports basic map
parallel_map_neighbors is supported
map_neighbors_early_exit is supported
parallel_map_neighbors_early_exit is supported
supports insert_batch
don't have recent enough glibc to make a good guess
total bytes used = 0
### Threads: 128
### n: 6009555
### m: 33037795
>>> Begin -----------------------------
>>> Input_file /data/datasets/graphs/cit-Patents/cit-Patents.base.10.adj
>>> Batch_file /data/datasets/graphs/cit-Patents/cit-Patents.dynamic.10.el
>>> Batch_num 10
>>> Batch_size 10
>>> Alg BFS 
>>> Res: 
0.000003 0.020314
0.000007 0.017251
0.000010 0.017429
0.000009 0.017547
0.000010 0.017432
0.000009 0.020063
0.000008 0.017424
0.000010 0.017193
0.000011 0.017665
0.000012 0.017423
>>> End -----------------------------
--- scripts:  program finish, took 6
--- scripts:  Running run_absl_flat_hash_set on cit-Patents (prefix: cit-Patents) with batch size 10 and algorithm pagerank
### Graph: /data/datasets/graphs/cit-Patents/cit-Patents.base.10.adj
### SET API ###
binary = 1
native map = 0
iteration = 1
native map_early_exit = 0
native parallel_map = 0
native native_parallel_map_early_exit = 0
supports modification
supports_get_memory_size = 0
### GRAPH API ###
n is suppoted as a function
m is stored
the graph is symmetric
degree is supported
supports basic map
parallel_map_neighbors is supported
map_neighbors_early_exit is supported
parallel_map_neighbors_early_exit is supported
supports insert_batch
don't have recent enough glibc to make a good guess
total bytes used = 0
### Threads: 128
### n: 6009555
### m: 33037795
>>> Begin -----------------------------
>>> Input_file /data/datasets/graphs/cit-Patents/cit-Patents.base.10.adj
>>> Batch_file /data/datasets/graphs/cit-Patents/cit-Patents.dynamic.10.el
>>> Batch_num 10
>>> Batch_size 10
>>> Alg PageRank 
>>> Res: 
0.000003 0.172026
0.000009 0.169424
0.000010 0.174266
0.000016 0.172580
0.000020 0.170609
0.000020 0.172319
0.000020 0.169913
0.000020 0.156848
0.000016 0.155864
0.000024 0.154386
>>> End -----------------------------
--- scripts:  program finish, took 10
--- scripts:  Running run_absl_flat_hash_set on cit-Patents (prefix: cit-Patents) with batch size 10 and algorithm labelpropagation
### Graph: /data/datasets/graphs/cit-Patents/cit-Patents.base.10.adj
### SET API ###
binary = 1
native map = 0
iteration = 1
native map_early_exit = 0
native parallel_map = 0
native native_parallel_map_early_exit = 0
supports modification
supports_get_memory_size = 0
### GRAPH API ###
n is suppoted as a function
m is stored
the graph is symmetric
degree is supported
supports basic map
parallel_map_neighbors is supported
map_neighbors_early_exit is supported
parallel_map_neighbors_early_exit is supported
supports insert_batch
don't have recent enough glibc to make a good guess
total bytes used = 0
### Threads: 128
### n: 6009555
### m: 33037795
>>> Begin -----------------------------
>>> Input_file /data/datasets/graphs/cit-Patents/cit-Patents.base.10.adj
>>> Batch_file /data/datasets/graphs/cit-Patents/cit-Patents.dynamic.10.el
>>> Batch_num 10
>>> Batch_size 10
>>> Alg LabelPropagation 
>>> Res: 
0.000005 0.026648
0.000010 0.023131
0.000011 0.022882
0.000013 0.023608
0.000012 0.022371
0.000012 0.022930
0.000015 0.023157
0.000012 0.023051
0.000012 0.022866
0.000013 0.022802
>>> End -----------------------------
--- scripts:  program finish, took 7
--- scripts:  Running run_absl_flat_hash_set on cit-Patents (prefix: cit-Patents) with batch size 10 and algorithm wbfs
### Graph: /data/datasets/graphs/cit-Patents/cit-Patents.base.10.adj
### SET API ###
binary = 1
native map = 0
iteration = 1
native map_early_exit = 0
native parallel_map = 0
native native_parallel_map_early_exit = 0
supports modification
supports_get_memory_size = 0
### GRAPH API ###
n is suppoted as a function
m is stored
the graph is symmetric
degree is supported
supports basic map
parallel_map_neighbors is supported
map_neighbors_early_exit is supported
parallel_map_neighbors_early_exit is supported
supports insert_batch
don't have recent enough glibc to make a good guess
total bytes used = 0
### Threads: 128
### n: 6009555
### m: 33037795
>>> Begin -----------------------------
>>> Input_file /data/datasets/graphs/cit-Patents/cit-Patents.base.10.adj
>>> Batch_file /data/datasets/graphs/cit-Patents/cit-Patents.dynamic.10.el
>>> Batch_num 10
>>> Batch_size 10
>>> Alg wBFS_unweighted 
>>> Res: 
0.000003 4.654166
0.000010 4.573355
0.000015 4.603334
0.000075 4.637956
0.000012 4.617510
0.000013 4.584648
0.000008 4.589377
0.000014 4.617928
0.000012 4.677896
0.000010 4.604263
>>> End -----------------------------
--- scripts:  program finish, took 189
--- scripts:  Running run_absl_flat_hash_set on twitter-unique-undir (prefix: twitter) with batch size 10 and algorithm bfs
### Graph: /data/datasets/graphs/twitter/twitter-unique-undir.base.10.adj
### SET API ###
binary = 1
native map = 0
iteration = 1
native map_early_exit = 0
native parallel_map = 0
native native_parallel_map_early_exit = 0
supports modification
supports_get_memory_size = 0
### GRAPH API ###
n is suppoted as a function
m is stored
the graph is symmetric
degree is supported
supports basic map
parallel_map_neighbors is supported
map_neighbors_early_exit is supported
parallel_map_neighbors_early_exit is supported
supports insert_batch
don't have recent enough glibc to make a good guess
total bytes used = 0
### Threads: 128
### n: 41652231
### m: 2430498183
>>> Begin -----------------------------
>>> Input_file /data/datasets/graphs/twitter/twitter-unique-undir.base.10.adj
>>> Batch_file /data/datasets/graphs/twitter/twitter-unique-undir.dynamic.10.el
>>> Batch_num 10
>>> Batch_size 10
>>> Alg BFS 
>>> Res: 
0.000035 0.262169
0.000023 0.185532
0.000022 0.185657
0.000021 0.185275
0.000021 0.187442
0.000017 0.191447
0.000027 0.189563
0.000052 0.189085
0.000044 0.187397
0.000023 0.186905
>>> End -----------------------------
--- scripts:  program finish, took 174
--- scripts:  Running run_absl_flat_hash_set on twitter-unique-undir (prefix: twitter) with batch size 10 and algorithm pagerank
### Graph: /data/datasets/graphs/twitter/twitter-unique-undir.base.10.adj
### SET API ###
binary = 1
native map = 0
iteration = 1
native map_early_exit = 0
native parallel_map = 0
native native_parallel_map_early_exit = 0
supports modification
supports_get_memory_size = 0
### GRAPH API ###
n is suppoted as a function
m is stored
the graph is symmetric
degree is supported
supports basic map
parallel_map_neighbors is supported
map_neighbors_early_exit is supported
parallel_map_neighbors_early_exit is supported
supports insert_batch
don't have recent enough glibc to make a good guess
total bytes used = 0
### Threads: 128
### n: 41652231
### m: 2430498183
>>> Begin -----------------------------
>>> Input_file /data/datasets/graphs/twitter/twitter-unique-undir.base.10.adj
>>> Batch_file /data/datasets/graphs/twitter/twitter-unique-undir.dynamic.10.el
>>> Batch_num 10
>>> Batch_size 10
>>> Alg PageRank 
>>> Res: 
0.000014 10.007501
0.000014 9.323414
0.000023 8.926196
0.000019 8.912223
0.000017 8.929037
0.000023 8.932935
0.000018 8.889386
0.000017 9.306850
0.000023 8.968162
0.000018 8.633239
>>> End -----------------------------
--- scripts:  program finish, took 519
--- scripts:  Running run_absl_flat_hash_set on twitter-unique-undir (prefix: twitter) with batch size 10 and algorithm labelpropagation
### Graph: /data/datasets/graphs/twitter/twitter-unique-undir.base.10.adj
### SET API ###
binary = 1
native map = 0
iteration = 1
native map_early_exit = 0
native parallel_map = 0
native native_parallel_map_early_exit = 0
supports modification
supports_get_memory_size = 0
### GRAPH API ###
n is suppoted as a function
m is stored
the graph is symmetric
degree is supported
supports basic map
parallel_map_neighbors is supported
map_neighbors_early_exit is supported
parallel_map_neighbors_early_exit is supported
supports insert_batch
don't have recent enough glibc to make a good guess
total bytes used = 0
### Threads: 128
### n: 41652231
### m: 2430498183
>>> Begin -----------------------------
>>> Input_file /data/datasets/graphs/twitter/twitter-unique-undir.base.10.adj
>>> Batch_file /data/datasets/graphs/twitter/twitter-unique-undir.dynamic.10.el
>>> Batch_num 10
>>> Batch_size 10
>>> Alg LabelPropagation 
>>> Res: 
0.000012 1.683285
0.000017 1.541864
0.000017 1.557846
0.000015 1.529006
0.000014 1.576559
0.000017 1.568349
0.000015 1.557321
0.000017 1.541254
0.000021 1.482380
0.000018 1.476012
>>> End -----------------------------
--- scripts:  program finish, took 226
--- scripts:  Running run_absl_flat_hash_set on twitter-unique-undir (prefix: twitter) with batch size 10 and algorithm wbfs
### Graph: /data/datasets/graphs/twitter/twitter-unique-undir.base.10.adj
### SET API ###
binary = 1
native map = 0
iteration = 1
native map_early_exit = 0
native parallel_map = 0
native native_parallel_map_early_exit = 0
supports modification
supports_get_memory_size = 0
### GRAPH API ###
n is suppoted as a function
m is stored
the graph is symmetric
degree is supported
supports basic map
parallel_map_neighbors is supported
map_neighbors_early_exit is supported
parallel_map_neighbors_early_exit is supported
supports insert_batch
don't have recent enough glibc to make a good guess
total bytes used = 0
### Threads: 128
### n: 41652231
### m: 2430498183
>>> Begin -----------------------------
>>> Input_file /data/datasets/graphs/twitter/twitter-unique-undir.base.10.adj
>>> Batch_file /data/datasets/graphs/twitter/twitter-unique-undir.dynamic.10.el
>>> Batch_num 10
>>> Batch_size 10
>>> Alg wBFS_unweighted 
>>> Res: 
0.000008 44.036484
0.000061 43.520266
0.000018 43.030554
0.000015 42.719737
0.000015 42.718202
0.000014 42.714803
0.000017 42.997482
0.000014 42.738081
0.000018 42.686486
0.000013 42.767168
>>> End -----------------------------
--- scripts:  program finish, took 1872
--- scripts:  Running run_absl_flat_hash_set on com-friendster (prefix: friend) with batch size 10 and algorithm bfs
### Graph: /data/datasets/graphs/friend/com-friendster.base.10.adj
### SET API ###
binary = 1
native map = 0
iteration = 1
native map_early_exit = 0
native parallel_map = 0
native native_parallel_map_early_exit = 0
supports modification
supports_get_memory_size = 0
### GRAPH API ###
n is suppoted as a function
m is stored
the graph is symmetric
degree is supported
supports basic map
parallel_map_neighbors is supported
map_neighbors_early_exit is supported
parallel_map_neighbors_early_exit is supported
supports insert_batch
don't have recent enough glibc to make a good guess
total bytes used = 0
### Threads: 128
### n: 2586147870
### m: 3698831548
>>> Begin -----------------------------
>>> Input_file /data/datasets/graphs/friend/com-friendster.base.10.adj
>>> Batch_file /data/datasets/graphs/friend/com-friendster.dynamic.10.el
>>> Batch_num 10
>>> Batch_size 10
>>> Alg BFS 
>>> Res: 
0.000021 3.569705
0.000014 3.246204
0.000013 3.299143
0.000013 3.196986
0.000017 3.265994
0.000014 3.322472
0.000013 3.201805
0.000014 3.246406
0.000014 3.210077
0.000012 3.254132
>>> End -----------------------------
--- scripts:  program finish, took 651
--- scripts:  Running run_absl_flat_hash_set on com-friendster (prefix: friend) with batch size 10 and algorithm pagerank
### Graph: /data/datasets/graphs/friend/com-friendster.base.10.adj
### SET API ###
binary = 1
native map = 0
iteration = 1
native map_early_exit = 0
native parallel_map = 0
native native_parallel_map_early_exit = 0
supports modification
supports_get_memory_size = 0
### GRAPH API ###
n is suppoted as a function
m is stored
the graph is symmetric
degree is supported
supports basic map
parallel_map_neighbors is supported
map_neighbors_early_exit is supported
parallel_map_neighbors_early_exit is supported
supports insert_batch
don't have recent enough glibc to make a good guess
total bytes used = 0
### Threads: 128
### n: 2586147870
### m: 3698831548
>>> Begin -----------------------------
>>> Input_file /data/datasets/graphs/friend/com-friendster.base.10.adj
>>> Batch_file /data/datasets/graphs/friend/com-friendster.dynamic.10.el
>>> Batch_num 10
>>> Batch_size 10
>>> Alg PageRank 
>>> Res: 
0.000009 50.359954
0.000015 45.620326
0.000013 48.388532
0.000015 49.086018
0.000017 44.607972
0.000025 44.579743
0.000040 43.495533
0.000018 43.450422
0.000013 51.048411
0.000019 45.587293
>>> End -----------------------------
--- scripts:  program finish, took 2296
--- scripts:  Running run_absl_flat_hash_set on com-friendster (prefix: friend) with batch size 10 and algorithm labelpropagation
### Graph: /data/datasets/graphs/friend/com-friendster.base.10.adj
### SET API ###
binary = 1
native map = 0
iteration = 1
native map_early_exit = 0
native parallel_map = 0
native native_parallel_map_early_exit = 0
supports modification
supports_get_memory_size = 0
### GRAPH API ###
n is suppoted as a function
m is stored
the graph is symmetric
degree is supported
supports basic map
parallel_map_neighbors is supported
map_neighbors_early_exit is supported
parallel_map_neighbors_early_exit is supported
supports insert_batch
don't have recent enough glibc to make a good guess
total bytes used = 0
### Threads: 128
### n: 2586147870
### m: 3698831548
>>> Begin -----------------------------
>>> Input_file /data/datasets/graphs/friend/com-friendster.base.10.adj
>>> Batch_file /data/datasets/graphs/friend/com-friendster.dynamic.10.el
>>> Batch_num 10
>>> Batch_size 10
>>> Alg LabelPropagation 
>>> Res: 
0.000013 6.810248
0.000014 5.819300
0.000018 5.830769
0.000019 5.911207
0.000023 5.982679
0.000016 5.946659
0.000016 5.924024
0.000018 5.992565
0.000018 5.906880
0.000019 5.966659
>>> End -----------------------------
--- scripts:  program finish, took 776
--- scripts:  Running run_absl_flat_hash_set on com-friendster (prefix: friend) with batch size 10 and algorithm wbfs
### Graph: /data/datasets/graphs/friend/com-friendster.base.10.adj
### SET API ###
binary = 1
native map = 0
iteration = 1
native map_early_exit = 0
native parallel_map = 0
native native_parallel_map_early_exit = 0
supports modification
supports_get_memory_size = 0
### GRAPH API ###
n is suppoted as a function
m is stored
the graph is symmetric
degree is supported
supports basic map
parallel_map_neighbors is supported
map_neighbors_early_exit is supported
parallel_map_neighbors_early_exit is supported
supports insert_batch
don't have recent enough glibc to make a good guess
total bytes used = 0
### Threads: 128
### n: 2586147870
### m: 3698831548
>>> Begin -----------------------------
>>> Input_file /data/datasets/graphs/friend/com-friendster.base.10.adj
>>> Batch_file /data/datasets/graphs/friend/com-friendster.dynamic.10.el
>>> Batch_num 10
>>> Batch_size 10
>>> Alg wBFS_unweighted 
>>> Res: 
0.000005 58.221655
0.000008 56.989492
0.000011 57.091835
0.000009 58.414753
0.000011 65.036717
0.000011 66.930037
0.000008 66.419201
0.000009 56.404040
0.000012 60.684876
0.000008 60.892773
>>> End -----------------------------
--- scripts:  program finish, took 2907
--- scripts:  Running run_absl_flat_hash_set on soc-LiveJournal1 (prefix: live-journal) with batch size 100 and algorithm bfs
### Graph: /data/datasets/graphs/live-journal/soc-LiveJournal1.base.100.adj
### SET API ###
binary = 1
native map = 0
iteration = 1
native map_early_exit = 0
native parallel_map = 0
native native_parallel_map_early_exit = 0
supports modification
supports_get_memory_size = 0
### GRAPH API ###
n is suppoted as a function
m is stored
the graph is symmetric
degree is supported
supports basic map
parallel_map_neighbors is supported
map_neighbors_early_exit is supported
parallel_map_neighbors_early_exit is supported
supports insert_batch
don't have recent enough glibc to make a good guess
total bytes used = 0
### Threads: 128
### n: 4847571
### m: 86219856
>>> Begin -----------------------------
>>> Input_file /data/datasets/graphs/live-journal/soc-LiveJournal1.base.100.adj
>>> Batch_file /data/datasets/graphs/live-journal/soc-LiveJournal1.dynamic.100.el
>>> Batch_num 10
>>> Batch_size 100
>>> Alg BFS 
>>> Res: 
0.000024 0.020855
0.000028 0.010832
0.000034 0.011154
0.000031 0.010776
0.000031 0.010791
0.000034 0.010698
0.000038 0.010802
0.000034 0.010747
0.000032 0.010961
0.000033 0.010922
>>> End -----------------------------
--- scripts:  program finish, took 8
--- scripts:  Running run_absl_flat_hash_set on soc-LiveJournal1 (prefix: live-journal) with batch size 100 and algorithm pagerank
### Graph: /data/datasets/graphs/live-journal/soc-LiveJournal1.base.100.adj
### SET API ###
binary = 1
native map = 0
iteration = 1
native map_early_exit = 0
native parallel_map = 0
native native_parallel_map_early_exit = 0
supports modification
supports_get_memory_size = 0
### GRAPH API ###
n is suppoted as a function
m is stored
the graph is symmetric
degree is supported
supports basic map
parallel_map_neighbors is supported
map_neighbors_early_exit is supported
parallel_map_neighbors_early_exit is supported
supports insert_batch
don't have recent enough glibc to make a good guess
total bytes used = 0
### Threads: 128
### n: 4847571
### m: 86219856
>>> Begin -----------------------------
>>> Input_file /data/datasets/graphs/live-journal/soc-LiveJournal1.base.100.adj
>>> Batch_file /data/datasets/graphs/live-journal/soc-LiveJournal1.dynamic.100.el
>>> Batch_num 10
>>> Batch_size 100
>>> Alg PageRank 
>>> Res: 
0.000021 0.198595
0.000031 0.187485
0.000034 0.187520
0.000031 0.188747
0.000031 0.192970
0.000034 0.195768
0.000033 0.189122
0.000037 0.190155
0.000032 0.187348
0.000034 0.188269
>>> End -----------------------------
--- scripts:  program finish, took 14
--- scripts:  Running run_absl_flat_hash_set on soc-LiveJournal1 (prefix: live-journal) with batch size 100 and algorithm labelpropagation
### Graph: /data/datasets/graphs/live-journal/soc-LiveJournal1.base.100.adj
### SET API ###
binary = 1
native map = 0
iteration = 1
native map_early_exit = 0
native parallel_map = 0
native native_parallel_map_early_exit = 0
supports modification
supports_get_memory_size = 0
### GRAPH API ###
n is suppoted as a function
m is stored
the graph is symmetric
degree is supported
supports basic map
parallel_map_neighbors is supported
map_neighbors_early_exit is supported
parallel_map_neighbors_early_exit is supported
supports insert_batch
don't have recent enough glibc to make a good guess
total bytes used = 0
### Threads: 128
### n: 4847571
### m: 86219856
>>> Begin -----------------------------
>>> Input_file /data/datasets/graphs/live-journal/soc-LiveJournal1.base.100.adj
>>> Batch_file /data/datasets/graphs/live-journal/soc-LiveJournal1.dynamic.100.el
>>> Batch_num 10
>>> Batch_size 100
>>> Alg LabelPropagation 
>>> Res: 
0.000022 0.035326
0.000029 0.029071
0.000024 0.029301
0.000025 0.029235
0.000027 0.029207
0.000059 0.029015
0.000025 0.029079
0.000025 0.029211
0.000027 0.029542
0.000026 0.028789
>>> End -----------------------------
--- scripts:  program finish, took 8
--- scripts:  Running run_absl_flat_hash_set on soc-LiveJournal1 (prefix: live-journal) with batch size 100 and algorithm wbfs
### Graph: /data/datasets/graphs/live-journal/soc-LiveJournal1.base.100.adj
### SET API ###
binary = 1
native map = 0
iteration = 1
native map_early_exit = 0
native parallel_map = 0
native native_parallel_map_early_exit = 0
supports modification
supports_get_memory_size = 0
### GRAPH API ###
n is suppoted as a function
m is stored
the graph is symmetric
degree is supported
supports basic map
parallel_map_neighbors is supported
map_neighbors_early_exit is supported
parallel_map_neighbors_early_exit is supported
supports insert_batch
don't have recent enough glibc to make a good guess
total bytes used = 0
### Threads: 128
### n: 4847571
### m: 86219856
>>> Begin -----------------------------
>>> Input_file /data/datasets/graphs/live-journal/soc-LiveJournal1.base.100.adj
>>> Batch_file /data/datasets/graphs/live-journal/soc-LiveJournal1.dynamic.100.el
>>> Batch_num 10
>>> Batch_size 100
>>> Alg wBFS_unweighted 
>>> Res: 
0.000018 4.821735
0.000112 4.752597
0.000078 4.758730
0.000080 4.728628
0.000027 4.742688
0.000112 4.735992
0.000049 4.717105
0.000028 4.702920
0.000080 4.666888
0.000031 4.653418
>>> End -----------------------------
--- scripts:  program finish, took 195
--- scripts:  Running run_absl_flat_hash_set on com-orkut.ungraph (prefix: orkut) with batch size 100 and algorithm bfs
### Graph: /data/datasets/graphs/orkut/com-orkut.ungraph.base.100.adj
### SET API ###
binary = 1
native map = 0
iteration = 1
native map_early_exit = 0
native parallel_map = 0
native native_parallel_map_early_exit = 0
supports modification
supports_get_memory_size = 0
### GRAPH API ###
n is suppoted as a function
m is stored
the graph is symmetric
degree is supported
supports basic map
parallel_map_neighbors is supported
map_neighbors_early_exit is supported
parallel_map_neighbors_early_exit is supported
supports insert_batch
don't have recent enough glibc to make a good guess
total bytes used = 0
### Threads: 128
### n: 3072627
### m: 234369166
>>> Begin -----------------------------
>>> Input_file /data/datasets/graphs/orkut/com-orkut.ungraph.base.100.adj
>>> Batch_file /data/datasets/graphs/orkut/com-orkut.ungraph.dynamic.100.el
>>> Batch_num 10
>>> Batch_size 100
>>> Alg BFS 
>>> Res: 
0.000035 0.025055
0.000027 0.010429
0.000032 0.009945
0.000033 0.009848
0.000034 0.009869
0.000041 0.010331
0.000030 0.010283
0.000033 0.009941
0.000035 0.009535
0.000034 0.009385
>>> End -----------------------------
--- scripts:  program finish, took 15
--- scripts:  Running run_absl_flat_hash_set on com-orkut.ungraph (prefix: orkut) with batch size 100 and algorithm pagerank
### Graph: /data/datasets/graphs/orkut/com-orkut.ungraph.base.100.adj
### SET API ###
binary = 1
native map = 0
iteration = 1
native map_early_exit = 0
native parallel_map = 0
native native_parallel_map_early_exit = 0
supports modification
supports_get_memory_size = 0
### GRAPH API ###
n is suppoted as a function
m is stored
the graph is symmetric
degree is supported
supports basic map
parallel_map_neighbors is supported
map_neighbors_early_exit is supported
parallel_map_neighbors_early_exit is supported
supports insert_batch
don't have recent enough glibc to make a good guess
total bytes used = 0
### Threads: 128
### n: 3072627
### m: 234369166
>>> Begin -----------------------------
>>> Input_file /data/datasets/graphs/orkut/com-orkut.ungraph.base.100.adj
>>> Batch_file /data/datasets/graphs/orkut/com-orkut.ungraph.dynamic.100.el
>>> Batch_num 10
>>> Batch_size 100
>>> Alg PageRank 
>>> Res: 
0.000037 0.333553
0.000028 0.348736
0.000028 0.313805
0.000031 0.351442
0.000032 0.344611
0.000031 0.342675
0.000032 0.349965
0.000035 0.323818
0.000055 0.342298
0.000030 0.351606
>>> End -----------------------------
--- scripts:  program finish, took 27
--- scripts:  Running run_absl_flat_hash_set on com-orkut.ungraph (prefix: orkut) with batch size 100 and algorithm labelpropagation
### Graph: /data/datasets/graphs/orkut/com-orkut.ungraph.base.100.adj
### SET API ###
binary = 1
native map = 0
iteration = 1
native map_early_exit = 0
native parallel_map = 0
native native_parallel_map_early_exit = 0
supports modification
supports_get_memory_size = 0
### GRAPH API ###
n is suppoted as a function
m is stored
the graph is symmetric
degree is supported
supports basic map
parallel_map_neighbors is supported
map_neighbors_early_exit is supported
parallel_map_neighbors_early_exit is supported
supports insert_batch
don't have recent enough glibc to make a good guess
total bytes used = 0
### Threads: 128
### n: 3072627
### m: 234369166
>>> Begin -----------------------------
>>> Input_file /data/datasets/graphs/orkut/com-orkut.ungraph.base.100.adj
>>> Batch_file /data/datasets/graphs/orkut/com-orkut.ungraph.dynamic.100.el
>>> Batch_num 10
>>> Batch_size 100
>>> Alg LabelPropagation 
>>> Res: 
0.000063 0.064635
0.000029 0.046361
0.000026 0.044859
0.000032 0.045964
0.000030 0.045189
0.000070 0.045087
0.000029 0.046301
0.000031 0.047258
0.000087 0.045463
0.000033 0.044777
>>> End -----------------------------
--- scripts:  program finish, took 17
--- scripts:  Running run_absl_flat_hash_set on com-orkut.ungraph (prefix: orkut) with batch size 100 and algorithm wbfs
### Graph: /data/datasets/graphs/orkut/com-orkut.ungraph.base.100.adj
### SET API ###
binary = 1
native map = 0
iteration = 1
native map_early_exit = 0
native parallel_map = 0
native native_parallel_map_early_exit = 0
supports modification
supports_get_memory_size = 0
### GRAPH API ###
n is suppoted as a function
m is stored
the graph is symmetric
degree is supported
supports basic map
parallel_map_neighbors is supported
map_neighbors_early_exit is supported
parallel_map_neighbors_early_exit is supported
supports insert_batch
don't have recent enough glibc to make a good guess
total bytes used = 0
### Threads: 128
### n: 3072627
### m: 234369166
>>> Begin -----------------------------
>>> Input_file /data/datasets/graphs/orkut/com-orkut.ungraph.base.100.adj
>>> Batch_file /data/datasets/graphs/orkut/com-orkut.ungraph.dynamic.100.el
>>> Batch_num 10
>>> Batch_size 100
>>> Alg wBFS_unweighted 
>>> Res: 
0.000034 3.428968
0.000026 3.336602
0.000022 3.340331
0.000088 3.371271
0.000094 3.380749
0.000022 3.333553
0.000020 3.332742
0.000057 3.368083
0.000030 3.331910
0.000022 3.316459
>>> End -----------------------------
--- scripts:  program finish, took 148
--- scripts:  Running run_absl_flat_hash_set on cit-Patents (prefix: cit-Patents) with batch size 100 and algorithm bfs
### Graph: /data/datasets/graphs/cit-Patents/cit-Patents.base.100.adj
### SET API ###
binary = 1
native map = 0
iteration = 1
native map_early_exit = 0
native parallel_map = 0
native native_parallel_map_early_exit = 0
supports modification
supports_get_memory_size = 0
### GRAPH API ###
n is suppoted as a function
m is stored
the graph is symmetric
degree is supported
supports basic map
parallel_map_neighbors is supported
map_neighbors_early_exit is supported
parallel_map_neighbors_early_exit is supported
supports insert_batch
don't have recent enough glibc to make a good guess
total bytes used = 0
### Threads: 128
### n: 6009555
### m: 33036895
>>> Begin -----------------------------
>>> Input_file /data/datasets/graphs/cit-Patents/cit-Patents.base.100.adj
>>> Batch_file /data/datasets/graphs/cit-Patents/cit-Patents.dynamic.100.el
>>> Batch_num 10
>>> Batch_size 100
>>> Alg BFS 
>>> Res: 
0.000022 0.021127
0.000022 0.016283
0.000024 0.016167
0.000023 0.016134
0.000023 0.016103
0.000023 0.016093
0.000026 0.016060
0.000023 0.016158
0.000027 0.016067
0.000027 0.015981
>>> End -----------------------------
--- scripts:  program finish, took 6
--- scripts:  Running run_absl_flat_hash_set on cit-Patents (prefix: cit-Patents) with batch size 100 and algorithm pagerank
### Graph: /data/datasets/graphs/cit-Patents/cit-Patents.base.100.adj
### SET API ###
binary = 1
native map = 0
iteration = 1
native map_early_exit = 0
native parallel_map = 0
native native_parallel_map_early_exit = 0
supports modification
supports_get_memory_size = 0
### GRAPH API ###
n is suppoted as a function
m is stored
the graph is symmetric
degree is supported
supports basic map
parallel_map_neighbors is supported
map_neighbors_early_exit is supported
parallel_map_neighbors_early_exit is supported
supports insert_batch
don't have recent enough glibc to make a good guess
total bytes used = 0
### Threads: 128
### n: 6009555
### m: 33036895
>>> Begin -----------------------------
>>> Input_file /data/datasets/graphs/cit-Patents/cit-Patents.base.100.adj
>>> Batch_file /data/datasets/graphs/cit-Patents/cit-Patents.dynamic.100.el
>>> Batch_num 10
>>> Batch_size 100
>>> Alg PageRank 
>>> Res: 
0.000019 0.157873
0.000032 0.158110
0.000033 0.158736
0.000041 0.151014
0.000045 0.150371
0.000040 0.152415
0.000044 0.148981
0.000040 0.150169
0.000044 0.150714
0.000044 0.128897
>>> End -----------------------------
--- scripts:  program finish, took 10
--- scripts:  Running run_absl_flat_hash_set on cit-Patents (prefix: cit-Patents) with batch size 100 and algorithm labelpropagation
### Graph: /data/datasets/graphs/cit-Patents/cit-Patents.base.100.adj
### SET API ###
binary = 1
native map = 0
iteration = 1
native map_early_exit = 0
native parallel_map = 0
native native_parallel_map_early_exit = 0
supports modification
supports_get_memory_size = 0
### GRAPH API ###
n is suppoted as a function
m is stored
the graph is symmetric
degree is supported
supports basic map
parallel_map_neighbors is supported
map_neighbors_early_exit is supported
parallel_map_neighbors_early_exit is supported
supports insert_batch
don't have recent enough glibc to make a good guess
total bytes used = 0
### Threads: 128
### n: 6009555
### m: 33036895
>>> Begin -----------------------------
>>> Input_file /data/datasets/graphs/cit-Patents/cit-Patents.base.100.adj
>>> Batch_file /data/datasets/graphs/cit-Patents/cit-Patents.dynamic.100.el
>>> Batch_num 10
>>> Batch_size 100
>>> Alg LabelPropagation 
>>> Res: 
0.000023 0.023674
0.000027 0.021172
0.000034 0.020629
0.000027 0.020740
0.000030 0.020592
0.000027 0.020469
0.000025 0.020794
0.000030 0.020492
0.000028 0.020558
0.000027 0.020733
>>> End -----------------------------
--- scripts:  program finish, took 6
--- scripts:  Running run_absl_flat_hash_set on cit-Patents (prefix: cit-Patents) with batch size 100 and algorithm wbfs
### Graph: /data/datasets/graphs/cit-Patents/cit-Patents.base.100.adj
### SET API ###
binary = 1
native map = 0
iteration = 1
native map_early_exit = 0
native parallel_map = 0
native native_parallel_map_early_exit = 0
supports modification
supports_get_memory_size = 0
### GRAPH API ###
n is suppoted as a function
m is stored
the graph is symmetric
degree is supported
supports basic map
parallel_map_neighbors is supported
map_neighbors_early_exit is supported
parallel_map_neighbors_early_exit is supported
supports insert_batch
don't have recent enough glibc to make a good guess
total bytes used = 0
### Threads: 128
### n: 6009555
### m: 33036895
>>> Begin -----------------------------
>>> Input_file /data/datasets/graphs/cit-Patents/cit-Patents.base.100.adj
>>> Batch_file /data/datasets/graphs/cit-Patents/cit-Patents.dynamic.100.el
>>> Batch_num 10
>>> Batch_size 100
>>> Alg wBFS_unweighted 
>>> Res: 
0.000021 4.551561
0.000027 4.540509
0.000088 4.551283
0.000069 4.520057
0.000092 4.500570
0.000028 4.499372
0.000028 4.493311
0.000025 4.521508
0.000065 4.488592
0.000041 4.525250
>>> End -----------------------------
--- scripts:  program finish, took 184
--- scripts:  Running run_absl_flat_hash_set on twitter-unique-undir (prefix: twitter) with batch size 100 and algorithm bfs
### Graph: /data/datasets/graphs/twitter/twitter-unique-undir.base.100.adj
### SET API ###
binary = 1
native map = 0
iteration = 1
native map_early_exit = 0
native parallel_map = 0
native native_parallel_map_early_exit = 0
supports modification
supports_get_memory_size = 0
### GRAPH API ###
n is suppoted as a function
m is stored
the graph is symmetric
degree is supported
supports basic map
parallel_map_neighbors is supported
map_neighbors_early_exit is supported
parallel_map_neighbors_early_exit is supported
supports insert_batch
don't have recent enough glibc to make a good guess
total bytes used = 0
### Threads: 128
### n: 41652231
### m: 2430497283
>>> Begin -----------------------------
>>> Input_file /data/datasets/graphs/twitter/twitter-unique-undir.base.100.adj
>>> Batch_file /data/datasets/graphs/twitter/twitter-unique-undir.dynamic.100.el
>>> Batch_num 10
>>> Batch_size 100
>>> Alg BFS 
>>> Res: 
0.000028 0.231912
0.000036 0.184700
0.000058 0.185805
0.000043 0.184588
0.000038 0.181865
0.000043 0.188396
0.000045 0.185255
0.000048 0.185300
0.000045 0.184791
0.000044 0.181564
>>> End -----------------------------
--- scripts:  program finish, took 154
--- scripts:  Running run_absl_flat_hash_set on twitter-unique-undir (prefix: twitter) with batch size 100 and algorithm pagerank
### Graph: /data/datasets/graphs/twitter/twitter-unique-undir.base.100.adj
### SET API ###
binary = 1
native map = 0
iteration = 1
native map_early_exit = 0
native parallel_map = 0
native native_parallel_map_early_exit = 0
supports modification
supports_get_memory_size = 0
### GRAPH API ###
n is suppoted as a function
m is stored
the graph is symmetric
degree is supported
supports basic map
parallel_map_neighbors is supported
map_neighbors_early_exit is supported
parallel_map_neighbors_early_exit is supported
supports insert_batch
don't have recent enough glibc to make a good guess
total bytes used = 0
### Threads: 128
### n: 41652231
### m: 2430497283
>>> Begin -----------------------------
>>> Input_file /data/datasets/graphs/twitter/twitter-unique-undir.base.100.adj
>>> Batch_file /data/datasets/graphs/twitter/twitter-unique-undir.dynamic.100.el
>>> Batch_num 10
>>> Batch_size 100
>>> Alg PageRank 
>>> Res: 
0.000025 9.170522
0.000031 9.138938
0.000036 8.607510
0.000033 8.216397
0.000033 8.209952
0.000034 8.596082
0.000049 8.171386
0.000039 8.116359
0.000044 8.161915
0.000057 8.161920
>>> End -----------------------------
--- scripts:  program finish, took 471
--- scripts:  Running run_absl_flat_hash_set on twitter-unique-undir (prefix: twitter) with batch size 100 and algorithm labelpropagation
### Graph: /data/datasets/graphs/twitter/twitter-unique-undir.base.100.adj
### SET API ###
binary = 1
native map = 0
iteration = 1
native map_early_exit = 0
native parallel_map = 0
native native_parallel_map_early_exit = 0
supports modification
supports_get_memory_size = 0
### GRAPH API ###
n is suppoted as a function
m is stored
the graph is symmetric
degree is supported
supports basic map
parallel_map_neighbors is supported
map_neighbors_early_exit is supported
parallel_map_neighbors_early_exit is supported
supports insert_batch
don't have recent enough glibc to make a good guess
total bytes used = 0
### Threads: 128
### n: 41652231
### m: 2430497283
>>> Begin -----------------------------
>>> Input_file /data/datasets/graphs/twitter/twitter-unique-undir.base.100.adj
>>> Batch_file /data/datasets/graphs/twitter/twitter-unique-undir.dynamic.100.el
>>> Batch_num 10
>>> Batch_size 100
>>> Alg LabelPropagation 
>>> Res: 
0.000039 1.358920
0.000024 1.290903
0.000026 1.294768
0.000028 1.295467
0.000033 1.311438
0.000030 1.295847
0.000072 1.318626
0.000045 1.315478
0.000058 1.322910
0.000098 1.330757
>>> End -----------------------------
--- scripts:  program finish, took 200
--- scripts:  Running run_absl_flat_hash_set on twitter-unique-undir (prefix: twitter) with batch size 100 and algorithm wbfs
### Graph: /data/datasets/graphs/twitter/twitter-unique-undir.base.100.adj
### SET API ###
binary = 1
native map = 0
iteration = 1
native map_early_exit = 0
native parallel_map = 0
native native_parallel_map_early_exit = 0
supports modification
supports_get_memory_size = 0
### GRAPH API ###
n is suppoted as a function
m is stored
the graph is symmetric
degree is supported
supports basic map
parallel_map_neighbors is supported
map_neighbors_early_exit is supported
parallel_map_neighbors_early_exit is supported
supports insert_batch
don't have recent enough glibc to make a good guess
total bytes used = 0
### Threads: 128
### n: 41652231
### m: 2430497283
>>> Begin -----------------------------
>>> Input_file /data/datasets/graphs/twitter/twitter-unique-undir.base.100.adj
>>> Batch_file /data/datasets/graphs/twitter/twitter-unique-undir.dynamic.100.el
>>> Batch_num 10
>>> Batch_size 100
>>> Alg wBFS_unweighted 
>>> Res: 
0.000021 40.255519
0.000026 39.426198
0.000036 39.182235
0.000039 39.259838
0.000048 39.051337
0.000036 38.798990
0.000043 38.769633
0.000034 38.761177
0.000045 38.855817
0.000077 38.946291
>>> End -----------------------------
--- scripts:  program finish, took 1695
--- scripts:  Running run_absl_flat_hash_set on com-friendster (prefix: friend) with batch size 100 and algorithm bfs
### Graph: /data/datasets/graphs/friend/com-friendster.base.100.adj
### SET API ###
binary = 1
native map = 0
iteration = 1
native map_early_exit = 0
native parallel_map = 0
native native_parallel_map_early_exit = 0
supports modification
supports_get_memory_size = 0
### GRAPH API ###
n is suppoted as a function
m is stored
the graph is symmetric
degree is supported
supports basic map
parallel_map_neighbors is supported
map_neighbors_early_exit is supported
parallel_map_neighbors_early_exit is supported
supports insert_batch
don't have recent enough glibc to make a good guess
total bytes used = 0
### Threads: 128
### n: 2586147870
### m: 3698830648
>>> Begin -----------------------------
>>> Input_file /data/datasets/graphs/friend/com-friendster.base.100.adj
>>> Batch_file /data/datasets/graphs/friend/com-friendster.dynamic.100.el
>>> Batch_num 10
>>> Batch_size 100
>>> Alg BFS 
>>> Res: 
0.000024 4.744588
0.000034 4.421015
0.000041 4.422951
0.000045 4.451680
0.000033 4.458246
0.000046 4.467863
0.000050 4.445682
0.000035 4.435914
0.000034 4.397422
0.000040 4.385382
>>> End -----------------------------
--- scripts:  program finish, took 687
--- scripts:  Running run_absl_flat_hash_set on com-friendster (prefix: friend) with batch size 100 and algorithm pagerank
### Graph: /data/datasets/graphs/friend/com-friendster.base.100.adj
### SET API ###
binary = 1
native map = 0
iteration = 1
native map_early_exit = 0
native parallel_map = 0
native native_parallel_map_early_exit = 0
supports modification
supports_get_memory_size = 0
### GRAPH API ###
n is suppoted as a function
m is stored
the graph is symmetric
degree is supported
supports basic map
parallel_map_neighbors is supported
map_neighbors_early_exit is supported
parallel_map_neighbors_early_exit is supported
supports insert_batch
don't have recent enough glibc to make a good guess
total bytes used = 0
### Threads: 128
### n: 2586147870
### m: 3698830648
>>> Begin -----------------------------
>>> Input_file /data/datasets/graphs/friend/com-friendster.base.100.adj
>>> Batch_file /data/datasets/graphs/friend/com-friendster.dynamic.100.el
>>> Batch_num 10
>>> Batch_size 100
>>> Alg PageRank 
>>> Res: 
0.000019 70.810489
0.000029 94.741900
0.000036 94.519085
0.000085 138.657023
0.000033 122.891209
0.000027 137.300781
0.000027 136.070946
0.000037 135.950549
0.000026 138.632968
0.000043 70.395933
>>> End -----------------------------
--- scripts:  program finish, took 4999
--- scripts:  Running run_absl_flat_hash_set on com-friendster (prefix: friend) with batch size 100 and algorithm labelpropagation
### Graph: /data/datasets/graphs/friend/com-friendster.base.100.adj
### SET API ###
binary = 1
native map = 0
iteration = 1
native map_early_exit = 0
native parallel_map = 0
native native_parallel_map_early_exit = 0
supports modification
supports_get_memory_size = 0
### GRAPH API ###
n is suppoted as a function
m is stored
the graph is symmetric
degree is supported
supports basic map
parallel_map_neighbors is supported
map_neighbors_early_exit is supported
parallel_map_neighbors_early_exit is supported
supports insert_batch
don't have recent enough glibc to make a good guess
total bytes used = 0
### Threads: 128
### n: 2586147870
### m: 3698830648
>>> Begin -----------------------------
>>> Input_file /data/datasets/graphs/friend/com-friendster.base.100.adj
>>> Batch_file /data/datasets/graphs/friend/com-friendster.dynamic.100.el
>>> Batch_num 10
>>> Batch_size 100
>>> Alg LabelPropagation 
>>> Res: 
0.000029 4.626374
0.000025 4.387191
0.000032 4.373962
0.000049 4.508327
0.000054 4.443656
0.000031 4.340104
0.000030 4.401843
0.000040 4.450848
0.000026 4.400803
0.000060 4.390902
>>> End -----------------------------
--- scripts:  program finish, took 691
--- scripts:  Running run_absl_flat_hash_set on com-friendster (prefix: friend) with batch size 100 and algorithm wbfs
### Graph: /data/datasets/graphs/friend/com-friendster.base.100.adj
### SET API ###
binary = 1
native map = 0
iteration = 1
native map_early_exit = 0
native parallel_map = 0
native native_parallel_map_early_exit = 0
supports modification
supports_get_memory_size = 0
### GRAPH API ###
n is suppoted as a function
m is stored
the graph is symmetric
degree is supported
supports basic map
parallel_map_neighbors is supported
map_neighbors_early_exit is supported
parallel_map_neighbors_early_exit is supported
supports insert_batch
don't have recent enough glibc to make a good guess
total bytes used = 0
### Threads: 128
### n: 2586147870
### m: 3698830648
>>> Begin -----------------------------
>>> Input_file /data/datasets/graphs/friend/com-friendster.base.100.adj
>>> Batch_file /data/datasets/graphs/friend/com-friendster.dynamic.100.el
>>> Batch_num 10
>>> Batch_size 100
>>> Alg wBFS_unweighted 
>>> Res: 
0.000021 55.713470
0.000029 56.113064
0.000027 54.107494
0.000032 52.882030
0.000025 52.781246
0.000023 53.157186
0.000026 53.479408
0.000029 53.255484
0.000024 53.022127
0.000033 53.120321
>>> End -----------------------------
--- scripts:  program finish, took 2635
--- scripts:  Running run_absl_flat_hash_set on soc-LiveJournal1 (prefix: live-journal) with batch size 1000 and algorithm bfs
### Graph: /data/datasets/graphs/live-journal/soc-LiveJournal1.base.1000.adj
### SET API ###
binary = 1
native map = 0
iteration = 1
native map_early_exit = 0
native parallel_map = 0
native native_parallel_map_early_exit = 0
supports modification
supports_get_memory_size = 0
### GRAPH API ###
n is suppoted as a function
m is stored
the graph is symmetric
degree is supported
supports basic map
parallel_map_neighbors is supported
map_neighbors_early_exit is supported
parallel_map_neighbors_early_exit is supported
supports insert_batch
don't have recent enough glibc to make a good guess
total bytes used = 0
### Threads: 128
### n: 4847571
### m: 86210856
>>> Begin -----------------------------
>>> Input_file /data/datasets/graphs/live-journal/soc-LiveJournal1.base.1000.adj
>>> Batch_file /data/datasets/graphs/live-journal/soc-LiveJournal1.dynamic.1000.el
>>> Batch_num 10
>>> Batch_size 1000
>>> Alg BFS 
>>> Res: 
0.000093 0.020779
0.000084 0.013278
0.000086 0.013265
0.000086 0.013356
0.000083 0.013077
0.000085 0.013231
0.000086 0.013065
0.000086 0.012946
0.000086 0.013279
0.000085 0.013633
>>> End -----------------------------
--- scripts:  program finish, took 7
--- scripts:  Running run_absl_flat_hash_set on soc-LiveJournal1 (prefix: live-journal) with batch size 1000 and algorithm pagerank
### Graph: /data/datasets/graphs/live-journal/soc-LiveJournal1.base.1000.adj
### SET API ###
binary = 1
native map = 0
iteration = 1
native map_early_exit = 0
native parallel_map = 0
native native_parallel_map_early_exit = 0
supports modification
supports_get_memory_size = 0
### GRAPH API ###
n is suppoted as a function
m is stored
the graph is symmetric
degree is supported
supports basic map
parallel_map_neighbors is supported
map_neighbors_early_exit is supported
parallel_map_neighbors_early_exit is supported
supports insert_batch
don't have recent enough glibc to make a good guess
total bytes used = 0
### Threads: 128
### n: 4847571
### m: 86210856
>>> Begin -----------------------------
>>> Input_file /data/datasets/graphs/live-journal/soc-LiveJournal1.base.1000.adj
>>> Batch_file /data/datasets/graphs/live-journal/soc-LiveJournal1.dynamic.1000.el
>>> Batch_num 10
>>> Batch_size 1000
>>> Alg PageRank 
>>> Res: 
0.000114 0.201288
0.000102 0.194090
0.000105 0.194856
0.000108 0.198620
0.000111 0.198083
0.000131 0.196150
0.000154 0.196205
0.000141 0.194990
0.000127 0.194228
0.000138 0.196533
>>> End -----------------------------
--- scripts:  program finish, took 15
--- scripts:  Running run_absl_flat_hash_set on soc-LiveJournal1 (prefix: live-journal) with batch size 1000 and algorithm labelpropagation
### Graph: /data/datasets/graphs/live-journal/soc-LiveJournal1.base.1000.adj
### SET API ###
binary = 1
native map = 0
iteration = 1
native map_early_exit = 0
native parallel_map = 0
native native_parallel_map_early_exit = 0
supports modification
supports_get_memory_size = 0
### GRAPH API ###
n is suppoted as a function
m is stored
the graph is symmetric
degree is supported
supports basic map
parallel_map_neighbors is supported
map_neighbors_early_exit is supported
parallel_map_neighbors_early_exit is supported
supports insert_batch
don't have recent enough glibc to make a good guess
total bytes used = 0
### Threads: 128
### n: 4847571
### m: 86210856
>>> Begin -----------------------------
>>> Input_file /data/datasets/graphs/live-journal/soc-LiveJournal1.base.1000.adj
>>> Batch_file /data/datasets/graphs/live-journal/soc-LiveJournal1.dynamic.1000.el
>>> Batch_num 10
>>> Batch_size 1000
>>> Alg LabelPropagation 
>>> Res: 
0.000111 0.033006
0.000089 0.029282
0.000118 0.028902
0.000085 0.029708
0.000093 0.028929
0.000088 0.028811
0.000114 0.030047
0.000089 0.029134
0.000117 0.028945
0.000106 0.028765
>>> End -----------------------------
--- scripts:  program finish, took 7
--- scripts:  Running run_absl_flat_hash_set on soc-LiveJournal1 (prefix: live-journal) with batch size 1000 and algorithm wbfs
### Graph: /data/datasets/graphs/live-journal/soc-LiveJournal1.base.1000.adj
### SET API ###
binary = 1
native map = 0
iteration = 1
native map_early_exit = 0
native parallel_map = 0
native native_parallel_map_early_exit = 0
supports modification
supports_get_memory_size = 0
### GRAPH API ###
n is suppoted as a function
m is stored
the graph is symmetric
degree is supported
supports basic map
parallel_map_neighbors is supported
map_neighbors_early_exit is supported
parallel_map_neighbors_early_exit is supported
supports insert_batch
don't have recent enough glibc to make a good guess
total bytes used = 0
### Threads: 128
### n: 4847571
### m: 86210856
>>> Begin -----------------------------
>>> Input_file /data/datasets/graphs/live-journal/soc-LiveJournal1.base.1000.adj
>>> Batch_file /data/datasets/graphs/live-journal/soc-LiveJournal1.dynamic.1000.el
>>> Batch_num 10
>>> Batch_size 1000
>>> Alg wBFS_unweighted 
>>> Res: 
0.000091 4.844668
0.000120 4.767664
0.000107 4.805812
0.000334 4.823263
0.000175 4.773931
0.000175 4.753821
0.000140 4.752946
0.000075 4.716882
0.000080 4.765493
0.000153 4.772073
>>> End -----------------------------
--- scripts:  program finish, took 198
--- scripts:  Running run_absl_flat_hash_set on com-orkut.ungraph (prefix: orkut) with batch size 1000 and algorithm bfs
### Graph: /data/datasets/graphs/orkut/com-orkut.ungraph.base.1000.adj
### SET API ###
binary = 1
native map = 0
iteration = 1
native map_early_exit = 0
native parallel_map = 0
native native_parallel_map_early_exit = 0
supports modification
supports_get_memory_size = 0
### GRAPH API ###
n is suppoted as a function
m is stored
the graph is symmetric
degree is supported
supports basic map
parallel_map_neighbors is supported
map_neighbors_early_exit is supported
parallel_map_neighbors_early_exit is supported
supports insert_batch
don't have recent enough glibc to make a good guess
total bytes used = 0
### Threads: 128
### n: 3072627
### m: 234360166
>>> Begin -----------------------------
>>> Input_file /data/datasets/graphs/orkut/com-orkut.ungraph.base.1000.adj
>>> Batch_file /data/datasets/graphs/orkut/com-orkut.ungraph.dynamic.1000.el
>>> Batch_num 10
>>> Batch_size 1000
>>> Alg BFS 
>>> Res: 
0.000146 0.025305
0.000083 0.010335
0.000086 0.010013
0.000091 0.010016
0.000087 0.009815
0.000084 0.011156
0.000083 0.009927
0.000084 0.009867
0.000088 0.010901
0.000083 0.010119
>>> End -----------------------------
--- scripts:  program finish, took 13
--- scripts:  Running run_absl_flat_hash_set on com-orkut.ungraph (prefix: orkut) with batch size 1000 and algorithm pagerank
### Graph: /data/datasets/graphs/orkut/com-orkut.ungraph.base.1000.adj
### SET API ###
binary = 1
native map = 0
iteration = 1
native map_early_exit = 0
native parallel_map = 0
native native_parallel_map_early_exit = 0
supports modification
supports_get_memory_size = 0
### GRAPH API ###
n is suppoted as a function
m is stored
the graph is symmetric
degree is supported
supports basic map
parallel_map_neighbors is supported
map_neighbors_early_exit is supported
parallel_map_neighbors_early_exit is supported
supports insert_batch
don't have recent enough glibc to make a good guess
total bytes used = 0
### Threads: 128
### n: 3072627
### m: 234360166
>>> Begin -----------------------------
>>> Input_file /data/datasets/graphs/orkut/com-orkut.ungraph.base.1000.adj
>>> Batch_file /data/datasets/graphs/orkut/com-orkut.ungraph.dynamic.1000.el
>>> Batch_num 10
>>> Batch_size 1000
>>> Alg PageRank 
>>> Res: 
0.000081 0.379961
0.000079 0.372831
0.000075 0.376498
0.000083 0.373923
0.000077 0.373437
0.000081 0.373591
0.000092 0.370590
0.000100 0.367799
0.000102 0.368082
0.000096 0.355177
>>> End -----------------------------
--- scripts:  program finish, took 29
--- scripts:  Running run_absl_flat_hash_set on com-orkut.ungraph (prefix: orkut) with batch size 1000 and algorithm labelpropagation
### Graph: /data/datasets/graphs/orkut/com-orkut.ungraph.base.1000.adj
### SET API ###
binary = 1
native map = 0
iteration = 1
native map_early_exit = 0
native parallel_map = 0
native native_parallel_map_early_exit = 0
supports modification
supports_get_memory_size = 0
### GRAPH API ###
n is suppoted as a function
m is stored
the graph is symmetric
degree is supported
supports basic map
parallel_map_neighbors is supported
map_neighbors_early_exit is supported
parallel_map_neighbors_early_exit is supported
supports insert_batch
don't have recent enough glibc to make a good guess
total bytes used = 0
### Threads: 128
### n: 3072627
### m: 234360166
>>> Begin -----------------------------
>>> Input_file /data/datasets/graphs/orkut/com-orkut.ungraph.base.1000.adj
>>> Batch_file /data/datasets/graphs/orkut/com-orkut.ungraph.dynamic.1000.el
>>> Batch_num 10
>>> Batch_size 1000
>>> Alg LabelPropagation 
>>> Res: 
0.000082 0.054159
0.000080 0.044002
0.000126 0.043086
0.000110 0.044054
0.000101 0.043127
0.000126 0.042183
0.000109 0.043534
0.000110 0.043651
0.000133 0.043366
0.000109 0.043136
>>> End -----------------------------
--- scripts:  program finish, took 15
--- scripts:  Running run_absl_flat_hash_set on com-orkut.ungraph (prefix: orkut) with batch size 1000 and algorithm wbfs
### Graph: /data/datasets/graphs/orkut/com-orkut.ungraph.base.1000.adj
### SET API ###
binary = 1
native map = 0
iteration = 1
native map_early_exit = 0
native parallel_map = 0
native native_parallel_map_early_exit = 0
supports modification
supports_get_memory_size = 0
### GRAPH API ###
n is suppoted as a function
m is stored
the graph is symmetric
degree is supported
supports basic map
parallel_map_neighbors is supported
map_neighbors_early_exit is supported
parallel_map_neighbors_early_exit is supported
supports insert_batch
don't have recent enough glibc to make a good guess
total bytes used = 0
### Threads: 128
### n: 3072627
### m: 234360166
>>> Begin -----------------------------
>>> Input_file /data/datasets/graphs/orkut/com-orkut.ungraph.base.1000.adj
>>> Batch_file /data/datasets/graphs/orkut/com-orkut.ungraph.dynamic.1000.el
>>> Batch_num 10
>>> Batch_size 1000
>>> Alg wBFS_unweighted 
>>> Res: 
0.000077 3.431089
0.000083 3.413035
0.000117 3.357548
0.000090 3.350512
0.000078 3.337166
0.000077 3.351346
0.000125 3.361087
0.000089 3.352727
0.000496 3.397320
0.000092 3.380392
>>> End -----------------------------
--- scripts:  program finish, took 149
--- scripts:  Running run_absl_flat_hash_set on cit-Patents (prefix: cit-Patents) with batch size 1000 and algorithm bfs
### Graph: /data/datasets/graphs/cit-Patents/cit-Patents.base.1000.adj
### SET API ###
binary = 1
native map = 0
iteration = 1
native map_early_exit = 0
native parallel_map = 0
native native_parallel_map_early_exit = 0
supports modification
supports_get_memory_size = 0
### GRAPH API ###
n is suppoted as a function
m is stored
the graph is symmetric
degree is supported
supports basic map
parallel_map_neighbors is supported
map_neighbors_early_exit is supported
parallel_map_neighbors_early_exit is supported
supports insert_batch
don't have recent enough glibc to make a good guess
total bytes used = 0
### Threads: 128
### n: 6009555
### m: 33027895
>>> Begin -----------------------------
>>> Input_file /data/datasets/graphs/cit-Patents/cit-Patents.base.1000.adj
>>> Batch_file /data/datasets/graphs/cit-Patents/cit-Patents.dynamic.1000.el
>>> Batch_num 10
>>> Batch_size 1000
>>> Alg BFS 
>>> Res: 
0.000062 0.020146
0.000063 0.016621
0.000063 0.016983
0.000063 0.016344
0.000066 0.016295
0.000059 0.016194
0.000061 0.016175
0.000064 0.016156
0.000062 0.016319
0.000062 0.016180
>>> End -----------------------------
--- scripts:  program finish, took 5
--- scripts:  Running run_absl_flat_hash_set on cit-Patents (prefix: cit-Patents) with batch size 1000 and algorithm pagerank
### Graph: /data/datasets/graphs/cit-Patents/cit-Patents.base.1000.adj
### SET API ###
binary = 1
native map = 0
iteration = 1
native map_early_exit = 0
native parallel_map = 0
native native_parallel_map_early_exit = 0
supports modification
supports_get_memory_size = 0
### GRAPH API ###
n is suppoted as a function
m is stored
the graph is symmetric
degree is supported
supports basic map
parallel_map_neighbors is supported
map_neighbors_early_exit is supported
parallel_map_neighbors_early_exit is supported
supports insert_batch
don't have recent enough glibc to make a good guess
total bytes used = 0
### Threads: 128
### n: 6009555
### m: 33027895
>>> Begin -----------------------------
>>> Input_file /data/datasets/graphs/cit-Patents/cit-Patents.base.1000.adj
>>> Batch_file /data/datasets/graphs/cit-Patents/cit-Patents.dynamic.1000.el
>>> Batch_num 10
>>> Batch_size 1000
>>> Alg PageRank 
>>> Res: 
0.000055 0.167065
0.000098 0.162831
0.000129 0.161292
0.000141 0.163557
0.000119 0.163672
0.000116 0.160684
0.000113 0.159729
0.000110 0.160193
0.000121 0.158481
0.000132 0.149701
>>> End -----------------------------
--- scripts:  program finish, took 11
--- scripts:  Running run_absl_flat_hash_set on cit-Patents (prefix: cit-Patents) with batch size 1000 and algorithm labelpropagation
### Graph: /data/datasets/graphs/cit-Patents/cit-Patents.base.1000.adj
### SET API ###
binary = 1
native map = 0
iteration = 1
native map_early_exit = 0
native parallel_map = 0
native native_parallel_map_early_exit = 0
supports modification
supports_get_memory_size = 0
### GRAPH API ###
n is suppoted as a function
m is stored
the graph is symmetric
degree is supported
supports basic map
parallel_map_neighbors is supported
map_neighbors_early_exit is supported
parallel_map_neighbors_early_exit is supported
supports insert_batch
don't have recent enough glibc to make a good guess
total bytes used = 0
### Threads: 128
### n: 6009555
### m: 33027895
>>> Begin -----------------------------
>>> Input_file /data/datasets/graphs/cit-Patents/cit-Patents.base.1000.adj
>>> Batch_file /data/datasets/graphs/cit-Patents/cit-Patents.dynamic.1000.el
>>> Batch_num 10
>>> Batch_size 1000
>>> Alg LabelPropagation 
>>> Res: 
0.000076 0.025815
0.000079 0.019886
0.000087 0.019424
0.000087 0.019386
0.000085 0.019109
0.000083 0.019395
0.000102 0.019329
0.000091 0.019343
0.000089 0.019416
0.000097 0.019346
>>> End -----------------------------
--- scripts:  program finish, took 6
--- scripts:  Running run_absl_flat_hash_set on cit-Patents (prefix: cit-Patents) with batch size 1000 and algorithm wbfs
### Graph: /data/datasets/graphs/cit-Patents/cit-Patents.base.1000.adj
### SET API ###
binary = 1
native map = 0
iteration = 1
native map_early_exit = 0
native parallel_map = 0
native native_parallel_map_early_exit = 0
supports modification
supports_get_memory_size = 0
### GRAPH API ###
n is suppoted as a function
m is stored
the graph is symmetric
degree is supported
supports basic map
parallel_map_neighbors is supported
map_neighbors_early_exit is supported
parallel_map_neighbors_early_exit is supported
supports insert_batch
don't have recent enough glibc to make a good guess
total bytes used = 0
### Threads: 128
### n: 6009555
### m: 33027895
>>> Begin -----------------------------
>>> Input_file /data/datasets/graphs/cit-Patents/cit-Patents.base.1000.adj
>>> Batch_file /data/datasets/graphs/cit-Patents/cit-Patents.dynamic.1000.el
>>> Batch_num 10
>>> Batch_size 1000
>>> Alg wBFS_unweighted 
>>> Res: 
0.000057 4.711830
0.000085 4.628685
0.000142 4.572584
0.000083 4.550162
0.000129 4.569396
0.000079 4.565009
0.000138 4.598446
0.000072 4.605480
0.000083 4.562305
0.000092 4.571667
>>> End -----------------------------
--- scripts:  program finish, took 187
--- scripts:  Running run_absl_flat_hash_set on twitter-unique-undir (prefix: twitter) with batch size 1000 and algorithm bfs
### Graph: /data/datasets/graphs/twitter/twitter-unique-undir.base.1000.adj
### SET API ###
binary = 1
native map = 0
iteration = 1
native map_early_exit = 0
native parallel_map = 0
native native_parallel_map_early_exit = 0
supports modification
supports_get_memory_size = 0
### GRAPH API ###
n is suppoted as a function
m is stored
the graph is symmetric
degree is supported
supports basic map
parallel_map_neighbors is supported
map_neighbors_early_exit is supported
parallel_map_neighbors_early_exit is supported
supports insert_batch
don't have recent enough glibc to make a good guess
total bytes used = 0
### Threads: 128
### n: 41652231
### m: 2430488283
>>> Begin -----------------------------
>>> Input_file /data/datasets/graphs/twitter/twitter-unique-undir.base.1000.adj
>>> Batch_file /data/datasets/graphs/twitter/twitter-unique-undir.dynamic.1000.el
>>> Batch_num 10
>>> Batch_size 1000
>>> Alg BFS 
>>> Res: 
0.000207 0.295212
0.000187 0.185506
0.000229 0.182982
0.000163 0.180531
0.000175 0.172532
0.000258 0.175918
0.000181 0.176822
0.000198 0.177556
0.000205 0.177143
0.000231 0.174046
>>> End -----------------------------
--- scripts:  program finish, took 158
--- scripts:  Running run_absl_flat_hash_set on twitter-unique-undir (prefix: twitter) with batch size 1000 and algorithm pagerank
### Graph: /data/datasets/graphs/twitter/twitter-unique-undir.base.1000.adj
### SET API ###
binary = 1
native map = 0
iteration = 1
native map_early_exit = 0
native parallel_map = 0
native native_parallel_map_early_exit = 0
supports modification
supports_get_memory_size = 0
### GRAPH API ###
n is suppoted as a function
m is stored
the graph is symmetric
degree is supported
supports basic map
parallel_map_neighbors is supported
map_neighbors_early_exit is supported
parallel_map_neighbors_early_exit is supported
supports insert_batch
don't have recent enough glibc to make a good guess
total bytes used = 0
### Threads: 128
### n: 41652231
### m: 2430488283
>>> Begin -----------------------------
>>> Input_file /data/datasets/graphs/twitter/twitter-unique-undir.base.1000.adj
>>> Batch_file /data/datasets/graphs/twitter/twitter-unique-undir.dynamic.1000.el
>>> Batch_num 10
>>> Batch_size 1000
>>> Alg PageRank 
>>> Res: 
0.000071 10.356081
0.000116 11.104907
0.000102 12.670695
0.000084 12.741358
0.000096 15.413330
0.000134 15.425691
0.000116 13.697291
0.000074 11.747122
0.000097 12.420647
0.000073 14.334410
>>> End -----------------------------
--- scripts:  program finish, took 654
--- scripts:  Running run_absl_flat_hash_set on twitter-unique-undir (prefix: twitter) with batch size 1000 and algorithm labelpropagation
### Graph: /data/datasets/graphs/twitter/twitter-unique-undir.base.1000.adj
### SET API ###
binary = 1
native map = 0
iteration = 1
native map_early_exit = 0
native parallel_map = 0
native native_parallel_map_early_exit = 0
supports modification
supports_get_memory_size = 0
### GRAPH API ###
n is suppoted as a function
m is stored
the graph is symmetric
degree is supported
supports basic map
parallel_map_neighbors is supported
map_neighbors_early_exit is supported
parallel_map_neighbors_early_exit is supported
supports insert_batch
don't have recent enough glibc to make a good guess
total bytes used = 0
### Threads: 128
### n: 41652231
### m: 2430488283
>>> Begin -----------------------------
>>> Input_file /data/datasets/graphs/twitter/twitter-unique-undir.base.1000.adj
>>> Batch_file /data/datasets/graphs/twitter/twitter-unique-undir.dynamic.1000.el
>>> Batch_num 10
>>> Batch_size 1000
>>> Alg LabelPropagation 
>>> Res: 
0.000112 1.580970
0.000125 1.461605
0.000089 1.482460
0.000089 1.454371
0.000116 1.472064
0.000138 1.463730
0.000138 1.426935
0.000132 1.427463
0.000128 1.408320
0.000126 1.428442
>>> End -----------------------------
--- scripts:  program finish, took 196
--- scripts:  Running run_absl_flat_hash_set on twitter-unique-undir (prefix: twitter) with batch size 1000 and algorithm wbfs
### Graph: /data/datasets/graphs/twitter/twitter-unique-undir.base.1000.adj
### SET API ###
binary = 1
native map = 0
iteration = 1
native map_early_exit = 0
native parallel_map = 0
native native_parallel_map_early_exit = 0
supports modification
supports_get_memory_size = 0
### GRAPH API ###
n is suppoted as a function
m is stored
the graph is symmetric
degree is supported
supports basic map
parallel_map_neighbors is supported
map_neighbors_early_exit is supported
parallel_map_neighbors_early_exit is supported
supports insert_batch
don't have recent enough glibc to make a good guess
total bytes used = 0
### Threads: 128
### n: 41652231
### m: 2430488283
>>> Begin -----------------------------
>>> Input_file /data/datasets/graphs/twitter/twitter-unique-undir.base.1000.adj
>>> Batch_file /data/datasets/graphs/twitter/twitter-unique-undir.dynamic.1000.el
>>> Batch_num 10
>>> Batch_size 1000
>>> Alg wBFS_unweighted 
>>> Res: 
0.000089 43.339570
0.000218 42.546262
0.000077 42.324089
0.000085 41.955400
0.000091 41.639301
0.000101 41.687509
0.000161 41.629442
0.000133 41.727990
0.000136 42.113059
0.000072 41.992385
>>> End -----------------------------
--- scripts:  program finish, took 1817
--- scripts:  Running run_absl_flat_hash_set on com-friendster (prefix: friend) with batch size 1000 and algorithm bfs
### Graph: /data/datasets/graphs/friend/com-friendster.base.1000.adj
### SET API ###
binary = 1
native map = 0
iteration = 1
native map_early_exit = 0
native parallel_map = 0
native native_parallel_map_early_exit = 0
supports modification
supports_get_memory_size = 0
### GRAPH API ###
n is suppoted as a function
m is stored
the graph is symmetric
degree is supported
supports basic map
parallel_map_neighbors is supported
map_neighbors_early_exit is supported
parallel_map_neighbors_early_exit is supported
supports insert_batch
don't have recent enough glibc to make a good guess
total bytes used = 0
### Threads: 128
### n: 2586147870
### m: 3698821648
>>> Begin -----------------------------
>>> Input_file /data/datasets/graphs/friend/com-friendster.base.1000.adj
>>> Batch_file /data/datasets/graphs/friend/com-friendster.dynamic.1000.el
>>> Batch_num 10
>>> Batch_size 1000
>>> Alg BFS 
>>> Res: 
0.000095 4.137313
0.000133 3.862439
0.000130 3.859684
0.000190 3.859148
0.000137 3.852364
0.000099 3.847220
0.000103 3.864558
0.000082 3.849853
0.000140 3.872356
0.000095 3.866590
>>> End -----------------------------
--- scripts:  program finish, took 649
--- scripts:  Running run_absl_flat_hash_set on com-friendster (prefix: friend) with batch size 1000 and algorithm pagerank
### Graph: /data/datasets/graphs/friend/com-friendster.base.1000.adj
### SET API ###
binary = 1
native map = 0
iteration = 1
native map_early_exit = 0
native parallel_map = 0
native native_parallel_map_early_exit = 0
supports modification
supports_get_memory_size = 0
### GRAPH API ###
n is suppoted as a function
m is stored
the graph is symmetric
degree is supported
supports basic map
parallel_map_neighbors is supported
map_neighbors_early_exit is supported
parallel_map_neighbors_early_exit is supported
supports insert_batch
don't have recent enough glibc to make a good guess
total bytes used = 0
### Threads: 128
### n: 2586147870
### m: 3698821648
>>> Begin -----------------------------
>>> Input_file /data/datasets/graphs/friend/com-friendster.base.1000.adj
>>> Batch_file /data/datasets/graphs/friend/com-friendster.dynamic.1000.el
>>> Batch_num 10
>>> Batch_size 1000
>>> Alg PageRank 
>>> Res: 
0.000067 69.156712
0.000083 68.734832
0.000168 67.876805
0.000078 67.679467
0.000073 67.627910
0.000107 66.758810
0.000074 67.387556
0.000131 67.717773
0.000083 35.603812
0.000089 33.961576
>>> End -----------------------------
--- scripts:  program finish, took 2854
--- scripts:  Running run_absl_flat_hash_set on com-friendster (prefix: friend) with batch size 1000 and algorithm labelpropagation
### Graph: /data/datasets/graphs/friend/com-friendster.base.1000.adj
### SET API ###
binary = 1
native map = 0
iteration = 1
native map_early_exit = 0
native parallel_map = 0
native native_parallel_map_early_exit = 0
supports modification
supports_get_memory_size = 0
### GRAPH API ###
n is suppoted as a function
m is stored
the graph is symmetric
degree is supported
supports basic map
parallel_map_neighbors is supported
map_neighbors_early_exit is supported
parallel_map_neighbors_early_exit is supported
supports insert_batch
don't have recent enough glibc to make a good guess
total bytes used = 0
### Threads: 128
### n: 2586147870
### m: 3698821648
>>> Begin -----------------------------
>>> Input_file /data/datasets/graphs/friend/com-friendster.base.1000.adj
>>> Batch_file /data/datasets/graphs/friend/com-friendster.dynamic.1000.el
>>> Batch_num 10
>>> Batch_size 1000
>>> Alg LabelPropagation 
>>> Res: 
0.000127 5.685514
0.000096 5.232537
0.000114 5.354097
0.000120 5.247127
0.000117 5.342346
0.000102 5.267734
0.000118 5.339607
0.000089 5.215909
0.000097 5.258803
0.000146 5.263259
>>> End -----------------------------
--- scripts:  program finish, took 710
--- scripts:  Running run_absl_flat_hash_set on com-friendster (prefix: friend) with batch size 1000 and algorithm wbfs
### Graph: /data/datasets/graphs/friend/com-friendster.base.1000.adj
### SET API ###
binary = 1
native map = 0
iteration = 1
native map_early_exit = 0
native parallel_map = 0
native native_parallel_map_early_exit = 0
supports modification
supports_get_memory_size = 0
### GRAPH API ###
n is suppoted as a function
m is stored
the graph is symmetric
degree is supported
supports basic map
parallel_map_neighbors is supported
map_neighbors_early_exit is supported
parallel_map_neighbors_early_exit is supported
supports insert_batch
don't have recent enough glibc to make a good guess
total bytes used = 0
### Threads: 128
### n: 2586147870
### m: 3698821648
>>> Begin -----------------------------
>>> Input_file /data/datasets/graphs/friend/com-friendster.base.1000.adj
>>> Batch_file /data/datasets/graphs/friend/com-friendster.dynamic.1000.el
>>> Batch_num 10
>>> Batch_size 1000
>>> Alg wBFS_unweighted 
>>> Res: 
0.000080 58.952035
0.000070 59.277536
0.000087 57.904433
0.000082 60.934568
0.000115 62.981184
0.000070 61.286660
0.000121 63.785842
0.000070 61.470308
0.000067 66.292599
0.000067 60.725239
>>> End -----------------------------
--- scripts:  program finish, took 2908
--- scripts:  Running run_absl_flat_hash_set on soc-LiveJournal1 (prefix: live-journal) with batch size 10000 and algorithm bfs
### Graph: /data/datasets/graphs/live-journal/soc-LiveJournal1.base.10000.adj
### SET API ###
binary = 1
native map = 0
iteration = 1
native map_early_exit = 0
native parallel_map = 0
native native_parallel_map_early_exit = 0
supports modification
supports_get_memory_size = 0
### GRAPH API ###
n is suppoted as a function
m is stored
the graph is symmetric
degree is supported
supports basic map
parallel_map_neighbors is supported
map_neighbors_early_exit is supported
parallel_map_neighbors_early_exit is supported
supports insert_batch
don't have recent enough glibc to make a good guess
total bytes used = 0
### Threads: 128
### n: 4847571
### m: 86120856
>>> Begin -----------------------------
>>> Input_file /data/datasets/graphs/live-journal/soc-LiveJournal1.base.10000.adj
>>> Batch_file /data/datasets/graphs/live-journal/soc-LiveJournal1.dynamic.10000.el
>>> Batch_num 10
>>> Batch_size 10000
>>> Alg BFS 
>>> Res: 
0.002019 0.017785
0.001915 0.013011
0.001928 0.012928
0.001951 0.012854
0.001953 0.012906
0.001906 0.013115
0.001964 0.012692
0.001908 0.012825
0.001907 0.012896
0.001922 0.012760
>>> End -----------------------------
--- scripts:  program finish, took 8
--- scripts:  Running run_absl_flat_hash_set on soc-LiveJournal1 (prefix: live-journal) with batch size 10000 and algorithm pagerank
### Graph: /data/datasets/graphs/live-journal/soc-LiveJournal1.base.10000.adj
### SET API ###
binary = 1
native map = 0
iteration = 1
native map_early_exit = 0
native parallel_map = 0
native native_parallel_map_early_exit = 0
supports modification
supports_get_memory_size = 0
### GRAPH API ###
n is suppoted as a function
m is stored
the graph is symmetric
degree is supported
supports basic map
parallel_map_neighbors is supported
map_neighbors_early_exit is supported
parallel_map_neighbors_early_exit is supported
supports insert_batch
don't have recent enough glibc to make a good guess
total bytes used = 0
### Threads: 128
### n: 4847571
### m: 86120856
>>> Begin -----------------------------
>>> Input_file /data/datasets/graphs/live-journal/soc-LiveJournal1.base.10000.adj
>>> Batch_file /data/datasets/graphs/live-journal/soc-LiveJournal1.dynamic.10000.el
>>> Batch_num 10
>>> Batch_size 10000
>>> Alg PageRank 
>>> Res: 
0.001879 0.185835
0.001961 0.180305
0.001953 0.177822
0.001966 0.179807
0.001960 0.181046
0.001992 0.182291
0.002048 0.180016
0.002043 0.180371
0.002080 0.180380
0.002000 0.181987
>>> End -----------------------------
--- scripts:  program finish, took 13
--- scripts:  Running run_absl_flat_hash_set on soc-LiveJournal1 (prefix: live-journal) with batch size 10000 and algorithm labelpropagation
### Graph: /data/datasets/graphs/live-journal/soc-LiveJournal1.base.10000.adj
### SET API ###
binary = 1
native map = 0
iteration = 1
native map_early_exit = 0
native parallel_map = 0
native native_parallel_map_early_exit = 0
supports modification
supports_get_memory_size = 0
### GRAPH API ###
n is suppoted as a function
m is stored
the graph is symmetric
degree is supported
supports basic map
parallel_map_neighbors is supported
map_neighbors_early_exit is supported
parallel_map_neighbors_early_exit is supported
supports insert_batch
don't have recent enough glibc to make a good guess
total bytes used = 0
### Threads: 128
### n: 4847571
### m: 86120856
>>> Begin -----------------------------
>>> Input_file /data/datasets/graphs/live-journal/soc-LiveJournal1.base.10000.adj
>>> Batch_file /data/datasets/graphs/live-journal/soc-LiveJournal1.dynamic.10000.el
>>> Batch_num 10
>>> Batch_size 10000
>>> Alg LabelPropagation 
>>> Res: 
0.001940 0.032063
0.002014 0.027998
0.002028 0.028176
0.002027 0.028282
0.002024 0.028236
0.002049 0.028342
0.002045 0.028489
0.002057 0.028181
0.002002 0.028213
0.002043 0.029719
>>> End -----------------------------
--- scripts:  program finish, took 8
--- scripts:  Running run_absl_flat_hash_set on soc-LiveJournal1 (prefix: live-journal) with batch size 10000 and algorithm wbfs
### Graph: /data/datasets/graphs/live-journal/soc-LiveJournal1.base.10000.adj
### SET API ###
binary = 1
native map = 0
iteration = 1
native map_early_exit = 0
native parallel_map = 0
native native_parallel_map_early_exit = 0
supports modification
supports_get_memory_size = 0
### GRAPH API ###
n is suppoted as a function
m is stored
the graph is symmetric
degree is supported
supports basic map
parallel_map_neighbors is supported
map_neighbors_early_exit is supported
parallel_map_neighbors_early_exit is supported
supports insert_batch
don't have recent enough glibc to make a good guess
total bytes used = 0
### Threads: 128
### n: 4847571
### m: 86120856
>>> Begin -----------------------------
>>> Input_file /data/datasets/graphs/live-journal/soc-LiveJournal1.base.10000.adj
>>> Batch_file /data/datasets/graphs/live-journal/soc-LiveJournal1.dynamic.10000.el
>>> Batch_num 10
>>> Batch_size 10000
>>> Alg wBFS_unweighted 
>>> Res: 
0.001868 4.796641
0.002086 4.726553
0.001932 4.710328
0.001986 4.747205
0.002020 4.767220
0.001846 4.741074
0.001921 4.732000
0.001814 4.705557
0.001858 4.724893
0.001811 4.722004
>>> End -----------------------------
--- scripts:  program finish, took 196
--- scripts:  Running run_absl_flat_hash_set on com-orkut.ungraph (prefix: orkut) with batch size 10000 and algorithm bfs
### Graph: /data/datasets/graphs/orkut/com-orkut.ungraph.base.10000.adj
### SET API ###
binary = 1
native map = 0
iteration = 1
native map_early_exit = 0
native parallel_map = 0
native native_parallel_map_early_exit = 0
supports modification
supports_get_memory_size = 0
### GRAPH API ###
n is suppoted as a function
m is stored
the graph is symmetric
degree is supported
supports basic map
parallel_map_neighbors is supported
map_neighbors_early_exit is supported
parallel_map_neighbors_early_exit is supported
supports insert_batch
don't have recent enough glibc to make a good guess
total bytes used = 0
### Threads: 128
### n: 3072627
### m: 234270166
>>> Begin -----------------------------
>>> Input_file /data/datasets/graphs/orkut/com-orkut.ungraph.base.10000.adj
>>> Batch_file /data/datasets/graphs/orkut/com-orkut.ungraph.dynamic.10000.el
>>> Batch_num 10
>>> Batch_size 10000
>>> Alg BFS 
>>> Res: 
0.002004 0.023499
0.002001 0.010862
0.001978 0.010416
0.002003 0.010429
0.001949 0.010437
0.001959 0.010208
0.001973 0.010211
0.002073 0.010155
0.001985 0.010414
0.001998 0.010360
>>> End -----------------------------
--- scripts:  program finish, took 14
--- scripts:  Running run_absl_flat_hash_set on com-orkut.ungraph (prefix: orkut) with batch size 10000 and algorithm pagerank
### Graph: /data/datasets/graphs/orkut/com-orkut.ungraph.base.10000.adj
### SET API ###
binary = 1
native map = 0
iteration = 1
native map_early_exit = 0
native parallel_map = 0
native native_parallel_map_early_exit = 0
supports modification
supports_get_memory_size = 0
### GRAPH API ###
n is suppoted as a function
m is stored
the graph is symmetric
degree is supported
supports basic map
parallel_map_neighbors is supported
map_neighbors_early_exit is supported
parallel_map_neighbors_early_exit is supported
supports insert_batch
don't have recent enough glibc to make a good guess
total bytes used = 0
### Threads: 128
### n: 3072627
### m: 234270166
>>> Begin -----------------------------
>>> Input_file /data/datasets/graphs/orkut/com-orkut.ungraph.base.10000.adj
>>> Batch_file /data/datasets/graphs/orkut/com-orkut.ungraph.dynamic.10000.el
>>> Batch_num 10
>>> Batch_size 10000
>>> Alg PageRank 
>>> Res: 
0.002005 0.340619
0.002057 0.333879
0.002110 0.334303
0.002030 0.330114
0.002119 0.337207
0.002045 0.345923
0.002214 0.344332
0.002289 0.335832
0.002301 0.333786
0.002175 0.336070
>>> End -----------------------------
--- scripts:  program finish, took 28
--- scripts:  Running run_absl_flat_hash_set on com-orkut.ungraph (prefix: orkut) with batch size 10000 and algorithm labelpropagation
### Graph: /data/datasets/graphs/orkut/com-orkut.ungraph.base.10000.adj
### SET API ###
binary = 1
native map = 0
iteration = 1
native map_early_exit = 0
native parallel_map = 0
native native_parallel_map_early_exit = 0
supports modification
supports_get_memory_size = 0
### GRAPH API ###
n is suppoted as a function
m is stored
the graph is symmetric
degree is supported
supports basic map
parallel_map_neighbors is supported
map_neighbors_early_exit is supported
parallel_map_neighbors_early_exit is supported
supports insert_batch
don't have recent enough glibc to make a good guess
total bytes used = 0
### Threads: 128
### n: 3072627
### m: 234270166
>>> Begin -----------------------------
>>> Input_file /data/datasets/graphs/orkut/com-orkut.ungraph.base.10000.adj
>>> Batch_file /data/datasets/graphs/orkut/com-orkut.ungraph.dynamic.10000.el
>>> Batch_num 10
>>> Batch_size 10000
>>> Alg LabelPropagation 
>>> Res: 
0.002296 0.054940
0.002188 0.049192
0.002179 0.048347
0.002212 0.047314
0.002184 0.047115
0.002419 0.047001
0.002293 0.047086
0.002322 0.049820
0.002599 0.046548
0.002299 0.048328
>>> End -----------------------------
--- scripts:  program finish, took 16
--- scripts:  Running run_absl_flat_hash_set on com-orkut.ungraph (prefix: orkut) with batch size 10000 and algorithm wbfs
### Graph: /data/datasets/graphs/orkut/com-orkut.ungraph.base.10000.adj
### SET API ###
binary = 1
native map = 0
iteration = 1
native map_early_exit = 0
native parallel_map = 0
native native_parallel_map_early_exit = 0
supports modification
supports_get_memory_size = 0
### GRAPH API ###
n is suppoted as a function
m is stored
the graph is symmetric
degree is supported
supports basic map
parallel_map_neighbors is supported
map_neighbors_early_exit is supported
parallel_map_neighbors_early_exit is supported
supports insert_batch
don't have recent enough glibc to make a good guess
total bytes used = 0
### Threads: 128
### n: 3072627
### m: 234270166
>>> Begin -----------------------------
>>> Input_file /data/datasets/graphs/orkut/com-orkut.ungraph.base.10000.adj
>>> Batch_file /data/datasets/graphs/orkut/com-orkut.ungraph.dynamic.10000.el
>>> Batch_num 10
>>> Batch_size 10000
>>> Alg wBFS_unweighted 
>>> Res: 
0.001946 3.805559
0.003019 3.784518
0.002148 3.720589
0.001941 3.776997
0.002083 3.633752
0.001805 3.617938
0.001881 3.657295
0.001971 3.659522
0.002020 3.803648
0.001825 3.695228
>>> End -----------------------------
--- scripts:  program finish, took 165
--- scripts:  Running run_absl_flat_hash_set on cit-Patents (prefix: cit-Patents) with batch size 10000 and algorithm bfs
### Graph: /data/datasets/graphs/cit-Patents/cit-Patents.base.10000.adj
### SET API ###
binary = 1
native map = 0
iteration = 1
native map_early_exit = 0
native parallel_map = 0
native native_parallel_map_early_exit = 0
supports modification
supports_get_memory_size = 0
### GRAPH API ###
n is suppoted as a function
m is stored
the graph is symmetric
degree is supported
supports basic map
parallel_map_neighbors is supported
map_neighbors_early_exit is supported
parallel_map_neighbors_early_exit is supported
supports insert_batch
don't have recent enough glibc to make a good guess
total bytes used = 0
### Threads: 128
### n: 6009555
### m: 32937895
>>> Begin -----------------------------
>>> Input_file /data/datasets/graphs/cit-Patents/cit-Patents.base.10000.adj
>>> Batch_file /data/datasets/graphs/cit-Patents/cit-Patents.dynamic.10000.el
>>> Batch_num 10
>>> Batch_size 10000
>>> Alg BFS 
>>> Res: 
0.001957 0.023682
0.001975 0.021387
0.001975 0.020812
0.002037 0.020482
0.002160 0.020455
0.002138 0.021607
0.002115 0.020597
0.001952 0.020442
0.001946 0.020071
0.002050 0.020389
>>> End -----------------------------
--- scripts:  program finish, took 6
--- scripts:  Running run_absl_flat_hash_set on cit-Patents (prefix: cit-Patents) with batch size 10000 and algorithm pagerank
### Graph: /data/datasets/graphs/cit-Patents/cit-Patents.base.10000.adj
### SET API ###
binary = 1
native map = 0
iteration = 1
native map_early_exit = 0
native parallel_map = 0
native native_parallel_map_early_exit = 0
supports modification
supports_get_memory_size = 0
### GRAPH API ###
n is suppoted as a function
m is stored
the graph is symmetric
degree is supported
supports basic map
parallel_map_neighbors is supported
map_neighbors_early_exit is supported
parallel_map_neighbors_early_exit is supported
supports insert_batch
don't have recent enough glibc to make a good guess
total bytes used = 0
### Threads: 128
### n: 6009555
### m: 32937895
>>> Begin -----------------------------
>>> Input_file /data/datasets/graphs/cit-Patents/cit-Patents.base.10000.adj
>>> Batch_file /data/datasets/graphs/cit-Patents/cit-Patents.dynamic.10000.el
>>> Batch_num 10
>>> Batch_size 10000
>>> Alg PageRank 
>>> Res: 
0.001992 0.173713
0.002255 0.170259
0.002121 0.171821
0.002227 0.288270
0.004620 0.316046
0.004693 0.318151
0.002853 0.315328
0.003086 0.313368
0.002360 0.307843
0.002409 0.283639
>>> End -----------------------------
--- scripts:  program finish, took 16
--- scripts:  Running run_absl_flat_hash_set on cit-Patents (prefix: cit-Patents) with batch size 10000 and algorithm labelpropagation
### Graph: /data/datasets/graphs/cit-Patents/cit-Patents.base.10000.adj
### SET API ###
binary = 1
native map = 0
iteration = 1
native map_early_exit = 0
native parallel_map = 0
native native_parallel_map_early_exit = 0
supports modification
supports_get_memory_size = 0
### GRAPH API ###
n is suppoted as a function
m is stored
the graph is symmetric
degree is supported
supports basic map
parallel_map_neighbors is supported
map_neighbors_early_exit is supported
parallel_map_neighbors_early_exit is supported
supports insert_batch
don't have recent enough glibc to make a good guess
total bytes used = 0
### Threads: 128
### n: 6009555
### m: 32937895
>>> Begin -----------------------------
>>> Input_file /data/datasets/graphs/cit-Patents/cit-Patents.base.10000.adj
>>> Batch_file /data/datasets/graphs/cit-Patents/cit-Patents.dynamic.10000.el
>>> Batch_num 10
>>> Batch_size 10000
>>> Alg LabelPropagation 
>>> Res: 
0.003812 0.106647
0.004832 0.104129
0.005101 0.111411
0.008896 0.102387
0.008027 0.102291
0.009639 0.138275
0.006671 0.108771
0.008738 0.100617
0.006770 0.101471
0.007371 0.101080
>>> End -----------------------------
--- scripts:  program finish, took 11
--- scripts:  Running run_absl_flat_hash_set on cit-Patents (prefix: cit-Patents) with batch size 10000 and algorithm wbfs
### Graph: /data/datasets/graphs/cit-Patents/cit-Patents.base.10000.adj
### SET API ###
binary = 1
native map = 0
iteration = 1
native map_early_exit = 0
native parallel_map = 0
native native_parallel_map_early_exit = 0
supports modification
supports_get_memory_size = 0
### GRAPH API ###
n is suppoted as a function
m is stored
the graph is symmetric
degree is supported
supports basic map
parallel_map_neighbors is supported
map_neighbors_early_exit is supported
parallel_map_neighbors_early_exit is supported
supports insert_batch
don't have recent enough glibc to make a good guess
total bytes used = 0
### Threads: 128
### n: 6009555
### m: 32937895
>>> Begin -----------------------------
>>> Input_file /data/datasets/graphs/cit-Patents/cit-Patents.base.10000.adj
>>> Batch_file /data/datasets/graphs/cit-Patents/cit-Patents.dynamic.10000.el
>>> Batch_num 10
>>> Batch_size 10000
>>> Alg wBFS_unweighted 
>>> Res: 
0.002954 9.341315
0.002808 5.458649
0.002273 5.007084
0.001875 4.901274
0.001842 4.956450
0.001922 4.788853
0.001958 4.736323
0.001848 4.711164
0.001919 4.752271
0.002005 4.747430
>>> End -----------------------------
--- scripts:  program finish, took 219
--- scripts:  Running run_absl_flat_hash_set on twitter-unique-undir (prefix: twitter) with batch size 10000 and algorithm bfs
### Graph: /data/datasets/graphs/twitter/twitter-unique-undir.base.10000.adj
### SET API ###
binary = 1
native map = 0
iteration = 1
native map_early_exit = 0
native parallel_map = 0
native native_parallel_map_early_exit = 0
supports modification
supports_get_memory_size = 0
### GRAPH API ###
n is suppoted as a function
m is stored
the graph is symmetric
degree is supported
supports basic map
parallel_map_neighbors is supported
map_neighbors_early_exit is supported
parallel_map_neighbors_early_exit is supported
supports insert_batch
don't have recent enough glibc to make a good guess
total bytes used = 0
### Threads: 128
### n: 41652231
### m: 2430398283
>>> Begin -----------------------------
>>> Input_file /data/datasets/graphs/twitter/twitter-unique-undir.base.10000.adj
>>> Batch_file /data/datasets/graphs/twitter/twitter-unique-undir.dynamic.10000.el
>>> Batch_num 10
>>> Batch_size 10000
>>> Alg BFS 
>>> Res: 
0.002099 0.239099
0.002234 0.195552
0.002184 0.193961
0.002135 0.195305
0.002353 0.193305
0.002376 0.201372
0.002311 0.195476
0.002412 0.192652
0.002541 0.189911
0.002256 0.190621
>>> End -----------------------------
--- scripts:  program finish, took 159
--- scripts:  Running run_absl_flat_hash_set on twitter-unique-undir (prefix: twitter) with batch size 10000 and algorithm pagerank
### Graph: /data/datasets/graphs/twitter/twitter-unique-undir.base.10000.adj
### SET API ###
binary = 1
native map = 0
iteration = 1
native map_early_exit = 0
native parallel_map = 0
native native_parallel_map_early_exit = 0
supports modification
supports_get_memory_size = 0
### GRAPH API ###
n is suppoted as a function
m is stored
the graph is symmetric
degree is supported
supports basic map
parallel_map_neighbors is supported
map_neighbors_early_exit is supported
parallel_map_neighbors_early_exit is supported
supports insert_batch
don't have recent enough glibc to make a good guess
total bytes used = 0
### Threads: 128
### n: 41652231
### m: 2430398283
>>> Begin -----------------------------
>>> Input_file /data/datasets/graphs/twitter/twitter-unique-undir.base.10000.adj
>>> Batch_file /data/datasets/graphs/twitter/twitter-unique-undir.dynamic.10000.el
>>> Batch_num 10
>>> Batch_size 10000
>>> Alg PageRank 
>>> Res: 
0.001759 11.683298
0.001696 11.385818
0.001773 11.193548
0.001689 11.154446
0.001698 11.150654
0.001739 11.144263
0.001575 13.279811
0.001817 21.720637
0.001855 22.018673
0.001749 22.042696
>>> End -----------------------------
--- scripts:  program finish, took 717
--- scripts:  Running run_absl_flat_hash_set on twitter-unique-undir (prefix: twitter) with batch size 10000 and algorithm labelpropagation
### Graph: /data/datasets/graphs/twitter/twitter-unique-undir.base.10000.adj
### SET API ###
binary = 1
native map = 0
iteration = 1
native map_early_exit = 0
native parallel_map = 0
native native_parallel_map_early_exit = 0
supports modification
supports_get_memory_size = 0
### GRAPH API ###
n is suppoted as a function
m is stored
the graph is symmetric
degree is supported
supports basic map
parallel_map_neighbors is supported
map_neighbors_early_exit is supported
parallel_map_neighbors_early_exit is supported
supports insert_batch
don't have recent enough glibc to make a good guess
total bytes used = 0
### Threads: 128
### n: 41652231
### m: 2430398283
>>> Begin -----------------------------
>>> Input_file /data/datasets/graphs/twitter/twitter-unique-undir.base.10000.adj
>>> Batch_file /data/datasets/graphs/twitter/twitter-unique-undir.dynamic.10000.el
>>> Batch_num 10
>>> Batch_size 10000
>>> Alg LabelPropagation 
>>> Res: 
0.001987 1.451738
0.001910 1.376846
0.001962 1.401382
0.001933 1.406886
0.002029 1.429277
0.002066 1.421809
0.001941 1.440783
0.002194 1.407573
0.002184 1.402931
0.002045 1.408106
>>> End -----------------------------
--- scripts:  program finish, took 202
--- scripts:  Running run_absl_flat_hash_set on twitter-unique-undir (prefix: twitter) with batch size 10000 and algorithm wbfs
### Graph: /data/datasets/graphs/twitter/twitter-unique-undir.base.10000.adj
### SET API ###
binary = 1
native map = 0
iteration = 1
native map_early_exit = 0
native parallel_map = 0
native native_parallel_map_early_exit = 0
supports modification
supports_get_memory_size = 0
### GRAPH API ###
n is suppoted as a function
m is stored
the graph is symmetric
degree is supported
supports basic map
parallel_map_neighbors is supported
map_neighbors_early_exit is supported
parallel_map_neighbors_early_exit is supported
supports insert_batch
don't have recent enough glibc to make a good guess
total bytes used = 0
### Threads: 128
### n: 41652231
### m: 2430398283
>>> Begin -----------------------------
>>> Input_file /data/datasets/graphs/twitter/twitter-unique-undir.base.10000.adj
>>> Batch_file /data/datasets/graphs/twitter/twitter-unique-undir.dynamic.10000.el
>>> Batch_num 10
>>> Batch_size 10000
>>> Alg wBFS_unweighted 
>>> Res: 
0.001714 52.612018
0.002032 51.914804
0.001803 51.894718
0.001757 52.050882
0.001682 51.579835
0.001829 51.377826
0.001540 51.301064
0.001694 51.240727
0.001686 51.206006
0.001690 51.316347
>>> End -----------------------------
--- scripts:  program finish, took 2199
--- scripts:  Running run_absl_flat_hash_set on com-friendster (prefix: friend) with batch size 10000 and algorithm bfs
### Graph: /data/datasets/graphs/friend/com-friendster.base.10000.adj
### SET API ###
binary = 1
native map = 0
iteration = 1
native map_early_exit = 0
native parallel_map = 0
native native_parallel_map_early_exit = 0
supports modification
supports_get_memory_size = 0
### GRAPH API ###
n is suppoted as a function
m is stored
the graph is symmetric
degree is supported
supports basic map
parallel_map_neighbors is supported
map_neighbors_early_exit is supported
parallel_map_neighbors_early_exit is supported
supports insert_batch
don't have recent enough glibc to make a good guess
total bytes used = 0
### Threads: 128
### n: 2586147870
### m: 3698731648
>>> Begin -----------------------------
>>> Input_file /data/datasets/graphs/friend/com-friendster.base.10000.adj
>>> Batch_file /data/datasets/graphs/friend/com-friendster.dynamic.10000.el
>>> Batch_num 10
>>> Batch_size 10000
>>> Alg BFS 
>>> Res: 
0.002268 4.810824
0.002138 4.482242
0.002132 4.473610
0.002069 4.460395
0.002145 4.459511
0.002133 4.449821
0.002254 4.444661
0.002357 4.449233
0.002363 4.460309
0.002231 4.420191
>>> End -----------------------------
--- scripts:  program finish, took 686
--- scripts:  Running run_absl_flat_hash_set on com-friendster (prefix: friend) with batch size 10000 and algorithm pagerank
### Graph: /data/datasets/graphs/friend/com-friendster.base.10000.adj
### SET API ###
binary = 1
native map = 0
iteration = 1
native map_early_exit = 0
native parallel_map = 0
native native_parallel_map_early_exit = 0
supports modification
supports_get_memory_size = 0
### GRAPH API ###
n is suppoted as a function
m is stored
the graph is symmetric
degree is supported
supports basic map
parallel_map_neighbors is supported
map_neighbors_early_exit is supported
parallel_map_neighbors_early_exit is supported
supports insert_batch
don't have recent enough glibc to make a good guess
total bytes used = 0
### Threads: 128
### n: 2586147870
### m: 3698731648
>>> Begin -----------------------------
>>> Input_file /data/datasets/graphs/friend/com-friendster.base.10000.adj
>>> Batch_file /data/datasets/graphs/friend/com-friendster.dynamic.10000.el
>>> Batch_num 10
>>> Batch_size 10000
>>> Alg PageRank 
>>> Res: 
0.001986 62.209710
0.001991 62.235754
0.002138 61.972986
0.002064 61.639926
0.002018 61.819056
0.002034 62.122413
0.001991 62.215059
0.001975 62.105384
0.001995 61.995832
0.001943 34.869719
>>> End -----------------------------
--- scripts:  program finish, took 2777
--- scripts:  Running run_absl_flat_hash_set on com-friendster (prefix: friend) with batch size 10000 and algorithm labelpropagation
### Graph: /data/datasets/graphs/friend/com-friendster.base.10000.adj
### SET API ###
binary = 1
native map = 0
iteration = 1
native map_early_exit = 0
native parallel_map = 0
native native_parallel_map_early_exit = 0
supports modification
supports_get_memory_size = 0
### GRAPH API ###
n is suppoted as a function
m is stored
the graph is symmetric
degree is supported
supports basic map
parallel_map_neighbors is supported
map_neighbors_early_exit is supported
parallel_map_neighbors_early_exit is supported
supports insert_batch
don't have recent enough glibc to make a good guess
total bytes used = 0
### Threads: 128
### n: 2586147870
### m: 3698731648
>>> Begin -----------------------------
>>> Input_file /data/datasets/graphs/friend/com-friendster.base.10000.adj
>>> Batch_file /data/datasets/graphs/friend/com-friendster.dynamic.10000.el
>>> Batch_num 10
>>> Batch_size 10000
>>> Alg LabelPropagation 
>>> Res: 
0.002314 5.288060
0.002341 4.921443
0.002265 5.042333
0.002215 4.988870
0.002284 4.946383
0.002422 5.070073
0.002296 5.110477
0.002409 5.043747
0.002316 5.058200
0.002354 5.062186
>>> End -----------------------------
--- scripts:  program finish, took 678
--- scripts:  Running run_absl_flat_hash_set on com-friendster (prefix: friend) with batch size 10000 and algorithm wbfs
### Graph: /data/datasets/graphs/friend/com-friendster.base.10000.adj
### SET API ###
binary = 1
native map = 0
iteration = 1
native map_early_exit = 0
native parallel_map = 0
native native_parallel_map_early_exit = 0
supports modification
supports_get_memory_size = 0
### GRAPH API ###
n is suppoted as a function
m is stored
the graph is symmetric
degree is supported
supports basic map
parallel_map_neighbors is supported
map_neighbors_early_exit is supported
parallel_map_neighbors_early_exit is supported
supports insert_batch
don't have recent enough glibc to make a good guess
total bytes used = 0
### Threads: 128
### n: 2586147870
### m: 3698731648
>>> Begin -----------------------------
>>> Input_file /data/datasets/graphs/friend/com-friendster.base.10000.adj
>>> Batch_file /data/datasets/graphs/friend/com-friendster.dynamic.10000.el
>>> Batch_num 10
>>> Batch_size 10000
>>> Alg wBFS_unweighted 
>>> Res: 
0.002016 65.507083
0.002328 65.530079
0.002184 64.840713
0.002277 64.497523
0.001971 64.152315
0.002148 63.940354
0.002264 64.048402
0.002270 64.117359
0.002198 64.168300
0.002139 64.220092
>>> End -----------------------------
--- scripts:  program finish, took 3013
--- scripts:  Running run_absl_flat_hash_set on soc-LiveJournal1 (prefix: live-journal) with batch size 100000 and algorithm bfs
### Graph: /data/datasets/graphs/live-journal/soc-LiveJournal1.base.100000.adj
### SET API ###
binary = 1
native map = 0
iteration = 1
native map_early_exit = 0
native parallel_map = 0
native native_parallel_map_early_exit = 0
supports modification
supports_get_memory_size = 0
### GRAPH API ###
n is suppoted as a function
m is stored
the graph is symmetric
degree is supported
supports basic map
parallel_map_neighbors is supported
map_neighbors_early_exit is supported
parallel_map_neighbors_early_exit is supported
supports insert_batch
don't have recent enough glibc to make a good guess
total bytes used = 0
### Threads: 128
### n: 4847571
### m: 85220856
>>> Begin -----------------------------
>>> Input_file /data/datasets/graphs/live-journal/soc-LiveJournal1.base.100000.adj
>>> Batch_file /data/datasets/graphs/live-journal/soc-LiveJournal1.dynamic.100000.el
>>> Batch_num 10
>>> Batch_size 100000
>>> Alg BFS 
>>> Res: 
0.002605 0.014201
0.002855 0.012898
0.002979 0.012537
0.002713 0.012562
0.002904 0.012683
0.002767 0.012755
0.002785 0.012705
0.002830 0.012719
0.002740 0.012611
0.002829 0.012663
>>> End -----------------------------
--- scripts:  program finish, took 8
--- scripts:  Running run_absl_flat_hash_set on soc-LiveJournal1 (prefix: live-journal) with batch size 100000 and algorithm pagerank
### Graph: /data/datasets/graphs/live-journal/soc-LiveJournal1.base.100000.adj
### SET API ###
binary = 1
native map = 0
iteration = 1
native map_early_exit = 0
native parallel_map = 0
native native_parallel_map_early_exit = 0
supports modification
supports_get_memory_size = 0
### GRAPH API ###
n is suppoted as a function
m is stored
the graph is symmetric
degree is supported
supports basic map
parallel_map_neighbors is supported
map_neighbors_early_exit is supported
parallel_map_neighbors_early_exit is supported
supports insert_batch
don't have recent enough glibc to make a good guess
total bytes used = 0
### Threads: 128
### n: 4847571
### m: 85220856
>>> Begin -----------------------------
>>> Input_file /data/datasets/graphs/live-journal/soc-LiveJournal1.base.100000.adj
>>> Batch_file /data/datasets/graphs/live-journal/soc-LiveJournal1.dynamic.100000.el
>>> Batch_num 10
>>> Batch_size 100000
>>> Alg PageRank 
>>> Res: 
0.002551 0.192871
0.003084 0.202155
0.003387 0.200884
0.003248 0.192114
0.003309 0.200427
0.003360 0.201026
0.005650 0.204043
0.003690 0.197494
0.003723 0.191181
0.003668 0.193999
>>> End -----------------------------
--- scripts:  program finish, took 14
--- scripts:  Running run_absl_flat_hash_set on soc-LiveJournal1 (prefix: live-journal) with batch size 100000 and algorithm labelpropagation
### Graph: /data/datasets/graphs/live-journal/soc-LiveJournal1.base.100000.adj
### SET API ###
binary = 1
native map = 0
iteration = 1
native map_early_exit = 0
native parallel_map = 0
native native_parallel_map_early_exit = 0
supports modification
supports_get_memory_size = 0
### GRAPH API ###
n is suppoted as a function
m is stored
the graph is symmetric
degree is supported
supports basic map
parallel_map_neighbors is supported
map_neighbors_early_exit is supported
parallel_map_neighbors_early_exit is supported
supports insert_batch
don't have recent enough glibc to make a good guess
total bytes used = 0
### Threads: 128
### n: 4847571
### m: 85220856
>>> Begin -----------------------------
>>> Input_file /data/datasets/graphs/live-journal/soc-LiveJournal1.base.100000.adj
>>> Batch_file /data/datasets/graphs/live-journal/soc-LiveJournal1.dynamic.100000.el
>>> Batch_num 10
>>> Batch_size 100000
>>> Alg LabelPropagation 
>>> Res: 
0.002812 0.030730
0.003023 0.030904
0.002999 0.036176
0.002884 0.030855
0.003133 0.030869
0.002943 0.030970
0.003139 0.030648
0.003078 0.031240
0.003185 0.030544
0.003232 0.030907
>>> End -----------------------------
--- scripts:  program finish, took 9
--- scripts:  Running run_absl_flat_hash_set on soc-LiveJournal1 (prefix: live-journal) with batch size 100000 and algorithm wbfs
### Graph: /data/datasets/graphs/live-journal/soc-LiveJournal1.base.100000.adj
### SET API ###
binary = 1
native map = 0
iteration = 1
native map_early_exit = 0
native parallel_map = 0
native native_parallel_map_early_exit = 0
supports modification
supports_get_memory_size = 0
### GRAPH API ###
n is suppoted as a function
m is stored
the graph is symmetric
degree is supported
supports basic map
parallel_map_neighbors is supported
map_neighbors_early_exit is supported
parallel_map_neighbors_early_exit is supported
supports insert_batch
don't have recent enough glibc to make a good guess
total bytes used = 0
### Threads: 128
### n: 4847571
### m: 85220856
>>> Begin -----------------------------
>>> Input_file /data/datasets/graphs/live-journal/soc-LiveJournal1.base.100000.adj
>>> Batch_file /data/datasets/graphs/live-journal/soc-LiveJournal1.dynamic.100000.el
>>> Batch_num 10
>>> Batch_size 100000
>>> Alg wBFS_unweighted 
>>> Res: 
0.002541 4.827809
0.003386 4.748885
0.003214 4.733107
0.003351 4.768681
0.002811 4.727910
0.002903 4.710113
0.002815 4.705220
0.003053 4.740211
0.002908 4.742060
0.002923 4.717000
>>> End -----------------------------
--- scripts:  program finish, took 196
--- scripts:  Running run_absl_flat_hash_set on com-orkut.ungraph (prefix: orkut) with batch size 100000 and algorithm bfs
### Graph: /data/datasets/graphs/orkut/com-orkut.ungraph.base.100000.adj
### SET API ###
binary = 1
native map = 0
iteration = 1
native map_early_exit = 0
native parallel_map = 0
native native_parallel_map_early_exit = 0
supports modification
supports_get_memory_size = 0
### GRAPH API ###
n is suppoted as a function
m is stored
the graph is symmetric
degree is supported
supports basic map
parallel_map_neighbors is supported
map_neighbors_early_exit is supported
parallel_map_neighbors_early_exit is supported
supports insert_batch
don't have recent enough glibc to make a good guess
total bytes used = 0
### Threads: 128
### n: 3072627
### m: 233370166
>>> Begin -----------------------------
>>> Input_file /data/datasets/graphs/orkut/com-orkut.ungraph.base.100000.adj
>>> Batch_file /data/datasets/graphs/orkut/com-orkut.ungraph.dynamic.100000.el
>>> Batch_num 10
>>> Batch_size 100000
>>> Alg BFS 
>>> Res: 
0.002874 0.011382
0.002953 0.010765
0.002954 0.010826
0.002928 0.011962
0.003015 0.010957
0.002967 0.010796
0.003025 0.010825
0.003074 0.010519
0.003042 0.010800
0.002964 0.010684
>>> End -----------------------------
--- scripts:  program finish, took 14
--- scripts:  Running run_absl_flat_hash_set on com-orkut.ungraph (prefix: orkut) with batch size 100000 and algorithm pagerank
### Graph: /data/datasets/graphs/orkut/com-orkut.ungraph.base.100000.adj
### SET API ###
binary = 1
native map = 0
iteration = 1
native map_early_exit = 0
native parallel_map = 0
native native_parallel_map_early_exit = 0
supports modification
supports_get_memory_size = 0
### GRAPH API ###
n is suppoted as a function
m is stored
the graph is symmetric
degree is supported
supports basic map
parallel_map_neighbors is supported
map_neighbors_early_exit is supported
parallel_map_neighbors_early_exit is supported
supports insert_batch
don't have recent enough glibc to make a good guess
total bytes used = 0
### Threads: 128
### n: 3072627
### m: 233370166
>>> Begin -----------------------------
>>> Input_file /data/datasets/graphs/orkut/com-orkut.ungraph.base.100000.adj
>>> Batch_file /data/datasets/graphs/orkut/com-orkut.ungraph.dynamic.100000.el
>>> Batch_num 10
>>> Batch_size 100000
>>> Alg PageRank 
>>> Res: 
0.002976 0.339579
0.003007 0.335728
0.003182 0.338841
0.003270 0.331608
0.003281 0.331236
0.003347 0.333994
0.003393 0.332402
0.003674 0.330812
0.003399 0.331451
0.003452 0.327979
>>> End -----------------------------
--- scripts:  program finish, took 27
--- scripts:  Running run_absl_flat_hash_set on com-orkut.ungraph (prefix: orkut) with batch size 100000 and algorithm labelpropagation
### Graph: /data/datasets/graphs/orkut/com-orkut.ungraph.base.100000.adj
### SET API ###
binary = 1
native map = 0
iteration = 1
native map_early_exit = 0
native parallel_map = 0
native native_parallel_map_early_exit = 0
supports modification
supports_get_memory_size = 0
### GRAPH API ###
n is suppoted as a function
m is stored
the graph is symmetric
degree is supported
supports basic map
parallel_map_neighbors is supported
map_neighbors_early_exit is supported
parallel_map_neighbors_early_exit is supported
supports insert_batch
don't have recent enough glibc to make a good guess
total bytes used = 0
### Threads: 128
### n: 3072627
### m: 233370166
>>> Begin -----------------------------
>>> Input_file /data/datasets/graphs/orkut/com-orkut.ungraph.base.100000.adj
>>> Batch_file /data/datasets/graphs/orkut/com-orkut.ungraph.dynamic.100000.el
>>> Batch_num 10
>>> Batch_size 100000
>>> Alg LabelPropagation 
>>> Res: 
0.002864 0.044835
0.003063 0.043326
0.003097 0.042925
0.003253 0.042790
0.003258 0.043622
0.003259 0.044118
0.003163 0.043874
0.003360 0.043495
0.003617 0.046998
0.003578 0.043369
>>> End -----------------------------
--- scripts:  program finish, took 15
--- scripts:  Running run_absl_flat_hash_set on com-orkut.ungraph (prefix: orkut) with batch size 100000 and algorithm wbfs
### Graph: /data/datasets/graphs/orkut/com-orkut.ungraph.base.100000.adj
### SET API ###
binary = 1
native map = 0
iteration = 1
native map_early_exit = 0
native parallel_map = 0
native native_parallel_map_early_exit = 0
supports modification
supports_get_memory_size = 0
### GRAPH API ###
n is suppoted as a function
m is stored
the graph is symmetric
degree is supported
supports basic map
parallel_map_neighbors is supported
map_neighbors_early_exit is supported
parallel_map_neighbors_early_exit is supported
supports insert_batch
don't have recent enough glibc to make a good guess
total bytes used = 0
### Threads: 128
### n: 3072627
### m: 233370166
>>> Begin -----------------------------
>>> Input_file /data/datasets/graphs/orkut/com-orkut.ungraph.base.100000.adj
>>> Batch_file /data/datasets/graphs/orkut/com-orkut.ungraph.dynamic.100000.el
>>> Batch_num 10
>>> Batch_size 100000
>>> Alg wBFS_unweighted 
>>> Res: 
0.002873 3.542815
0.003996 3.528301
0.005634 3.542221
0.004147 3.472295
0.003622 3.446419
0.003641 3.465095
0.003581 3.460695
0.003644 3.465331
0.003428 3.442132
0.003397 3.444050
>>> End -----------------------------
--- scripts:  program finish, took 154
--- scripts:  Running run_absl_flat_hash_set on cit-Patents (prefix: cit-Patents) with batch size 100000 and algorithm bfs
### Graph: /data/datasets/graphs/cit-Patents/cit-Patents.base.100000.adj
### SET API ###
binary = 1
native map = 0
iteration = 1
native map_early_exit = 0
native parallel_map = 0
native native_parallel_map_early_exit = 0
supports modification
supports_get_memory_size = 0
### GRAPH API ###
n is suppoted as a function
m is stored
the graph is symmetric
degree is supported
supports basic map
parallel_map_neighbors is supported
map_neighbors_early_exit is supported
parallel_map_neighbors_early_exit is supported
supports insert_batch
don't have recent enough glibc to make a good guess
total bytes used = 0
### Threads: 128
### n: 6009555
### m: 32037895
>>> Begin -----------------------------
>>> Input_file /data/datasets/graphs/cit-Patents/cit-Patents.base.100000.adj
>>> Batch_file /data/datasets/graphs/cit-Patents/cit-Patents.dynamic.100000.el
>>> Batch_num 10
>>> Batch_size 100000
>>> Alg BFS 
>>> Res: 
0.002771 0.019685
0.002970 0.019229
0.002990 0.019309
0.002992 0.019331
0.003103 0.019034
0.003072 0.019140
0.003082 0.019875
0.003042 0.019780
0.002996 0.019686
0.003067 0.019575
>>> End -----------------------------
--- scripts:  program finish, took 5
--- scripts:  Running run_absl_flat_hash_set on cit-Patents (prefix: cit-Patents) with batch size 100000 and algorithm pagerank
### Graph: /data/datasets/graphs/cit-Patents/cit-Patents.base.100000.adj
### SET API ###
binary = 1
native map = 0
iteration = 1
native map_early_exit = 0
native parallel_map = 0
native native_parallel_map_early_exit = 0
supports modification
supports_get_memory_size = 0
### GRAPH API ###
n is suppoted as a function
m is stored
the graph is symmetric
degree is supported
supports basic map
parallel_map_neighbors is supported
map_neighbors_early_exit is supported
parallel_map_neighbors_early_exit is supported
supports insert_batch
don't have recent enough glibc to make a good guess
total bytes used = 0
### Threads: 128
### n: 6009555
### m: 32037895
>>> Begin -----------------------------
>>> Input_file /data/datasets/graphs/cit-Patents/cit-Patents.base.100000.adj
>>> Batch_file /data/datasets/graphs/cit-Patents/cit-Patents.dynamic.100000.el
>>> Batch_num 10
>>> Batch_size 100000
>>> Alg PageRank 
>>> Res: 
0.002892 0.165781
0.003543 0.162651
0.003252 0.162060
0.003518 0.162745
0.003360 0.162201
0.003346 0.164086
0.003282 0.165053
0.003335 0.164818
0.003851 0.169041
0.003868 0.150771
>>> End -----------------------------
--- scripts:  program finish, took 11
--- scripts:  Running run_absl_flat_hash_set on cit-Patents (prefix: cit-Patents) with batch size 100000 and algorithm labelpropagation
### Graph: /data/datasets/graphs/cit-Patents/cit-Patents.base.100000.adj
### SET API ###
binary = 1
native map = 0
iteration = 1
native map_early_exit = 0
native parallel_map = 0
native native_parallel_map_early_exit = 0
supports modification
supports_get_memory_size = 0
### GRAPH API ###
n is suppoted as a function
m is stored
the graph is symmetric
degree is supported
supports basic map
parallel_map_neighbors is supported
map_neighbors_early_exit is supported
parallel_map_neighbors_early_exit is supported
supports insert_batch
don't have recent enough glibc to make a good guess
total bytes used = 0
### Threads: 128
### n: 6009555
### m: 32037895
>>> Begin -----------------------------
>>> Input_file /data/datasets/graphs/cit-Patents/cit-Patents.base.100000.adj
>>> Batch_file /data/datasets/graphs/cit-Patents/cit-Patents.dynamic.100000.el
>>> Batch_num 10
>>> Batch_size 100000
>>> Alg LabelPropagation 
>>> Res: 
0.002812 0.023523
0.003139 0.021654
0.003056 0.021608
0.003139 0.021797
0.003217 0.021667
0.003209 0.022313
0.003278 0.022083
0.003408 0.022738
0.003350 0.021536
0.003378 0.022049
>>> End -----------------------------
--- scripts:  program finish, took 7
--- scripts:  Running run_absl_flat_hash_set on cit-Patents (prefix: cit-Patents) with batch size 100000 and algorithm wbfs
### Graph: /data/datasets/graphs/cit-Patents/cit-Patents.base.100000.adj
### SET API ###
binary = 1
native map = 0
iteration = 1
native map_early_exit = 0
native parallel_map = 0
native native_parallel_map_early_exit = 0
supports modification
supports_get_memory_size = 0
### GRAPH API ###
n is suppoted as a function
m is stored
the graph is symmetric
degree is supported
supports basic map
parallel_map_neighbors is supported
map_neighbors_early_exit is supported
parallel_map_neighbors_early_exit is supported
supports insert_batch
don't have recent enough glibc to make a good guess
total bytes used = 0
### Threads: 128
### n: 6009555
### m: 32037895
>>> Begin -----------------------------
>>> Input_file /data/datasets/graphs/cit-Patents/cit-Patents.base.100000.adj
>>> Batch_file /data/datasets/graphs/cit-Patents/cit-Patents.dynamic.100000.el
>>> Batch_num 10
>>> Batch_size 100000
>>> Alg wBFS_unweighted 
>>> Res: 
0.002675 4.592895
0.003068 4.555073
0.003151 4.586502
0.003404 4.563243
0.003216 4.532724
0.003189 4.530653
0.003089 4.539544
0.003116 4.573691
0.003205 4.540876
0.003243 4.523430
>>> End -----------------------------
--- scripts:  program finish, took 186
--- scripts:  Running run_absl_flat_hash_set on twitter-unique-undir (prefix: twitter) with batch size 100000 and algorithm bfs
### Graph: /data/datasets/graphs/twitter/twitter-unique-undir.base.100000.adj
### SET API ###
binary = 1
native map = 0
iteration = 1
native map_early_exit = 0
native parallel_map = 0
native native_parallel_map_early_exit = 0
supports modification
supports_get_memory_size = 0
### GRAPH API ###
n is suppoted as a function
m is stored
the graph is symmetric
degree is supported
supports basic map
parallel_map_neighbors is supported
map_neighbors_early_exit is supported
parallel_map_neighbors_early_exit is supported
supports insert_batch
don't have recent enough glibc to make a good guess
total bytes used = 0
### Threads: 128
### n: 41652231
### m: 2429498283
>>> Begin -----------------------------
>>> Input_file /data/datasets/graphs/twitter/twitter-unique-undir.base.100000.adj
>>> Batch_file /data/datasets/graphs/twitter/twitter-unique-undir.dynamic.100000.el
>>> Batch_num 10
>>> Batch_size 100000
>>> Alg BFS 
>>> Res: 
0.008092 0.242520
0.008487 0.175129
0.007836 0.174713
0.009221 0.176526
0.010698 0.177452
0.011064 0.175249
0.013645 0.176382
0.012046 0.175562
0.011952 0.174053
0.012018 0.175727
>>> End -----------------------------
--- scripts:  program finish, took 157
--- scripts:  Running run_absl_flat_hash_set on twitter-unique-undir (prefix: twitter) with batch size 100000 and algorithm pagerank
### Graph: /data/datasets/graphs/twitter/twitter-unique-undir.base.100000.adj
### SET API ###
binary = 1
native map = 0
iteration = 1
native map_early_exit = 0
native parallel_map = 0
native native_parallel_map_early_exit = 0
supports modification
supports_get_memory_size = 0
### GRAPH API ###
n is suppoted as a function
m is stored
the graph is symmetric
degree is supported
supports basic map
parallel_map_neighbors is supported
map_neighbors_early_exit is supported
parallel_map_neighbors_early_exit is supported
supports insert_batch
don't have recent enough glibc to make a good guess
total bytes used = 0
### Threads: 128
### n: 41652231
### m: 2429498283
>>> Begin -----------------------------
>>> Input_file /data/datasets/graphs/twitter/twitter-unique-undir.base.100000.adj
>>> Batch_file /data/datasets/graphs/twitter/twitter-unique-undir.dynamic.100000.el
>>> Batch_num 10
>>> Batch_size 100000
>>> Alg PageRank 
>>> Res: 
0.004137 9.301346
0.004993 8.778116
0.005266 8.673361
0.005313 8.643071
0.005153 8.664595
0.005524 8.663002
0.005308 8.666426
0.005242 8.655552
0.005404 8.639537
0.005618 8.663495
>>> End -----------------------------
--- scripts:  program finish, took 486
--- scripts:  Running run_absl_flat_hash_set on twitter-unique-undir (prefix: twitter) with batch size 100000 and algorithm labelpropagation
### Graph: /data/datasets/graphs/twitter/twitter-unique-undir.base.100000.adj
### SET API ###
binary = 1
native map = 0
iteration = 1
native map_early_exit = 0
native parallel_map = 0
native native_parallel_map_early_exit = 0
supports modification
supports_get_memory_size = 0
### GRAPH API ###
n is suppoted as a function
m is stored
the graph is symmetric
degree is supported
supports basic map
parallel_map_neighbors is supported
map_neighbors_early_exit is supported
parallel_map_neighbors_early_exit is supported
supports insert_batch
don't have recent enough glibc to make a good guess
total bytes used = 0
### Threads: 128
### n: 41652231
### m: 2429498283
>>> Begin -----------------------------
>>> Input_file /data/datasets/graphs/twitter/twitter-unique-undir.base.100000.adj
>>> Batch_file /data/datasets/graphs/twitter/twitter-unique-undir.dynamic.100000.el
>>> Batch_num 10
>>> Batch_size 100000
>>> Alg LabelPropagation 
>>> Res: 
0.004215 1.329034
0.003814 1.307199
0.003649 1.280518
0.003672 1.296755
0.003519 1.258372
0.003731 1.319808
0.003741 1.306355
0.003683 1.298267
0.004321 1.305194
0.004045 1.322042
>>> End -----------------------------
--- scripts:  program finish, took 190
--- scripts:  Running run_absl_flat_hash_set on twitter-unique-undir (prefix: twitter) with batch size 100000 and algorithm wbfs
### Graph: /data/datasets/graphs/twitter/twitter-unique-undir.base.100000.adj
### SET API ###
binary = 1
native map = 0
iteration = 1
native map_early_exit = 0
native parallel_map = 0
native native_parallel_map_early_exit = 0
supports modification
supports_get_memory_size = 0
### GRAPH API ###
n is suppoted as a function
m is stored
the graph is symmetric
degree is supported
supports basic map
parallel_map_neighbors is supported
map_neighbors_early_exit is supported
parallel_map_neighbors_early_exit is supported
supports insert_batch
don't have recent enough glibc to make a good guess
total bytes used = 0
### Threads: 128
### n: 41652231
### m: 2429498283
>>> Begin -----------------------------
>>> Input_file /data/datasets/graphs/twitter/twitter-unique-undir.base.100000.adj
>>> Batch_file /data/datasets/graphs/twitter/twitter-unique-undir.dynamic.100000.el
>>> Batch_num 10
>>> Batch_size 100000
>>> Alg wBFS_unweighted 
>>> Res: 
0.003595 58.458500
0.011201 58.561373
0.005325 58.276345
0.003899 57.769729
0.003144 57.666719
0.003316 57.815291
0.003661 57.351524
0.003634 56.477656
0.003717 56.327105
0.003524 56.378500
>>> End -----------------------------
--- scripts:  program finish, took 2434
--- scripts:  Running run_absl_flat_hash_set on com-friendster (prefix: friend) with batch size 100000 and algorithm bfs
### Graph: /data/datasets/graphs/friend/com-friendster.base.100000.adj
### SET API ###
binary = 1
native map = 0
iteration = 1
native map_early_exit = 0
native parallel_map = 0
native native_parallel_map_early_exit = 0
supports modification
supports_get_memory_size = 0
### GRAPH API ###
n is suppoted as a function
m is stored
the graph is symmetric
degree is supported
supports basic map
parallel_map_neighbors is supported
map_neighbors_early_exit is supported
parallel_map_neighbors_early_exit is supported
supports insert_batch
don't have recent enough glibc to make a good guess
total bytes used = 0
### Threads: 128
### n: 2586147870
### m: 3697831648
>>> Begin -----------------------------
>>> Input_file /data/datasets/graphs/friend/com-friendster.base.100000.adj
>>> Batch_file /data/datasets/graphs/friend/com-friendster.dynamic.100000.el
>>> Batch_num 10
>>> Batch_size 100000
>>> Alg BFS 
>>> Res: 
0.006882 4.237318
0.003986 4.003453
0.003985 4.002534
0.003860 4.006365
0.003881 3.992024
0.003981 3.981534
0.003892 4.022431
0.004096 4.018635
0.003908 4.001375
0.004685 4.020856
>>> End -----------------------------
--- scripts:  program finish, took 660
--- scripts:  Running run_absl_flat_hash_set on com-friendster (prefix: friend) with batch size 100000 and algorithm pagerank
### Graph: /data/datasets/graphs/friend/com-friendster.base.100000.adj
### SET API ###
binary = 1
native map = 0
iteration = 1
native map_early_exit = 0
native parallel_map = 0
native native_parallel_map_early_exit = 0
supports modification
supports_get_memory_size = 0
### GRAPH API ###
n is suppoted as a function
m is stored
the graph is symmetric
degree is supported
supports basic map
parallel_map_neighbors is supported
map_neighbors_early_exit is supported
parallel_map_neighbors_early_exit is supported
supports insert_batch
don't have recent enough glibc to make a good guess
total bytes used = 0
### Threads: 128
### n: 2586147870
### m: 3697831648
>>> Begin -----------------------------
>>> Input_file /data/datasets/graphs/friend/com-friendster.base.100000.adj
>>> Batch_file /data/datasets/graphs/friend/com-friendster.dynamic.100000.el
>>> Batch_num 10
>>> Batch_size 100000
>>> Alg PageRank 
>>> Res: 
0.002969 73.233012
0.003648 80.333162
0.004091 78.850471
0.003755 78.294778
0.003502 88.377755
0.003579 88.955298
0.003621 89.367973
0.003485 84.534508
0.003464 86.251572
0.003662 37.279249
>>> End -----------------------------
--- scripts:  program finish, took 3563
--- scripts:  Running run_absl_flat_hash_set on com-friendster (prefix: friend) with batch size 100000 and algorithm labelpropagation
### Graph: /data/datasets/graphs/friend/com-friendster.base.100000.adj
### SET API ###
binary = 1
native map = 0
iteration = 1
native map_early_exit = 0
native parallel_map = 0
native native_parallel_map_early_exit = 0
supports modification
supports_get_memory_size = 0
### GRAPH API ###
n is suppoted as a function
m is stored
the graph is symmetric
degree is supported
supports basic map
parallel_map_neighbors is supported
map_neighbors_early_exit is supported
parallel_map_neighbors_early_exit is supported
supports insert_batch
don't have recent enough glibc to make a good guess
total bytes used = 0
### Threads: 128
### n: 2586147870
### m: 3697831648
>>> Begin -----------------------------
>>> Input_file /data/datasets/graphs/friend/com-friendster.base.100000.adj
>>> Batch_file /data/datasets/graphs/friend/com-friendster.dynamic.100000.el
>>> Batch_num 10
>>> Batch_size 100000
>>> Alg LabelPropagation 
>>> Res: 
0.006545 5.581429
0.004845 4.942437
0.004810 4.966941
0.004776 4.883860
0.005267 4.972319
0.007552 5.023142
0.007075 4.992027
0.007806 5.082605
0.007275 5.069805
0.007528 5.008196
>>> End -----------------------------
--- scripts:  program finish, took 698
--- scripts:  Running run_absl_flat_hash_set on com-friendster (prefix: friend) with batch size 100000 and algorithm wbfs
### Graph: /data/datasets/graphs/friend/com-friendster.base.100000.adj
### SET API ###
binary = 1
native map = 0
iteration = 1
native map_early_exit = 0
native parallel_map = 0
native native_parallel_map_early_exit = 0
supports modification
supports_get_memory_size = 0
### GRAPH API ###
n is suppoted as a function
m is stored
the graph is symmetric
degree is supported
supports basic map
parallel_map_neighbors is supported
map_neighbors_early_exit is supported
parallel_map_neighbors_early_exit is supported
supports insert_batch
don't have recent enough glibc to make a good guess
total bytes used = 0
### Threads: 128
### n: 2586147870
### m: 3697831648
>>> Begin -----------------------------
>>> Input_file /data/datasets/graphs/friend/com-friendster.base.100000.adj
>>> Batch_file /data/datasets/graphs/friend/com-friendster.dynamic.100000.el
>>> Batch_num 10
>>> Batch_size 100000
>>> Alg wBFS_unweighted 
>>> Res: 
0.003021 57.369354
0.003453 57.297809
0.003787 56.806190
0.004859 56.136472
0.003634 55.417573
0.003296 55.340717
0.003650 55.533805
0.003451 55.696240
0.003455 55.344758
0.003777 55.002338
>>> End -----------------------------
--- scripts:  program finish, took 2681
--- scripts:  Running run_absl_flat_hash_set on soc-LiveJournal1 (prefix: live-journal) with batch size 1000000 and algorithm bfs
### Graph: /data/datasets/graphs/live-journal/soc-LiveJournal1.base.1000000.adj
### SET API ###
binary = 1
native map = 0
iteration = 1
native map_early_exit = 0
native parallel_map = 0
native native_parallel_map_early_exit = 0
supports modification
supports_get_memory_size = 0
### GRAPH API ###
n is suppoted as a function
m is stored
the graph is symmetric
degree is supported
supports basic map
parallel_map_neighbors is supported
map_neighbors_early_exit is supported
parallel_map_neighbors_early_exit is supported
supports insert_batch
don't have recent enough glibc to make a good guess
total bytes used = 0
### Threads: 128
### n: 4847571
### m: 76220856
>>> Begin -----------------------------
>>> Input_file /data/datasets/graphs/live-journal/soc-LiveJournal1.base.1000000.adj
>>> Batch_file /data/datasets/graphs/live-journal/soc-LiveJournal1.dynamic.1000000.el
>>> Batch_num 10
>>> Batch_size 1000000
>>> Alg BFS 
>>> Res: 
0.008649 0.015189
0.008988 0.014033
0.009046 0.013984
0.008751 0.013817
0.008672 0.014214
0.009170 0.014148
0.008932 0.014191
0.008955 0.013764
0.009410 0.014006
0.009635 0.015877
>>> End -----------------------------
--- scripts:  program finish, took 8
--- scripts:  Running run_absl_flat_hash_set on soc-LiveJournal1 (prefix: live-journal) with batch size 1000000 and algorithm pagerank
### Graph: /data/datasets/graphs/live-journal/soc-LiveJournal1.base.1000000.adj
### SET API ###
binary = 1
native map = 0
iteration = 1
native map_early_exit = 0
native parallel_map = 0
native native_parallel_map_early_exit = 0
supports modification
supports_get_memory_size = 0
### GRAPH API ###
n is suppoted as a function
m is stored
the graph is symmetric
degree is supported
supports basic map
parallel_map_neighbors is supported
map_neighbors_early_exit is supported
parallel_map_neighbors_early_exit is supported
supports insert_batch
don't have recent enough glibc to make a good guess
total bytes used = 0
### Threads: 128
### n: 4847571
### m: 76220856
>>> Begin -----------------------------
>>> Input_file /data/datasets/graphs/live-journal/soc-LiveJournal1.base.1000000.adj
>>> Batch_file /data/datasets/graphs/live-journal/soc-LiveJournal1.dynamic.1000000.el
>>> Batch_num 10
>>> Batch_size 1000000
>>> Alg PageRank 
>>> Res: 
0.008436 0.177705
0.009080 0.182336
0.009171 0.186507
0.008968 0.191940
0.010509 0.201905
0.010071 0.195753
0.010140 0.202172
0.010511 0.207616
0.010848 0.208645
0.012877 0.216793
>>> End -----------------------------
--- scripts:  program finish, took 15
--- scripts:  Running run_absl_flat_hash_set on soc-LiveJournal1 (prefix: live-journal) with batch size 1000000 and algorithm labelpropagation
### Graph: /data/datasets/graphs/live-journal/soc-LiveJournal1.base.1000000.adj
### SET API ###
binary = 1
native map = 0
iteration = 1
native map_early_exit = 0
native parallel_map = 0
native native_parallel_map_early_exit = 0
supports modification
supports_get_memory_size = 0
### GRAPH API ###
n is suppoted as a function
m is stored
the graph is symmetric
degree is supported
supports basic map
parallel_map_neighbors is supported
map_neighbors_early_exit is supported
parallel_map_neighbors_early_exit is supported
supports insert_batch
don't have recent enough glibc to make a good guess
total bytes used = 0
### Threads: 128
### n: 4847571
### m: 76220856
>>> Begin -----------------------------
>>> Input_file /data/datasets/graphs/live-journal/soc-LiveJournal1.base.1000000.adj
>>> Batch_file /data/datasets/graphs/live-journal/soc-LiveJournal1.dynamic.1000000.el
>>> Batch_num 10
>>> Batch_size 1000000
>>> Alg LabelPropagation 
>>> Res: 
0.008076 0.035957
0.009198 0.031924
0.008889 0.032245
0.009198 0.032404
0.008699 0.033168
0.009501 0.034229
0.008976 0.034118
0.009375 0.034065
0.010476 0.034445
0.010234 0.034809
>>> End -----------------------------
--- scripts:  program finish, took 9
--- scripts:  Running run_absl_flat_hash_set on soc-LiveJournal1 (prefix: live-journal) with batch size 1000000 and algorithm wbfs
### Graph: /data/datasets/graphs/live-journal/soc-LiveJournal1.base.1000000.adj
### SET API ###
binary = 1
native map = 0
iteration = 1
native map_early_exit = 0
native parallel_map = 0
native native_parallel_map_early_exit = 0
supports modification
supports_get_memory_size = 0
### GRAPH API ###
n is suppoted as a function
m is stored
the graph is symmetric
degree is supported
supports basic map
parallel_map_neighbors is supported
map_neighbors_early_exit is supported
parallel_map_neighbors_early_exit is supported
supports insert_batch
don't have recent enough glibc to make a good guess
total bytes used = 0
### Threads: 128
### n: 4847571
### m: 76220856
>>> Begin -----------------------------
>>> Input_file /data/datasets/graphs/live-journal/soc-LiveJournal1.base.1000000.adj
>>> Batch_file /data/datasets/graphs/live-journal/soc-LiveJournal1.dynamic.1000000.el
>>> Batch_num 10
>>> Batch_size 1000000
>>> Alg wBFS_unweighted 
>>> Res: 
0.008037 4.805162
0.009901 4.936400
0.012028 4.781452
0.010134 4.791058
0.009997 4.771811
0.010198 4.828854
0.010134 4.778043
0.010272 4.783432
0.011387 4.778664
0.010460 4.804689
>>> End -----------------------------
--- scripts:  program finish, took 200
--- scripts:  Running run_absl_flat_hash_set on com-orkut.ungraph (prefix: orkut) with batch size 1000000 and algorithm bfs
### Graph: /data/datasets/graphs/orkut/com-orkut.ungraph.base.1000000.adj
### SET API ###
binary = 1
native map = 0
iteration = 1
native map_early_exit = 0
native parallel_map = 0
native native_parallel_map_early_exit = 0
supports modification
supports_get_memory_size = 0
### GRAPH API ###
n is suppoted as a function
m is stored
the graph is symmetric
degree is supported
supports basic map
parallel_map_neighbors is supported
map_neighbors_early_exit is supported
parallel_map_neighbors_early_exit is supported
supports insert_batch
don't have recent enough glibc to make a good guess
total bytes used = 0
### Threads: 128
### n: 3072627
### m: 224370166
>>> Begin -----------------------------
>>> Input_file /data/datasets/graphs/orkut/com-orkut.ungraph.base.1000000.adj
>>> Batch_file /data/datasets/graphs/orkut/com-orkut.ungraph.dynamic.1000000.el
>>> Batch_num 10
>>> Batch_size 1000000
>>> Alg BFS 
>>> Res: 
0.008254 0.010362
0.009323 0.010515
0.009361 0.010539
0.009537 0.010566
0.009469 0.010604
0.009269 0.010568
0.009417 0.010309
0.009602 0.012251
0.009935 0.010139
0.009518 0.010522
>>> End -----------------------------
--- scripts:  program finish, took 14
--- scripts:  Running run_absl_flat_hash_set on com-orkut.ungraph (prefix: orkut) with batch size 1000000 and algorithm pagerank
### Graph: /data/datasets/graphs/orkut/com-orkut.ungraph.base.1000000.adj
### SET API ###
binary = 1
native map = 0
iteration = 1
native map_early_exit = 0
native parallel_map = 0
native native_parallel_map_early_exit = 0
supports modification
supports_get_memory_size = 0
### GRAPH API ###
n is suppoted as a function
m is stored
the graph is symmetric
degree is supported
supports basic map
parallel_map_neighbors is supported
map_neighbors_early_exit is supported
parallel_map_neighbors_early_exit is supported
supports insert_batch
don't have recent enough glibc to make a good guess
total bytes used = 0
### Threads: 128
### n: 3072627
### m: 224370166
>>> Begin -----------------------------
>>> Input_file /data/datasets/graphs/orkut/com-orkut.ungraph.base.1000000.adj
>>> Batch_file /data/datasets/graphs/orkut/com-orkut.ungraph.dynamic.1000000.el
>>> Batch_num 10
>>> Batch_size 1000000
>>> Alg PageRank 
>>> Res: 
0.008303 0.321287
0.009669 0.323571
0.009602 0.327478
0.009931 0.322511
0.009728 0.329864
0.009669 0.338710
0.009643 0.337938
0.010107 0.339454
0.010683 0.336252
0.010794 0.338628
>>> End -----------------------------
--- scripts:  program finish, took 27
--- scripts:  Running run_absl_flat_hash_set on com-orkut.ungraph (prefix: orkut) with batch size 1000000 and algorithm labelpropagation
### Graph: /data/datasets/graphs/orkut/com-orkut.ungraph.base.1000000.adj
### SET API ###
binary = 1
native map = 0
iteration = 1
native map_early_exit = 0
native parallel_map = 0
native native_parallel_map_early_exit = 0
supports modification
supports_get_memory_size = 0
### GRAPH API ###
n is suppoted as a function
m is stored
the graph is symmetric
degree is supported
supports basic map
parallel_map_neighbors is supported
map_neighbors_early_exit is supported
parallel_map_neighbors_early_exit is supported
supports insert_batch
don't have recent enough glibc to make a good guess
total bytes used = 0
### Threads: 128
### n: 3072627
### m: 224370166
>>> Begin -----------------------------
>>> Input_file /data/datasets/graphs/orkut/com-orkut.ungraph.base.1000000.adj
>>> Batch_file /data/datasets/graphs/orkut/com-orkut.ungraph.dynamic.1000000.el
>>> Batch_num 10
>>> Batch_size 1000000
>>> Alg LabelPropagation 
>>> Res: 
0.008456 0.045784
0.009572 0.045951
0.009533 0.046644
0.009724 0.046934
0.009599 0.046551
0.009778 0.047359
0.009548 0.047420
0.009641 0.047638
0.010211 0.047121
0.009448 0.048703
>>> End -----------------------------
--- scripts:  program finish, took 16
--- scripts:  Running run_absl_flat_hash_set on com-orkut.ungraph (prefix: orkut) with batch size 1000000 and algorithm wbfs
### Graph: /data/datasets/graphs/orkut/com-orkut.ungraph.base.1000000.adj
### SET API ###
binary = 1
native map = 0
iteration = 1
native map_early_exit = 0
native parallel_map = 0
native native_parallel_map_early_exit = 0
supports modification
supports_get_memory_size = 0
### GRAPH API ###
n is suppoted as a function
m is stored
the graph is symmetric
degree is supported
supports basic map
parallel_map_neighbors is supported
map_neighbors_early_exit is supported
parallel_map_neighbors_early_exit is supported
supports insert_batch
don't have recent enough glibc to make a good guess
total bytes used = 0
### Threads: 128
### n: 3072627
### m: 224370166
>>> Begin -----------------------------
>>> Input_file /data/datasets/graphs/orkut/com-orkut.ungraph.base.1000000.adj
>>> Batch_file /data/datasets/graphs/orkut/com-orkut.ungraph.dynamic.1000000.el
>>> Batch_num 10
>>> Batch_size 1000000
>>> Alg wBFS_unweighted 
>>> Res: 
0.008131 3.440958
0.010747 3.407415
0.010058 3.352917
0.010257 3.421073
0.010602 3.402067
0.010764 3.403548
0.010254 3.388758
0.011086 3.404831
0.011886 3.392742
0.012146 3.398200
>>> End -----------------------------
--- scripts:  program finish, took 150
--- scripts:  Running run_absl_flat_hash_set on cit-Patents (prefix: cit-Patents) with batch size 1000000 and algorithm bfs
### Graph: /data/datasets/graphs/cit-Patents/cit-Patents.base.1000000.adj
### SET API ###
binary = 1
native map = 0
iteration = 1
native map_early_exit = 0
native parallel_map = 0
native native_parallel_map_early_exit = 0
supports modification
supports_get_memory_size = 0
### GRAPH API ###
n is suppoted as a function
m is stored
the graph is symmetric
degree is supported
supports basic map
parallel_map_neighbors is supported
map_neighbors_early_exit is supported
parallel_map_neighbors_early_exit is supported
supports insert_batch
don't have recent enough glibc to make a good guess
total bytes used = 0
### Threads: 128
### n: 6009555
### m: 23037895
>>> Begin -----------------------------
>>> Input_file /data/datasets/graphs/cit-Patents/cit-Patents.base.1000000.adj
>>> Batch_file /data/datasets/graphs/cit-Patents/cit-Patents.dynamic.1000000.el
>>> Batch_num 10
>>> Batch_size 1000000
>>> Alg BFS 
>>> Res: 
0.010764 0.021200
0.011702 0.021515
0.011859 0.021456
0.011862 0.019788
0.011753 0.020037
0.012192 0.019779
0.011789 0.020194
0.011714 0.019238
0.012368 0.018465
0.012337 0.018679
>>> End -----------------------------
--- scripts:  program finish, took 7
--- scripts:  Running run_absl_flat_hash_set on cit-Patents (prefix: cit-Patents) with batch size 1000000 and algorithm pagerank
### Graph: /data/datasets/graphs/cit-Patents/cit-Patents.base.1000000.adj
### SET API ###
binary = 1
native map = 0
iteration = 1
native map_early_exit = 0
native parallel_map = 0
native native_parallel_map_early_exit = 0
supports modification
supports_get_memory_size = 0
### GRAPH API ###
n is suppoted as a function
m is stored
the graph is symmetric
degree is supported
supports basic map
parallel_map_neighbors is supported
map_neighbors_early_exit is supported
parallel_map_neighbors_early_exit is supported
supports insert_batch
don't have recent enough glibc to make a good guess
total bytes used = 0
### Threads: 128
### n: 6009555
### m: 23037895
>>> Begin -----------------------------
>>> Input_file /data/datasets/graphs/cit-Patents/cit-Patents.base.1000000.adj
>>> Batch_file /data/datasets/graphs/cit-Patents/cit-Patents.dynamic.1000000.el
>>> Batch_num 10
>>> Batch_size 1000000
>>> Alg PageRank 
>>> Res: 
0.011648 0.153089
0.012792 0.163379
0.012747 0.173310
0.013105 0.180211
0.013120 0.182651
0.015416 0.190086
0.014844 0.202456
0.016080 0.217295
0.014821 0.212595
0.013732 0.191965
>>> End -----------------------------
--- scripts:  program finish, took 13
--- scripts:  Running run_absl_flat_hash_set on cit-Patents (prefix: cit-Patents) with batch size 1000000 and algorithm labelpropagation
### Graph: /data/datasets/graphs/cit-Patents/cit-Patents.base.1000000.adj
### SET API ###
binary = 1
native map = 0
iteration = 1
native map_early_exit = 0
native parallel_map = 0
native native_parallel_map_early_exit = 0
supports modification
supports_get_memory_size = 0
### GRAPH API ###
n is suppoted as a function
m is stored
the graph is symmetric
degree is supported
supports basic map
parallel_map_neighbors is supported
map_neighbors_early_exit is supported
parallel_map_neighbors_early_exit is supported
supports insert_batch
don't have recent enough glibc to make a good guess
total bytes used = 0
### Threads: 128
### n: 6009555
### m: 23037895
>>> Begin -----------------------------
>>> Input_file /data/datasets/graphs/cit-Patents/cit-Patents.base.1000000.adj
>>> Batch_file /data/datasets/graphs/cit-Patents/cit-Patents.dynamic.1000000.el
>>> Batch_num 10
>>> Batch_size 1000000
>>> Alg LabelPropagation 
>>> Res: 
0.011144 0.023260
0.011873 0.023741
0.011850 0.024263
0.012102 0.025716
0.011988 0.025487
0.012160 0.025847
0.012328 0.026209
0.011847 0.026291
0.012268 0.027215
0.012583 0.028082
>>> End -----------------------------
--- scripts:  program finish, took 7
--- scripts:  Running run_absl_flat_hash_set on cit-Patents (prefix: cit-Patents) with batch size 1000000 and algorithm wbfs
### Graph: /data/datasets/graphs/cit-Patents/cit-Patents.base.1000000.adj
### SET API ###
binary = 1
native map = 0
iteration = 1
native map_early_exit = 0
native parallel_map = 0
native native_parallel_map_early_exit = 0
supports modification
supports_get_memory_size = 0
### GRAPH API ###
n is suppoted as a function
m is stored
the graph is symmetric
degree is supported
supports basic map
parallel_map_neighbors is supported
map_neighbors_early_exit is supported
parallel_map_neighbors_early_exit is supported
supports insert_batch
don't have recent enough glibc to make a good guess
total bytes used = 0
### Threads: 128
### n: 6009555
### m: 23037895
>>> Begin -----------------------------
>>> Input_file /data/datasets/graphs/cit-Patents/cit-Patents.base.1000000.adj
>>> Batch_file /data/datasets/graphs/cit-Patents/cit-Patents.dynamic.1000000.el
>>> Batch_num 10
>>> Batch_size 1000000
>>> Alg wBFS_unweighted 
>>> Res: 
0.011278 5.003209
0.012603 4.955716
0.013233 4.873518
0.013789 4.796922
0.013632 4.716984
0.012722 4.669944
0.014222 4.668959
0.013118 4.632792
0.013097 4.599598
0.014218 4.636610
>>> End -----------------------------
--- scripts:  program finish, took 196
--- scripts:  Running run_absl_flat_hash_set on twitter-unique-undir (prefix: twitter) with batch size 1000000 and algorithm bfs
### Graph: /data/datasets/graphs/twitter/twitter-unique-undir.base.1000000.adj
### SET API ###
binary = 1
native map = 0
iteration = 1
native map_early_exit = 0
native parallel_map = 0
native native_parallel_map_early_exit = 0
supports modification
supports_get_memory_size = 0
### GRAPH API ###
n is suppoted as a function
m is stored
the graph is symmetric
degree is supported
supports basic map
parallel_map_neighbors is supported
map_neighbors_early_exit is supported
parallel_map_neighbors_early_exit is supported
supports insert_batch
don't have recent enough glibc to make a good guess
total bytes used = 0
### Threads: 128
### n: 41652231
### m: 2420498283
>>> Begin -----------------------------
>>> Input_file /data/datasets/graphs/twitter/twitter-unique-undir.base.1000000.adj
>>> Batch_file /data/datasets/graphs/twitter/twitter-unique-undir.dynamic.1000000.el
>>> Batch_num 10
>>> Batch_size 1000000
>>> Alg BFS 
>>> Res: 
0.046546 0.192202
0.037430 0.182779
0.029709 0.184918
0.031535 0.190977
0.040102 0.185701
0.037782 0.185801
0.036783 0.183194
0.026193 0.186523
0.040153 0.187366
0.028929 0.184327
>>> End -----------------------------
--- scripts:  program finish, took 163
--- scripts:  Running run_absl_flat_hash_set on twitter-unique-undir (prefix: twitter) with batch size 1000000 and algorithm pagerank
### Graph: /data/datasets/graphs/twitter/twitter-unique-undir.base.1000000.adj
### SET API ###
binary = 1
native map = 0
iteration = 1
native map_early_exit = 0
native parallel_map = 0
native native_parallel_map_early_exit = 0
supports modification
supports_get_memory_size = 0
### GRAPH API ###
n is suppoted as a function
m is stored
the graph is symmetric
degree is supported
supports basic map
parallel_map_neighbors is supported
map_neighbors_early_exit is supported
parallel_map_neighbors_early_exit is supported
supports insert_batch
don't have recent enough glibc to make a good guess
total bytes used = 0
### Threads: 128
### n: 41652231
### m: 2420498283
>>> Begin -----------------------------
>>> Input_file /data/datasets/graphs/twitter/twitter-unique-undir.base.1000000.adj
>>> Batch_file /data/datasets/graphs/twitter/twitter-unique-undir.dynamic.1000000.el
>>> Batch_num 10
>>> Batch_size 1000000
>>> Alg PageRank 
>>> Res: 
0.030474 9.102558
0.014472 9.124070
0.015533 9.016127
0.017493 8.999784
0.017753 9.038155
0.015753 9.036440
0.015386 9.044976
0.013974 9.071283
0.016612 9.074720
0.015786 9.041004
>>> End -----------------------------
--- scripts:  program finish, took 496
--- scripts:  Running run_absl_flat_hash_set on twitter-unique-undir (prefix: twitter) with batch size 1000000 and algorithm labelpropagation
### Graph: /data/datasets/graphs/twitter/twitter-unique-undir.base.1000000.adj
### SET API ###
binary = 1
native map = 0
iteration = 1
native map_early_exit = 0
native parallel_map = 0
native native_parallel_map_early_exit = 0
supports modification
supports_get_memory_size = 0
### GRAPH API ###
n is suppoted as a function
m is stored
the graph is symmetric
degree is supported
supports basic map
parallel_map_neighbors is supported
map_neighbors_early_exit is supported
parallel_map_neighbors_early_exit is supported
supports insert_batch
don't have recent enough glibc to make a good guess
total bytes used = 0
### Threads: 128
### n: 41652231
### m: 2420498283
>>> Begin -----------------------------
>>> Input_file /data/datasets/graphs/twitter/twitter-unique-undir.base.1000000.adj
>>> Batch_file /data/datasets/graphs/twitter/twitter-unique-undir.dynamic.1000000.el
>>> Batch_num 10
>>> Batch_size 1000000
>>> Alg LabelPropagation 
>>> Res: 
0.032845 1.382192
0.014936 1.371329
0.014414 1.414910
0.015592 1.393780
0.013933 1.399570
0.014828 1.410704
0.016937 1.405213
0.015116 1.394926
0.017282 1.435215
0.020000 1.397855
>>> End -----------------------------
--- scripts:  program finish, took 193
--- scripts:  Running run_absl_flat_hash_set on twitter-unique-undir (prefix: twitter) with batch size 1000000 and algorithm wbfs
### Graph: /data/datasets/graphs/twitter/twitter-unique-undir.base.1000000.adj
### SET API ###
binary = 1
native map = 0
iteration = 1
native map_early_exit = 0
native parallel_map = 0
native native_parallel_map_early_exit = 0
supports modification
supports_get_memory_size = 0
### GRAPH API ###
n is suppoted as a function
m is stored
the graph is symmetric
degree is supported
supports basic map
parallel_map_neighbors is supported
map_neighbors_early_exit is supported
parallel_map_neighbors_early_exit is supported
supports insert_batch
don't have recent enough glibc to make a good guess
total bytes used = 0
### Threads: 128
### n: 41652231
### m: 2420498283
>>> Begin -----------------------------
>>> Input_file /data/datasets/graphs/twitter/twitter-unique-undir.base.1000000.adj
>>> Batch_file /data/datasets/graphs/twitter/twitter-unique-undir.dynamic.1000000.el
>>> Batch_num 10
>>> Batch_size 1000000
>>> Alg wBFS_unweighted 
>>> Res: 
0.031852 53.515702
0.024920 52.870934
0.016330 53.085443
0.019439 52.601969
0.014671 52.451474
0.014667 52.012721
0.015456 51.992610
0.014036 52.007139
0.014904 52.028424
0.013896 52.079077
>>> End -----------------------------
--- scripts:  program finish, took 2236
--- scripts:  Running run_absl_flat_hash_set on com-friendster (prefix: friend) with batch size 1000000 and algorithm bfs
### Graph: /data/datasets/graphs/friend/com-friendster.base.1000000.adj
### SET API ###
binary = 1
native map = 0
iteration = 1
native map_early_exit = 0
native parallel_map = 0
native native_parallel_map_early_exit = 0
supports modification
supports_get_memory_size = 0
### GRAPH API ###
n is suppoted as a function
m is stored
the graph is symmetric
degree is supported
supports basic map
parallel_map_neighbors is supported
map_neighbors_early_exit is supported
parallel_map_neighbors_early_exit is supported
supports insert_batch
don't have recent enough glibc to make a good guess
total bytes used = 0
### Threads: 128
### n: 2586147870
### m: 3688831648
>>> Begin -----------------------------
>>> Input_file /data/datasets/graphs/friend/com-friendster.base.1000000.adj
>>> Batch_file /data/datasets/graphs/friend/com-friendster.dynamic.1000000.el
>>> Batch_num 10
>>> Batch_size 1000000
>>> Alg BFS 
>>> Res: 
0.011288 3.987994
0.010563 3.922598
0.010455 3.929094
0.010479 3.924966
0.010533 3.919971
0.010273 3.919284
0.010487 3.920300
0.010461 3.938493
0.010743 3.921889
0.011317 3.928407
>>> End -----------------------------
--- scripts:  program finish, took 620
--- scripts:  Running run_absl_flat_hash_set on com-friendster (prefix: friend) with batch size 1000000 and algorithm pagerank
### Graph: /data/datasets/graphs/friend/com-friendster.base.1000000.adj
### SET API ###
binary = 1
native map = 0
iteration = 1
native map_early_exit = 0
native parallel_map = 0
native native_parallel_map_early_exit = 0
supports modification
supports_get_memory_size = 0
### GRAPH API ###
n is suppoted as a function
m is stored
the graph is symmetric
degree is supported
supports basic map
parallel_map_neighbors is supported
map_neighbors_early_exit is supported
parallel_map_neighbors_early_exit is supported
supports insert_batch
don't have recent enough glibc to make a good guess
total bytes used = 0
### Threads: 128
### n: 2586147870
### m: 3688831648
>>> Begin -----------------------------
>>> Input_file /data/datasets/graphs/friend/com-friendster.base.1000000.adj
>>> Batch_file /data/datasets/graphs/friend/com-friendster.dynamic.1000000.el
>>> Batch_num 10
>>> Batch_size 1000000
>>> Alg PageRank 
>>> Res: 
0.010197 66.941719
0.010634 67.291542
0.011746 67.214236
0.011489 67.073599
0.011574 66.758006
0.011234 66.984062
0.011225 67.196357
0.011509 67.052652
0.011284 67.169052
0.012300 35.376080
>>> End -----------------------------
--- scripts:  program finish, took 2945
--- scripts:  Running run_absl_flat_hash_set on com-friendster (prefix: friend) with batch size 1000000 and algorithm labelpropagation
### Graph: /data/datasets/graphs/friend/com-friendster.base.1000000.adj
### SET API ###
binary = 1
native map = 0
iteration = 1
native map_early_exit = 0
native parallel_map = 0
native native_parallel_map_early_exit = 0
supports modification
supports_get_memory_size = 0
### GRAPH API ###
n is suppoted as a function
m is stored
the graph is symmetric
degree is supported
supports basic map
parallel_map_neighbors is supported
map_neighbors_early_exit is supported
parallel_map_neighbors_early_exit is supported
supports insert_batch
don't have recent enough glibc to make a good guess
total bytes used = 0
### Threads: 128
### n: 2586147870
### m: 3688831648
>>> Begin -----------------------------
>>> Input_file /data/datasets/graphs/friend/com-friendster.base.1000000.adj
>>> Batch_file /data/datasets/graphs/friend/com-friendster.dynamic.1000000.el
>>> Batch_num 10
>>> Batch_size 1000000
>>> Alg LabelPropagation 
>>> Res: 
0.011306 5.934387
0.011729 5.877486
0.012090 5.813928
0.012702 5.878212
0.012022 5.857620
0.012419 5.864789
0.013058 5.914574
0.012691 5.858851
0.012897 5.951435
0.013528 6.008063
>>> End -----------------------------
--- scripts:  program finish, took 703
--- scripts:  Running run_absl_flat_hash_set on com-friendster (prefix: friend) with batch size 1000000 and algorithm wbfs
### Graph: /data/datasets/graphs/friend/com-friendster.base.1000000.adj
### SET API ###
binary = 1
native map = 0
iteration = 1
native map_early_exit = 0
native parallel_map = 0
native native_parallel_map_early_exit = 0
supports modification
supports_get_memory_size = 0
### GRAPH API ###
n is suppoted as a function
m is stored
the graph is symmetric
degree is supported
supports basic map
parallel_map_neighbors is supported
map_neighbors_early_exit is supported
parallel_map_neighbors_early_exit is supported
supports insert_batch
don't have recent enough glibc to make a good guess
total bytes used = 0
### Threads: 128
### n: 2586147870
### m: 3688831648
>>> Begin -----------------------------
>>> Input_file /data/datasets/graphs/friend/com-friendster.base.1000000.adj
>>> Batch_file /data/datasets/graphs/friend/com-friendster.dynamic.1000000.el
>>> Batch_num 10
>>> Batch_size 1000000
>>> Alg wBFS_unweighted 
>>> Res: 
0.010079 88.956739
0.010854 107.146430
0.016305 122.084173
0.012483 145.554687
0.012741 117.852772
0.011771 141.839542
0.014568 112.800693
0.012216 134.204697
0.012227 122.290541
0.012640 139.241157
>>> End -----------------------------
--- scripts:  program finish, took 5350
--- scripts:  Running run_dhb on soc-LiveJournal1 (prefix: live-journal) with batch size 1 and algorithm bfs
### Graph: /data/datasets/graphs/live-journal/soc-LiveJournal1.base.1.adj
### GRAPH API ###
n is suppoted as a function
m is stored
the graph is symmetric
degree is supported
supports basic map
map_neighbors_early_exit is supported
supports insert_batch
don't have recent enough glibc to make a good guess
total bytes used = 0
### Threads: 128
### n: 4847571
### m: 86220846
>>> Begin -----------------------------
>>> Input_file /data/datasets/graphs/live-journal/soc-LiveJournal1.base.1.adj
>>> Batch_file /data/datasets/graphs/live-journal/soc-LiveJournal1.dynamic.1.el
>>> Batch_num 10
>>> Batch_size 1
>>> Alg BFS 
>>> Res: 
0.000002 0.017650
0.000004 0.014931
0.000009 0.014819
0.000005 0.013520
0.000004 0.013490
0.000004 0.013404
0.000004 0.013657
0.000005 0.013442
0.000004 0.013603
0.000003 0.013645
>>> End -----------------------------
--- scripts:  program finish, took 11
--- scripts:  Running run_dhb on soc-LiveJournal1 (prefix: live-journal) with batch size 1 and algorithm pagerank
### Graph: /data/datasets/graphs/live-journal/soc-LiveJournal1.base.1.adj
### GRAPH API ###
n is suppoted as a function
m is stored
the graph is symmetric
degree is supported
supports basic map
map_neighbors_early_exit is supported
supports insert_batch
don't have recent enough glibc to make a good guess
total bytes used = 0
### Threads: 128
### n: 4847571
### m: 86220846
>>> Begin -----------------------------
>>> Input_file /data/datasets/graphs/live-journal/soc-LiveJournal1.base.1.adj
>>> Batch_file /data/datasets/graphs/live-journal/soc-LiveJournal1.dynamic.1.el
>>> Batch_num 10
>>> Batch_size 1
>>> Alg PageRank 
>>> Res: 
0.000002 0.471113
0.000005 0.481237
0.000012 0.472294
0.000008 0.466997
0.000005 0.459160
0.000004 0.459343
0.000004 0.460005
0.000007 0.431858
0.000007 0.414922
0.000005 0.397675
>>> End -----------------------------
--- scripts:  program finish, took 30
--- scripts:  Running run_dhb on soc-LiveJournal1 (prefix: live-journal) with batch size 1 and algorithm labelpropagation
### Graph: /data/datasets/graphs/live-journal/soc-LiveJournal1.base.1.adj
### GRAPH API ###
n is suppoted as a function
m is stored
the graph is symmetric
degree is supported
supports basic map
map_neighbors_early_exit is supported
supports insert_batch
don't have recent enough glibc to make a good guess
total bytes used = 0
### Threads: 128
### n: 4847571
### m: 86220846
>>> Begin -----------------------------
>>> Input_file /data/datasets/graphs/live-journal/soc-LiveJournal1.base.1.adj
>>> Batch_file /data/datasets/graphs/live-journal/soc-LiveJournal1.dynamic.1.el
>>> Batch_num 10
>>> Batch_size 1
>>> Alg LabelPropagation 
>>> Res: 
0.000002 0.046863
0.000004 0.042759
0.000010 0.042298
0.000008 0.044175
0.000003 0.042079
0.000005 0.042160
0.000004 0.042176
0.000005 0.042029
0.000005 0.041934
0.000003 0.043419
>>> End -----------------------------
--- scripts:  program finish, took 12
--- scripts:  Running run_dhb on soc-LiveJournal1 (prefix: live-journal) with batch size 1 and algorithm wbfs
### Graph: /data/datasets/graphs/live-journal/soc-LiveJournal1.base.1.adj
### GRAPH API ###
n is suppoted as a function
m is stored
the graph is symmetric
degree is supported
supports basic map
map_neighbors_early_exit is supported
supports insert_batch
don't have recent enough glibc to make a good guess
total bytes used = 0
### Threads: 128
### n: 4847571
### m: 86220846
>>> Begin -----------------------------
>>> Input_file /data/datasets/graphs/live-journal/soc-LiveJournal1.base.1.adj
>>> Batch_file /data/datasets/graphs/live-journal/soc-LiveJournal1.dynamic.1.el
>>> Batch_num 10
>>> Batch_size 1
>>> Alg wBFS_unweighted 
>>> Res: 
0.000002 4.746864
0.000004 4.741252
0.000016 4.765091
0.000005 4.737201
0.000005 4.734824
0.000005 4.764568
0.000005 4.674751
0.000004 4.705831
0.000005 4.666175
0.000008 4.666856
>>> End -----------------------------
--- scripts:  program finish, took 200
--- scripts:  Running run_dhb on com-orkut.ungraph (prefix: orkut) with batch size 1 and algorithm bfs
### Graph: /data/datasets/graphs/orkut/com-orkut.ungraph.base.1.adj
### GRAPH API ###
n is suppoted as a function
m is stored
the graph is symmetric
degree is supported
supports basic map
map_neighbors_early_exit is supported
supports insert_batch
don't have recent enough glibc to make a good guess
total bytes used = 0
### Threads: 128
### n: 3072627
### m: 234370156
>>> Begin -----------------------------
>>> Input_file /data/datasets/graphs/orkut/com-orkut.ungraph.base.1.adj
>>> Batch_file /data/datasets/graphs/orkut/com-orkut.ungraph.dynamic.1.el
>>> Batch_num 10
>>> Batch_size 1
>>> Alg BFS 
>>> Res: 
0.000001 0.011730
0.000003 0.007942
0.000003 0.007660
0.000002 0.007651
0.000003 0.007706
0.000003 0.007795
0.000003 0.007576
0.000003 0.009212
0.000003 0.008014
0.000008 0.007572
>>> End -----------------------------
--- scripts:  program finish, took 31
--- scripts:  Running run_dhb on com-orkut.ungraph (prefix: orkut) with batch size 1 and algorithm pagerank
### Graph: /data/datasets/graphs/orkut/com-orkut.ungraph.base.1.adj
### GRAPH API ###
n is suppoted as a function
m is stored
the graph is symmetric
degree is supported
supports basic map
map_neighbors_early_exit is supported
supports insert_batch
don't have recent enough glibc to make a good guess
total bytes used = 0
### Threads: 128
### n: 3072627
### m: 234370156
>>> Begin -----------------------------
>>> Input_file /data/datasets/graphs/orkut/com-orkut.ungraph.base.1.adj
>>> Batch_file /data/datasets/graphs/orkut/com-orkut.ungraph.dynamic.1.el
>>> Batch_num 10
>>> Batch_size 1
>>> Alg PageRank 
>>> Res: 
0.000001 0.693273
0.000004 0.734324
0.000004 0.741010
0.000005 0.700843
0.000004 0.718383
0.000004 0.710361
0.000006 0.748613
0.000004 0.729269
0.000004 0.681684
0.000008 0.725189
>>> End -----------------------------
--- scripts:  program finish, took 60
--- scripts:  Running run_dhb on com-orkut.ungraph (prefix: orkut) with batch size 1 and algorithm labelpropagation
### Graph: /data/datasets/graphs/orkut/com-orkut.ungraph.base.1.adj
### GRAPH API ###
n is suppoted as a function
m is stored
the graph is symmetric
degree is supported
supports basic map
map_neighbors_early_exit is supported
supports insert_batch
don't have recent enough glibc to make a good guess
total bytes used = 0
### Threads: 128
### n: 3072627
### m: 234370156
>>> Begin -----------------------------
>>> Input_file /data/datasets/graphs/orkut/com-orkut.ungraph.base.1.adj
>>> Batch_file /data/datasets/graphs/orkut/com-orkut.ungraph.dynamic.1.el
>>> Batch_num 10
>>> Batch_size 1
>>> Alg LabelPropagation 
>>> Res: 
0.000002 0.081394
0.000003 0.078413
0.000003 0.078899
0.000003 0.078703
0.000003 0.078933
0.000003 0.077917
0.000005 0.078225
0.000003 0.078572
0.000003 0.078336
0.000007 0.079028
>>> End -----------------------------
--- scripts:  program finish, took 34
--- scripts:  Running run_dhb on com-orkut.ungraph (prefix: orkut) with batch size 1 and algorithm wbfs
### Graph: /data/datasets/graphs/orkut/com-orkut.ungraph.base.1.adj
### GRAPH API ###
n is suppoted as a function
m is stored
the graph is symmetric
degree is supported
supports basic map
map_neighbors_early_exit is supported
supports insert_batch
don't have recent enough glibc to make a good guess
total bytes used = 0
### Threads: 128
### n: 3072627
### m: 234370156
>>> Begin -----------------------------
>>> Input_file /data/datasets/graphs/orkut/com-orkut.ungraph.base.1.adj
>>> Batch_file /data/datasets/graphs/orkut/com-orkut.ungraph.dynamic.1.el
>>> Batch_num 10
>>> Batch_size 1
>>> Alg wBFS_unweighted 
>>> Res: 
0.000001 3.100971
0.000004 3.102884
0.000003 3.126593
0.000003 3.174522
0.000004 3.157889
0.000005 3.128471
0.000005 3.146278
0.000004 3.140991
0.000003 3.135402
0.000006 3.125142
>>> End -----------------------------
--- scripts:  program finish, took 159
--- scripts:  Running run_dhb on cit-Patents (prefix: cit-Patents) with batch size 1 and algorithm bfs
### Graph: /data/datasets/graphs/cit-Patents/cit-Patents.base.1.adj
### GRAPH API ###
n is suppoted as a function
m is stored
the graph is symmetric
degree is supported
supports basic map
map_neighbors_early_exit is supported
supports insert_batch
don't have recent enough glibc to make a good guess
total bytes used = 0
### Threads: 128
### n: 6009555
### m: 33037885
>>> Begin -----------------------------
>>> Input_file /data/datasets/graphs/cit-Patents/cit-Patents.base.1.adj
>>> Batch_file /data/datasets/graphs/cit-Patents/cit-Patents.dynamic.1.el
>>> Batch_num 10
>>> Batch_size 1
>>> Alg BFS 
>>> Res: 
0.000001 0.019332
0.000005 0.016671
0.000010 0.016123
0.000003 0.016087
0.000005 0.016213
0.000005 0.016119
0.000003 0.016125
0.000003 0.016045
0.000003 0.018001
0.000002 0.015915
>>> End -----------------------------
--- scripts:  program finish, took 4
--- scripts:  Running run_dhb on cit-Patents (prefix: cit-Patents) with batch size 1 and algorithm pagerank
### Graph: /data/datasets/graphs/cit-Patents/cit-Patents.base.1.adj
### GRAPH API ###
n is suppoted as a function
m is stored
the graph is symmetric
degree is supported
supports basic map
map_neighbors_early_exit is supported
supports insert_batch
don't have recent enough glibc to make a good guess
total bytes used = 0
### Threads: 128
### n: 6009555
### m: 33037885
>>> Begin -----------------------------
>>> Input_file /data/datasets/graphs/cit-Patents/cit-Patents.base.1.adj
>>> Batch_file /data/datasets/graphs/cit-Patents/cit-Patents.dynamic.1.el
>>> Batch_num 10
>>> Batch_size 1
>>> Alg PageRank 
>>> Res: 
0.000001 0.197719
0.000005 0.189067
0.000006 0.181701
0.000005 0.172501
0.000006 0.183623
0.000003 0.181271
0.000005 0.175802
0.000005 0.175938
0.000007 0.172395
0.000005 0.183781
>>> End -----------------------------
--- scripts:  program finish, took 11
--- scripts:  Running run_dhb on cit-Patents (prefix: cit-Patents) with batch size 1 and algorithm labelpropagation
### Graph: /data/datasets/graphs/cit-Patents/cit-Patents.base.1.adj
### GRAPH API ###
n is suppoted as a function
m is stored
the graph is symmetric
degree is supported
supports basic map
map_neighbors_early_exit is supported
supports insert_batch
don't have recent enough glibc to make a good guess
total bytes used = 0
### Threads: 128
### n: 6009555
### m: 33037885
>>> Begin -----------------------------
>>> Input_file /data/datasets/graphs/cit-Patents/cit-Patents.base.1.adj
>>> Batch_file /data/datasets/graphs/cit-Patents/cit-Patents.dynamic.1.el
>>> Batch_num 10
>>> Batch_size 1
>>> Alg LabelPropagation 
>>> Res: 
0.000001 0.030166
0.000003 0.025019
0.000006 0.024762
0.000003 0.024628
0.000005 0.024922
0.000003 0.024788
0.000003 0.024787
0.000003 0.024523
0.000005 0.025074
0.000005 0.024475
>>> End -----------------------------
--- scripts:  program finish, took 4
--- scripts:  Running run_dhb on cit-Patents (prefix: cit-Patents) with batch size 1 and algorithm wbfs
### Graph: /data/datasets/graphs/cit-Patents/cit-Patents.base.1.adj
### GRAPH API ###
n is suppoted as a function
m is stored
the graph is symmetric
degree is supported
supports basic map
map_neighbors_early_exit is supported
supports insert_batch
don't have recent enough glibc to make a good guess
total bytes used = 0
### Threads: 128
### n: 6009555
### m: 33037885
>>> Begin -----------------------------
>>> Input_file /data/datasets/graphs/cit-Patents/cit-Patents.base.1.adj
>>> Batch_file /data/datasets/graphs/cit-Patents/cit-Patents.dynamic.1.el
>>> Batch_num 10
>>> Batch_size 1
>>> Alg wBFS_unweighted 
>>> Res: 
0.000001 4.586094
0.000007 4.579069
0.000004 4.592383
0.000005 4.628632
0.000006 4.605330
0.000004 4.617516
0.000003 4.602463
0.000003 4.607607
0.000004 4.602099
0.000003 4.573525
>>> End -----------------------------
--- scripts:  program finish, took 188
--- scripts:  Running run_dhb on twitter-unique-undir (prefix: twitter) with batch size 1 and algorithm bfs
### Graph: /data/datasets/graphs/twitter/twitter-unique-undir.base.1.adj
### GRAPH API ###
n is suppoted as a function
m is stored
the graph is symmetric
degree is supported
supports basic map
map_neighbors_early_exit is supported
supports insert_batch
don't have recent enough glibc to make a good guess
total bytes used = 0
### Threads: 128
### n: 41652231
### m: 2430498273
>>> Begin -----------------------------
>>> Input_file /data/datasets/graphs/twitter/twitter-unique-undir.base.1.adj
>>> Batch_file /data/datasets/graphs/twitter/twitter-unique-undir.dynamic.1.el
>>> Batch_num 10
>>> Batch_size 1
>>> Alg BFS 
>>> Res: 
0.000002 0.171927
0.000007 0.114123
0.000004 0.111024
0.000007 0.112477
0.000003 0.112707
0.000003 0.112271
0.000003 0.112165
0.000004 0.111691
0.000003 0.112976
0.000004 0.113738
>>> End -----------------------------
--- scripts:  program finish, took 336
--- scripts:  Running run_dhb on twitter-unique-undir (prefix: twitter) with batch size 1 and algorithm pagerank
### Graph: /data/datasets/graphs/twitter/twitter-unique-undir.base.1.adj
### GRAPH API ###
n is suppoted as a function
m is stored
the graph is symmetric
degree is supported
supports basic map
map_neighbors_early_exit is supported
supports insert_batch
don't have recent enough glibc to make a good guess
total bytes used = 0
### Threads: 128
### n: 41652231
### m: 2430498273
>>> Begin -----------------------------
>>> Input_file /data/datasets/graphs/twitter/twitter-unique-undir.base.1.adj
>>> Batch_file /data/datasets/graphs/twitter/twitter-unique-undir.dynamic.1.el
>>> Batch_num 10
>>> Batch_size 1
>>> Alg PageRank 
>>> Res: 
0.000001 9.297664
0.000006 9.237578
0.000004 9.255860
0.000004 8.979786
0.000006 9.045910
0.000008 9.076932
0.000015 9.602168
0.000006 9.578211
0.000011 9.498553
0.000008 10.730092
>>> End -----------------------------
--- scripts:  program finish, took 701
--- scripts:  Running run_dhb on twitter-unique-undir (prefix: twitter) with batch size 1 and algorithm labelpropagation
### Graph: /data/datasets/graphs/twitter/twitter-unique-undir.base.1.adj
### GRAPH API ###
n is suppoted as a function
m is stored
the graph is symmetric
degree is supported
supports basic map
map_neighbors_early_exit is supported
supports insert_batch
don't have recent enough glibc to make a good guess
total bytes used = 0
### Threads: 128
### n: 41652231
### m: 2430498273
>>> Begin -----------------------------
>>> Input_file /data/datasets/graphs/twitter/twitter-unique-undir.base.1.adj
>>> Batch_file /data/datasets/graphs/twitter/twitter-unique-undir.dynamic.1.el
>>> Batch_num 10
>>> Batch_size 1
>>> Alg LabelPropagation 
>>> Res: 
0.000002 1.131589
0.000005 1.005271
0.000004 1.015590
0.000007 1.009073
0.000004 1.009063
0.000004 1.013092
0.000005 0.997744
0.000006 1.012301
0.000004 1.011575
0.000004 1.007174
>>> End -----------------------------
--- scripts:  program finish, took 378
--- scripts:  Running run_dhb on twitter-unique-undir (prefix: twitter) with batch size 1 and algorithm wbfs
### Graph: /data/datasets/graphs/twitter/twitter-unique-undir.base.1.adj
### GRAPH API ###
n is suppoted as a function
m is stored
the graph is symmetric
degree is supported
supports basic map
map_neighbors_early_exit is supported
supports insert_batch
don't have recent enough glibc to make a good guess
total bytes used = 0
### Threads: 128
### n: 41652231
### m: 2430498273
>>> Begin -----------------------------
>>> Input_file /data/datasets/graphs/twitter/twitter-unique-undir.base.1.adj
>>> Batch_file /data/datasets/graphs/twitter/twitter-unique-undir.dynamic.1.el
>>> Batch_num 10
>>> Batch_size 1
>>> Alg wBFS_unweighted 
>>> Res: 
0.000002 28.724179
0.000004 28.309940
0.000003 27.906796
0.000005 27.366632
0.000006 27.476292
0.000004 27.460091
0.000005 27.616310
0.000005 27.475458
0.000009 27.516686
0.000005 27.356965
>>> End -----------------------------
--- scripts:  program finish, took 1445
--- scripts:  Running run_dhb on com-friendster (prefix: friend) with batch size 1 and algorithm bfs
### Graph: /data/datasets/graphs/friend/com-friendster.base.1.adj
### GRAPH API ###
n is suppoted as a function
m is stored
the graph is symmetric
degree is supported
supports basic map
map_neighbors_early_exit is supported
supports insert_batch
don't have recent enough glibc to make a good guess
total bytes used = 0
### Threads: 128
### n: 2586147870
### m: 3698831638
>>> Begin -----------------------------
>>> Input_file /data/datasets/graphs/friend/com-friendster.base.1.adj
>>> Batch_file /data/datasets/graphs/friend/com-friendster.dynamic.1.el
>>> Batch_num 10
>>> Batch_size 1
>>> Alg BFS 
>>> Res: 
0.000003 2.715552
0.000003 2.507820
0.000003 2.523160
0.000003 2.499778
0.000004 2.513235
0.000003 2.517540
0.000004 2.517092
0.000004 2.505624
0.000003 2.514293
0.000004 2.537542
>>> End -----------------------------
--- scripts:  program finish, took 756
--- scripts:  Running run_dhb on com-friendster (prefix: friend) with batch size 1 and algorithm pagerank
### Graph: /data/datasets/graphs/friend/com-friendster.base.1.adj
### GRAPH API ###
n is suppoted as a function
m is stored
the graph is symmetric
degree is supported
supports basic map
map_neighbors_early_exit is supported
supports insert_batch
don't have recent enough glibc to make a good guess
total bytes used = 0
### Threads: 128
### n: 2586147870
### m: 3698831638
>>> Begin -----------------------------
>>> Input_file /data/datasets/graphs/friend/com-friendster.base.1.adj
>>> Batch_file /data/datasets/graphs/friend/com-friendster.dynamic.1.el
>>> Batch_num 10
>>> Batch_size 1
>>> Alg PageRank 
>>> Res: 
0.000002 20.765456
0.000006 22.166896
0.000011 24.902980
0.000011 23.841426
0.000008 25.818882
0.000012 23.263774
0.000006 25.016914
0.000006 20.187379
0.000013 22.581826
0.000011 23.082157
>>> End -----------------------------
--- scripts:  program finish, took 1596
--- scripts:  Running run_dhb on com-friendster (prefix: friend) with batch size 1 and algorithm labelpropagation
### Graph: /data/datasets/graphs/friend/com-friendster.base.1.adj
### GRAPH API ###
n is suppoted as a function
m is stored
the graph is symmetric
degree is supported
supports basic map
map_neighbors_early_exit is supported
supports insert_batch
don't have recent enough glibc to make a good guess
total bytes used = 0
### Threads: 128
### n: 2586147870
### m: 3698831638
>>> Begin -----------------------------
>>> Input_file /data/datasets/graphs/friend/com-friendster.base.1.adj
>>> Batch_file /data/datasets/graphs/friend/com-friendster.dynamic.1.el
>>> Batch_num 10
>>> Batch_size 1
>>> Alg LabelPropagation 
>>> Res: 
0.000005 3.580883
0.000003 2.992767
0.000003 2.964571
0.000003 3.001447
0.000003 2.924616
0.000005 2.979855
0.000003 3.000473
0.000004 2.989367
0.000004 2.992535
0.000003 2.917081
>>> End -----------------------------
--- scripts:  program finish, took 797
--- scripts:  Running run_dhb on com-friendster (prefix: friend) with batch size 1 and algorithm wbfs
### Graph: /data/datasets/graphs/friend/com-friendster.base.1.adj
### GRAPH API ###
n is suppoted as a function
m is stored
the graph is symmetric
degree is supported
supports basic map
map_neighbors_early_exit is supported
supports insert_batch
don't have recent enough glibc to make a good guess
total bytes used = 0
### Threads: 128
### n: 2586147870
### m: 3698831638
>>> Begin -----------------------------
>>> Input_file /data/datasets/graphs/friend/com-friendster.base.1.adj
>>> Batch_file /data/datasets/graphs/friend/com-friendster.dynamic.1.el
>>> Batch_num 10
>>> Batch_size 1
>>> Alg wBFS_unweighted 
>>> Res: 
0.000003 49.791958
0.000010 49.711896
0.000004 48.827059
0.000004 48.591099
0.000004 48.269972
0.000004 48.181046
0.000003 47.716394
0.000004 47.779845
0.000006 47.958550
0.000005 47.795848
>>> End -----------------------------
--- scripts:  program finish, took 2604
--- scripts:  Running run_dhb on soc-LiveJournal1 (prefix: live-journal) with batch size 10 and algorithm bfs
### Graph: /data/datasets/graphs/live-journal/soc-LiveJournal1.base.10.adj
### GRAPH API ###
n is suppoted as a function
m is stored
the graph is symmetric
degree is supported
supports basic map
map_neighbors_early_exit is supported
supports insert_batch
don't have recent enough glibc to make a good guess
total bytes used = 0
### Threads: 128
### n: 4847571
### m: 86220756
>>> Begin -----------------------------
>>> Input_file /data/datasets/graphs/live-journal/soc-LiveJournal1.base.10.adj
>>> Batch_file /data/datasets/graphs/live-journal/soc-LiveJournal1.dynamic.10.el
>>> Batch_num 10
>>> Batch_size 10
>>> Alg BFS 
>>> Res: 
0.000005 0.017093
0.000010 0.013864
0.000013 0.015109
0.000012 0.013906
0.000016 0.014339
0.000032 0.013909
0.000108 0.013685
0.000030 0.013639
0.000010 0.013685
0.000019 0.014346
>>> End -----------------------------
--- scripts:  program finish, took 11
--- scripts:  Running run_dhb on soc-LiveJournal1 (prefix: live-journal) with batch size 10 and algorithm pagerank
### Graph: /data/datasets/graphs/live-journal/soc-LiveJournal1.base.10.adj
### GRAPH API ###
n is suppoted as a function
m is stored
the graph is symmetric
degree is supported
supports basic map
map_neighbors_early_exit is supported
supports insert_batch
don't have recent enough glibc to make a good guess
total bytes used = 0
### Threads: 128
### n: 4847571
### m: 86220756
>>> Begin -----------------------------
>>> Input_file /data/datasets/graphs/live-journal/soc-LiveJournal1.base.10.adj
>>> Batch_file /data/datasets/graphs/live-journal/soc-LiveJournal1.dynamic.10.el
>>> Batch_num 10
>>> Batch_size 10
>>> Alg PageRank 
>>> Res: 
0.000005 0.466369
0.000017 0.455423
0.000166 0.455595
0.000014 0.456157
0.000017 0.459918
0.000037 0.456543
0.000187 0.455209
0.000064 0.457938
0.000016 0.456305
0.000014 0.456180
>>> End -----------------------------
--- scripts:  program finish, took 30
--- scripts:  Running run_dhb on soc-LiveJournal1 (prefix: live-journal) with batch size 10 and algorithm labelpropagation
### Graph: /data/datasets/graphs/live-journal/soc-LiveJournal1.base.10.adj
### GRAPH API ###
n is suppoted as a function
m is stored
the graph is symmetric
degree is supported
supports basic map
map_neighbors_early_exit is supported
supports insert_batch
don't have recent enough glibc to make a good guess
total bytes used = 0
### Threads: 128
### n: 4847571
### m: 86220756
>>> Begin -----------------------------
>>> Input_file /data/datasets/graphs/live-journal/soc-LiveJournal1.base.10.adj
>>> Batch_file /data/datasets/graphs/live-journal/soc-LiveJournal1.dynamic.10.el
>>> Batch_num 10
>>> Batch_size 10
>>> Alg LabelPropagation 
>>> Res: 
0.000006 0.048632
0.000014 0.041068
0.000119 0.041619
0.000014 0.041269
0.000016 0.041192
0.000027 0.041084
0.000147 0.041169
0.000016 0.042660
0.000013 0.041085
0.000027 0.040734
>>> End -----------------------------
--- scripts:  program finish, took 11
--- scripts:  Running run_dhb on soc-LiveJournal1 (prefix: live-journal) with batch size 10 and algorithm wbfs
### Graph: /data/datasets/graphs/live-journal/soc-LiveJournal1.base.10.adj
### GRAPH API ###
n is suppoted as a function
m is stored
the graph is symmetric
degree is supported
supports basic map
map_neighbors_early_exit is supported
supports insert_batch
don't have recent enough glibc to make a good guess
total bytes used = 0
### Threads: 128
### n: 4847571
### m: 86220756
>>> Begin -----------------------------
>>> Input_file /data/datasets/graphs/live-journal/soc-LiveJournal1.base.10.adj
>>> Batch_file /data/datasets/graphs/live-journal/soc-LiveJournal1.dynamic.10.el
>>> Batch_num 10
>>> Batch_size 10
>>> Alg wBFS_unweighted 
>>> Res: 
0.000004 4.779768
0.000009 4.770990
0.000046 4.786222
0.000060 4.784436
0.000027 4.778593
0.000030 4.828035
0.000203 4.795660
0.000062 4.872560
0.000023 4.855431
0.000043 4.846926
>>> End -----------------------------
--- scripts:  program finish, took 204
--- scripts:  Running run_dhb on com-orkut.ungraph (prefix: orkut) with batch size 10 and algorithm bfs
### Graph: /data/datasets/graphs/orkut/com-orkut.ungraph.base.10.adj
### GRAPH API ###
n is suppoted as a function
m is stored
the graph is symmetric
degree is supported
supports basic map
map_neighbors_early_exit is supported
supports insert_batch
don't have recent enough glibc to make a good guess
total bytes used = 0
### Threads: 128
### n: 3072627
### m: 234370066
>>> Begin -----------------------------
>>> Input_file /data/datasets/graphs/orkut/com-orkut.ungraph.base.10.adj
>>> Batch_file /data/datasets/graphs/orkut/com-orkut.ungraph.dynamic.10.el
>>> Batch_num 10
>>> Batch_size 10
>>> Alg BFS 
>>> Res: 
0.000004 0.011562
0.000008 0.007638
0.000008 0.007306
0.000010 0.007285
0.000006 0.007445
0.000008 0.008495
0.000006 0.007382
0.000008 0.007386
0.000008 0.007280
0.000012 0.007267
>>> End -----------------------------
--- scripts:  program finish, took 32
--- scripts:  Running run_dhb on com-orkut.ungraph (prefix: orkut) with batch size 10 and algorithm pagerank
### Graph: /data/datasets/graphs/orkut/com-orkut.ungraph.base.10.adj
### GRAPH API ###
n is suppoted as a function
m is stored
the graph is symmetric
degree is supported
supports basic map
map_neighbors_early_exit is supported
supports insert_batch
don't have recent enough glibc to make a good guess
total bytes used = 0
### Threads: 128
### n: 3072627
### m: 234370066
>>> Begin -----------------------------
>>> Input_file /data/datasets/graphs/orkut/com-orkut.ungraph.base.10.adj
>>> Batch_file /data/datasets/graphs/orkut/com-orkut.ungraph.dynamic.10.el
>>> Batch_num 10
>>> Batch_size 10
>>> Alg PageRank 
>>> Res: 
0.000003 0.679224
0.000012 0.690365
0.000015 0.710551
0.000016 0.681675
0.000010 0.718377
0.000014 0.649261
0.000019 0.651630
0.000014 0.644798
0.000014 0.683032
0.000019 0.707470
>>> End -----------------------------
--- scripts:  program finish, took 58
--- scripts:  Running run_dhb on com-orkut.ungraph (prefix: orkut) with batch size 10 and algorithm labelpropagation
### Graph: /data/datasets/graphs/orkut/com-orkut.ungraph.base.10.adj
### GRAPH API ###
n is suppoted as a function
m is stored
the graph is symmetric
degree is supported
supports basic map
map_neighbors_early_exit is supported
supports insert_batch
don't have recent enough glibc to make a good guess
total bytes used = 0
### Threads: 128
### n: 3072627
### m: 234370066
>>> Begin -----------------------------
>>> Input_file /data/datasets/graphs/orkut/com-orkut.ungraph.base.10.adj
>>> Batch_file /data/datasets/graphs/orkut/com-orkut.ungraph.dynamic.10.el
>>> Batch_num 10
>>> Batch_size 10
>>> Alg LabelPropagation 
>>> Res: 
0.000005 0.081243
0.000009 0.076583
0.000009 0.077234
0.000015 0.077591
0.000008 0.076728
0.000012 0.076418
0.000010 0.076481
0.000013 0.076535
0.000013 0.076370
0.000016 0.076302
>>> End -----------------------------
--- scripts:  program finish, took 34
--- scripts:  Running run_dhb on com-orkut.ungraph (prefix: orkut) with batch size 10 and algorithm wbfs
### Graph: /data/datasets/graphs/orkut/com-orkut.ungraph.base.10.adj
### GRAPH API ###
n is suppoted as a function
m is stored
the graph is symmetric
degree is supported
supports basic map
map_neighbors_early_exit is supported
supports insert_batch
don't have recent enough glibc to make a good guess
total bytes used = 0
### Threads: 128
### n: 3072627
### m: 234370066
>>> Begin -----------------------------
>>> Input_file /data/datasets/graphs/orkut/com-orkut.ungraph.base.10.adj
>>> Batch_file /data/datasets/graphs/orkut/com-orkut.ungraph.dynamic.10.el
>>> Batch_num 10
>>> Batch_size 10
>>> Alg wBFS_unweighted 
>>> Res: 
0.000005 3.131083
0.000010 3.095913
0.000009 3.106601
0.000014 3.130807
0.000014 3.153083
0.000023 3.124465
0.000022 3.115184
0.000022 3.119758
0.000017 3.137062
0.000027 3.142397
>>> End -----------------------------
--- scripts:  program finish, took 159
--- scripts:  Running run_dhb on cit-Patents (prefix: cit-Patents) with batch size 10 and algorithm bfs
### Graph: /data/datasets/graphs/cit-Patents/cit-Patents.base.10.adj
### GRAPH API ###
n is suppoted as a function
m is stored
the graph is symmetric
degree is supported
supports basic map
map_neighbors_early_exit is supported
supports insert_batch
don't have recent enough glibc to make a good guess
total bytes used = 0
### Threads: 128
### n: 6009555
### m: 33037795
>>> Begin -----------------------------
>>> Input_file /data/datasets/graphs/cit-Patents/cit-Patents.base.10.adj
>>> Batch_file /data/datasets/graphs/cit-Patents/cit-Patents.dynamic.10.el
>>> Batch_num 10
>>> Batch_size 10
>>> Alg BFS 
>>> Res: 
0.000005 0.019918
0.000011 0.016614
0.000026 0.016661
0.000018 0.019393
0.000009 0.016469
0.000013 0.017342
0.000019 0.016402
0.000202 0.016342
0.000084 0.016406
0.000010 0.019588
>>> End -----------------------------
--- scripts:  program finish, took 4
--- scripts:  Running run_dhb on cit-Patents (prefix: cit-Patents) with batch size 10 and algorithm pagerank
### Graph: /data/datasets/graphs/cit-Patents/cit-Patents.base.10.adj
### GRAPH API ###
n is suppoted as a function
m is stored
the graph is symmetric
degree is supported
supports basic map
map_neighbors_early_exit is supported
supports insert_batch
don't have recent enough glibc to make a good guess
total bytes used = 0
### Threads: 128
### n: 6009555
### m: 33037795
>>> Begin -----------------------------
>>> Input_file /data/datasets/graphs/cit-Patents/cit-Patents.base.10.adj
>>> Batch_file /data/datasets/graphs/cit-Patents/cit-Patents.dynamic.10.el
>>> Batch_num 10
>>> Batch_size 10
>>> Alg PageRank 
>>> Res: 
0.000031 0.199710
0.000016 0.198679
0.000034 0.200854
0.000049 0.199960
0.000022 0.198793
0.000015 0.196933
0.000025 0.193972
0.000251 0.181608
0.000027 0.192118
0.000021 0.168725
>>> End -----------------------------
--- scripts:  program finish, took 11
--- scripts:  Running run_dhb on cit-Patents (prefix: cit-Patents) with batch size 10 and algorithm labelpropagation
### Graph: /data/datasets/graphs/cit-Patents/cit-Patents.base.10.adj
### GRAPH API ###
n is suppoted as a function
m is stored
the graph is symmetric
degree is supported
supports basic map
map_neighbors_early_exit is supported
supports insert_batch
don't have recent enough glibc to make a good guess
total bytes used = 0
### Threads: 128
### n: 6009555
### m: 33037795
>>> Begin -----------------------------
>>> Input_file /data/datasets/graphs/cit-Patents/cit-Patents.base.10.adj
>>> Batch_file /data/datasets/graphs/cit-Patents/cit-Patents.dynamic.10.el
>>> Batch_num 10
>>> Batch_size 10
>>> Alg LabelPropagation 
>>> Res: 
0.000005 0.031209
0.000089 0.024489
0.000058 0.024851
0.000071 0.024499
0.000016 0.025050
0.000013 0.025074
0.000018 0.024918
0.000185 0.025251
0.000029 0.025600
0.000011 0.024683
>>> End -----------------------------
--- scripts:  program finish, took 5
--- scripts:  Running run_dhb on cit-Patents (prefix: cit-Patents) with batch size 10 and algorithm wbfs
### Graph: /data/datasets/graphs/cit-Patents/cit-Patents.base.10.adj
### GRAPH API ###
n is suppoted as a function
m is stored
the graph is symmetric
degree is supported
supports basic map
map_neighbors_early_exit is supported
supports insert_batch
don't have recent enough glibc to make a good guess
total bytes used = 0
### Threads: 128
### n: 6009555
### m: 33037795
>>> Begin -----------------------------
>>> Input_file /data/datasets/graphs/cit-Patents/cit-Patents.base.10.adj
>>> Batch_file /data/datasets/graphs/cit-Patents/cit-Patents.dynamic.10.el
>>> Batch_num 10
>>> Batch_size 10
>>> Alg wBFS_unweighted 
>>> Res: 
0.000005 4.482260
0.000024 4.530413
0.000055 4.510050
0.000046 4.517706
0.000011 4.486492
0.000011 4.531167
0.000026 4.477362
0.000212 4.523777
0.000029 4.544588
0.000016 4.539820
>>> End -----------------------------
--- scripts:  program finish, took 184
--- scripts:  Running run_dhb on twitter-unique-undir (prefix: twitter) with batch size 10 and algorithm bfs
### Graph: /data/datasets/graphs/twitter/twitter-unique-undir.base.10.adj
### GRAPH API ###
n is suppoted as a function
m is stored
the graph is symmetric
degree is supported
supports basic map
map_neighbors_early_exit is supported
supports insert_batch
don't have recent enough glibc to make a good guess
total bytes used = 0
### Threads: 128
### n: 41652231
### m: 2430498183
>>> Begin -----------------------------
>>> Input_file /data/datasets/graphs/twitter/twitter-unique-undir.base.10.adj
>>> Batch_file /data/datasets/graphs/twitter/twitter-unique-undir.dynamic.10.el
>>> Batch_num 10
>>> Batch_size 10
>>> Alg BFS 
>>> Res: 
0.000013 0.146839
0.000018 0.116481
0.000016 0.115607
0.000017 0.116035
0.000019 0.115424
0.000024 0.117130
0.000019 0.116271
0.000019 0.114188
0.000052 0.115370
0.000020 0.116166
>>> End -----------------------------
--- scripts:  program finish, took 339
--- scripts:  Running run_dhb on twitter-unique-undir (prefix: twitter) with batch size 10 and algorithm pagerank
### Graph: /data/datasets/graphs/twitter/twitter-unique-undir.base.10.adj
### GRAPH API ###
n is suppoted as a function
m is stored
the graph is symmetric
degree is supported
supports basic map
map_neighbors_early_exit is supported
supports insert_batch
don't have recent enough glibc to make a good guess
total bytes used = 0
### Threads: 128
### n: 41652231
### m: 2430498183
>>> Begin -----------------------------
>>> Input_file /data/datasets/graphs/twitter/twitter-unique-undir.base.10.adj
>>> Batch_file /data/datasets/graphs/twitter/twitter-unique-undir.dynamic.10.el
>>> Batch_num 10
>>> Batch_size 10
>>> Alg PageRank 
>>> Res: 
0.000010 11.546311
0.000021 11.256855
0.000014 11.234730
0.000016 11.228030
0.000019 11.244694
0.000018 11.254341
0.000022 11.079784
0.000026 11.230906
0.000027 13.164467
0.000030 15.284567
>>> End -----------------------------
--- scripts:  program finish, took 800
--- scripts:  Running run_dhb on twitter-unique-undir (prefix: twitter) with batch size 10 and algorithm labelpropagation
### Graph: /data/datasets/graphs/twitter/twitter-unique-undir.base.10.adj
### GRAPH API ###
n is suppoted as a function
m is stored
the graph is symmetric
degree is supported
supports basic map
map_neighbors_early_exit is supported
supports insert_batch
don't have recent enough glibc to make a good guess
total bytes used = 0
### Threads: 128
### n: 41652231
### m: 2430498183
>>> Begin -----------------------------
>>> Input_file /data/datasets/graphs/twitter/twitter-unique-undir.base.10.adj
>>> Batch_file /data/datasets/graphs/twitter/twitter-unique-undir.dynamic.10.el
>>> Batch_num 10
>>> Batch_size 10
>>> Alg LabelPropagation 
>>> Res: 
0.000010 1.132255
0.000016 0.894431
0.000018 0.903769
0.000015 0.905687
0.000016 0.910891
0.000018 0.890569
0.000017 0.884257
0.000018 0.882050
0.000023 0.881633
0.000020 0.894514
>>> End -----------------------------
--- scripts:  program finish, took 369
--- scripts:  Running run_dhb on twitter-unique-undir (prefix: twitter) with batch size 10 and algorithm wbfs
### Graph: /data/datasets/graphs/twitter/twitter-unique-undir.base.10.adj
### GRAPH API ###
n is suppoted as a function
m is stored
the graph is symmetric
degree is supported
supports basic map
map_neighbors_early_exit is supported
supports insert_batch
don't have recent enough glibc to make a good guess
total bytes used = 0
### Threads: 128
### n: 41652231
### m: 2430498183
>>> Begin -----------------------------
>>> Input_file /data/datasets/graphs/twitter/twitter-unique-undir.base.10.adj
>>> Batch_file /data/datasets/graphs/twitter/twitter-unique-undir.dynamic.10.el
>>> Batch_num 10
>>> Batch_size 10
>>> Alg wBFS_unweighted 
>>> Res: 
0.000010 28.189921
0.000020 27.767138
0.000019 27.753828
0.000022 27.905674
0.000016 27.656800
0.000017 27.641604
0.000020 27.575376
0.000021 27.599710
0.000034 27.598952
0.000017 27.659959
>>> End -----------------------------
--- scripts:  program finish, took 1434
--- scripts:  Running run_dhb on com-friendster (prefix: friend) with batch size 10 and algorithm bfs
### Graph: /data/datasets/graphs/friend/com-friendster.base.10.adj
### GRAPH API ###
n is suppoted as a function
m is stored
the graph is symmetric
degree is supported
supports basic map
map_neighbors_early_exit is supported
supports insert_batch
don't have recent enough glibc to make a good guess
total bytes used = 0
### Threads: 128
### n: 2586147870
### m: 3698831548
>>> Begin -----------------------------
>>> Input_file /data/datasets/graphs/friend/com-friendster.base.10.adj
>>> Batch_file /data/datasets/graphs/friend/com-friendster.dynamic.10.el
>>> Batch_num 10
>>> Batch_size 10
>>> Alg BFS 
>>> Res: 
0.000025 2.734778
0.000013 2.036234
0.000025 2.055225
0.000019 2.037962
0.000029 2.039133
0.000060 2.044137
0.000030 2.048378
0.000019 2.040476
0.000024 2.041474
0.000027 2.034566
>>> End -----------------------------
--- scripts:  program finish, took 758
--- scripts:  Running run_dhb on com-friendster (prefix: friend) with batch size 10 and algorithm pagerank
### Graph: /data/datasets/graphs/friend/com-friendster.base.10.adj
### GRAPH API ###
n is suppoted as a function
m is stored
the graph is symmetric
degree is supported
supports basic map
map_neighbors_early_exit is supported
supports insert_batch
don't have recent enough glibc to make a good guess
total bytes used = 0
### Threads: 128
### n: 2586147870
### m: 3698831548
>>> Begin -----------------------------
>>> Input_file /data/datasets/graphs/friend/com-friendster.base.10.adj
>>> Batch_file /data/datasets/graphs/friend/com-friendster.dynamic.10.el
>>> Batch_num 10
>>> Batch_size 10
>>> Alg PageRank 
>>> Res: 
0.000017 28.229912
0.000022 29.305413
0.000021 29.766876
0.000019 32.586177
0.000030 29.442674
0.000113 22.313792
0.000017 29.801451
0.000021 25.559423
0.000023 25.696180
0.000060 28.998224
>>> End -----------------------------
--- scripts:  program finish, took 1776
--- scripts:  Running run_dhb on com-friendster (prefix: friend) with batch size 10 and algorithm labelpropagation
### Graph: /data/datasets/graphs/friend/com-friendster.base.10.adj
### GRAPH API ###
n is suppoted as a function
m is stored
the graph is symmetric
degree is supported
supports basic map
map_neighbors_early_exit is supported
supports insert_batch
don't have recent enough glibc to make a good guess
total bytes used = 0
### Threads: 128
### n: 2586147870
### m: 3698831548
>>> Begin -----------------------------
>>> Input_file /data/datasets/graphs/friend/com-friendster.base.10.adj
>>> Batch_file /data/datasets/graphs/friend/com-friendster.dynamic.10.el
>>> Batch_num 10
>>> Batch_size 10
>>> Alg LabelPropagation 
>>> Res: 
0.000011 5.013205
0.000013 4.704650
0.000015 4.640640
0.000017 4.739441
0.000016 4.677113
0.000134 4.725681
0.000022 4.704076
0.000015 4.704067
0.000020 4.720899
0.000030 4.729452
>>> End -----------------------------
--- scripts:  program finish, took 841
--- scripts:  Running run_dhb on com-friendster (prefix: friend) with batch size 10 and algorithm wbfs
### Graph: /data/datasets/graphs/friend/com-friendster.base.10.adj
### GRAPH API ###
n is suppoted as a function
m is stored
the graph is symmetric
degree is supported
supports basic map
map_neighbors_early_exit is supported
supports insert_batch
don't have recent enough glibc to make a good guess
total bytes used = 0
### Threads: 128
### n: 2586147870
### m: 3698831548
>>> Begin -----------------------------
>>> Input_file /data/datasets/graphs/friend/com-friendster.base.10.adj
>>> Batch_file /data/datasets/graphs/friend/com-friendster.dynamic.10.el
>>> Batch_num 10
>>> Batch_size 10
>>> Alg wBFS_unweighted 
>>> Res: 
0.000006 55.636066
0.000017 54.946125
0.000017 54.736156
0.000018 54.916639
0.000022 54.606197
0.000064 54.417451
0.000038 53.019885
0.000022 52.726309
0.000018 53.328804
0.000032 53.192536
>>> End -----------------------------
--- scripts:  program finish, took 2827
--- scripts:  Running run_dhb on soc-LiveJournal1 (prefix: live-journal) with batch size 100 and algorithm bfs
### Graph: /data/datasets/graphs/live-journal/soc-LiveJournal1.base.100.adj
### GRAPH API ###
n is suppoted as a function
m is stored
the graph is symmetric
degree is supported
supports basic map
map_neighbors_early_exit is supported
supports insert_batch
don't have recent enough glibc to make a good guess
total bytes used = 0
### Threads: 128
### n: 4847571
### m: 86219856
>>> Begin -----------------------------
>>> Input_file /data/datasets/graphs/live-journal/soc-LiveJournal1.base.100.adj
>>> Batch_file /data/datasets/graphs/live-journal/soc-LiveJournal1.dynamic.100.el
>>> Batch_num 10
>>> Batch_size 100
>>> Alg BFS 
>>> Res: 
0.000104 0.016513
0.000091 0.013931
0.000275 0.013633
0.000249 0.013683
0.000165 0.013787
0.000126 0.013644
0.000310 0.013649
0.000235 0.015204
0.000171 0.013712
0.000102 0.013838
>>> End -----------------------------
--- scripts:  program finish, took 11
--- scripts:  Running run_dhb on soc-LiveJournal1 (prefix: live-journal) with batch size 100 and algorithm pagerank
### Graph: /data/datasets/graphs/live-journal/soc-LiveJournal1.base.100.adj
### GRAPH API ###
n is suppoted as a function
m is stored
the graph is symmetric
degree is supported
supports basic map
map_neighbors_early_exit is supported
supports insert_batch
don't have recent enough glibc to make a good guess
total bytes used = 0
### Threads: 128
### n: 4847571
### m: 86219856
>>> Begin -----------------------------
>>> Input_file /data/datasets/graphs/live-journal/soc-LiveJournal1.base.100.adj
>>> Batch_file /data/datasets/graphs/live-journal/soc-LiveJournal1.dynamic.100.el
>>> Batch_num 10
>>> Batch_size 100
>>> Alg PageRank 
>>> Res: 
0.000093 0.467067
0.000243 0.465287
0.000286 0.458063
0.000386 0.458481
0.000229 0.460199
0.000200 0.459670
0.000369 0.460875
0.000251 0.462018
0.000293 0.461850
0.000162 0.461607
>>> End -----------------------------
--- scripts:  program finish, took 29
--- scripts:  Running run_dhb on soc-LiveJournal1 (prefix: live-journal) with batch size 100 and algorithm labelpropagation
### Graph: /data/datasets/graphs/live-journal/soc-LiveJournal1.base.100.adj
### GRAPH API ###
n is suppoted as a function
m is stored
the graph is symmetric
degree is supported
supports basic map
map_neighbors_early_exit is supported
supports insert_batch
don't have recent enough glibc to make a good guess
total bytes used = 0
### Threads: 128
### n: 4847571
### m: 86219856
>>> Begin -----------------------------
>>> Input_file /data/datasets/graphs/live-journal/soc-LiveJournal1.base.100.adj
>>> Batch_file /data/datasets/graphs/live-journal/soc-LiveJournal1.dynamic.100.el
>>> Batch_num 10
>>> Batch_size 100
>>> Alg LabelPropagation 
>>> Res: 
0.000189 0.047156
0.000260 0.042766
0.000275 0.041559
0.000321 0.042350
0.000182 0.041680
0.000139 0.041447
0.000298 0.041891
0.000246 0.041590
0.000244 0.042007
0.000160 0.042372
>>> End -----------------------------
--- scripts:  program finish, took 12
--- scripts:  Running run_dhb on soc-LiveJournal1 (prefix: live-journal) with batch size 100 and algorithm wbfs
### Graph: /data/datasets/graphs/live-journal/soc-LiveJournal1.base.100.adj
### GRAPH API ###
n is suppoted as a function
m is stored
the graph is symmetric
degree is supported
supports basic map
map_neighbors_early_exit is supported
supports insert_batch
don't have recent enough glibc to make a good guess
total bytes used = 0
### Threads: 128
### n: 4847571
### m: 86219856
>>> Begin -----------------------------
>>> Input_file /data/datasets/graphs/live-journal/soc-LiveJournal1.base.100.adj
>>> Batch_file /data/datasets/graphs/live-journal/soc-LiveJournal1.dynamic.100.el
>>> Batch_num 10
>>> Batch_size 100
>>> Alg wBFS_unweighted 
>>> Res: 
0.000107 4.702967
0.000276 4.709893
0.000309 4.743416
0.000429 4.726312
0.000206 4.692696
0.000217 4.733652
0.000557 4.695348
0.000317 4.644291
0.000325 4.638294
0.000345 4.647670
>>> End -----------------------------
--- scripts:  program finish, took 198
--- scripts:  Running run_dhb on com-orkut.ungraph (prefix: orkut) with batch size 100 and algorithm bfs
### Graph: /data/datasets/graphs/orkut/com-orkut.ungraph.base.100.adj
### GRAPH API ###
n is suppoted as a function
m is stored
the graph is symmetric
degree is supported
supports basic map
map_neighbors_early_exit is supported
supports insert_batch
don't have recent enough glibc to make a good guess
total bytes used = 0
### Threads: 128
### n: 3072627
### m: 234369166
>>> Begin -----------------------------
>>> Input_file /data/datasets/graphs/orkut/com-orkut.ungraph.base.100.adj
>>> Batch_file /data/datasets/graphs/orkut/com-orkut.ungraph.dynamic.100.el
>>> Batch_num 10
>>> Batch_size 100
>>> Alg BFS 
>>> Res: 
0.000054 0.010040
0.000057 0.007929
0.000021 0.007827
0.000048 0.007635
0.000045 0.007682
0.000068 0.007579
0.000045 0.008865
0.000062 0.007530
0.000024 0.007542
0.000022 0.007439
>>> End -----------------------------
--- scripts:  program finish, took 32
--- scripts:  Running run_dhb on com-orkut.ungraph (prefix: orkut) with batch size 100 and algorithm pagerank
### Graph: /data/datasets/graphs/orkut/com-orkut.ungraph.base.100.adj
### GRAPH API ###
n is suppoted as a function
m is stored
the graph is symmetric
degree is supported
supports basic map
map_neighbors_early_exit is supported
supports insert_batch
don't have recent enough glibc to make a good guess
total bytes used = 0
### Threads: 128
### n: 3072627
### m: 234369166
>>> Begin -----------------------------
>>> Input_file /data/datasets/graphs/orkut/com-orkut.ungraph.base.100.adj
>>> Batch_file /data/datasets/graphs/orkut/com-orkut.ungraph.dynamic.100.el
>>> Batch_num 10
>>> Batch_size 100
>>> Alg PageRank 
>>> Res: 
0.000049 0.718268
0.000097 0.741745
0.000033 0.708358
0.000068 0.685549
0.000098 0.731678
0.000090 0.708581
0.000065 0.694333
0.000098 0.732034
0.000032 0.747215
0.000034 0.725867
>>> End -----------------------------
--- scripts:  program finish, took 60
--- scripts:  Running run_dhb on com-orkut.ungraph (prefix: orkut) with batch size 100 and algorithm labelpropagation
### Graph: /data/datasets/graphs/orkut/com-orkut.ungraph.base.100.adj
### GRAPH API ###
n is suppoted as a function
m is stored
the graph is symmetric
degree is supported
supports basic map
map_neighbors_early_exit is supported
supports insert_batch
don't have recent enough glibc to make a good guess
total bytes used = 0
### Threads: 128
### n: 3072627
### m: 234369166
>>> Begin -----------------------------
>>> Input_file /data/datasets/graphs/orkut/com-orkut.ungraph.base.100.adj
>>> Batch_file /data/datasets/graphs/orkut/com-orkut.ungraph.dynamic.100.el
>>> Batch_num 10
>>> Batch_size 100
>>> Alg LabelPropagation 
>>> Res: 
0.000048 0.084337
0.000077 0.079829
0.000022 0.079626
0.000072 0.079395
0.000097 0.080579
0.000112 0.079855
0.000067 0.079622
0.000086 0.079885
0.000026 0.079483
0.000025 0.079745
>>> End -----------------------------
--- scripts:  program finish, took 34
--- scripts:  Running run_dhb on com-orkut.ungraph (prefix: orkut) with batch size 100 and algorithm wbfs
### Graph: /data/datasets/graphs/orkut/com-orkut.ungraph.base.100.adj
### GRAPH API ###
n is suppoted as a function
m is stored
the graph is symmetric
degree is supported
supports basic map
map_neighbors_early_exit is supported
supports insert_batch
don't have recent enough glibc to make a good guess
total bytes used = 0
### Threads: 128
### n: 3072627
### m: 234369166
>>> Begin -----------------------------
>>> Input_file /data/datasets/graphs/orkut/com-orkut.ungraph.base.100.adj
>>> Batch_file /data/datasets/graphs/orkut/com-orkut.ungraph.dynamic.100.el
>>> Batch_num 10
>>> Batch_size 100
>>> Alg wBFS_unweighted 
>>> Res: 
0.000082 3.130560
0.000094 3.166319
0.000034 3.166853
0.000069 3.155404
0.000168 3.153759
0.000132 3.149352
0.000088 3.144139
0.000106 3.153890
0.000050 3.155027
0.000077 3.229127
>>> End -----------------------------
--- scripts:  program finish, took 160
--- scripts:  Running run_dhb on cit-Patents (prefix: cit-Patents) with batch size 100 and algorithm bfs
### Graph: /data/datasets/graphs/cit-Patents/cit-Patents.base.100.adj
### GRAPH API ###
n is suppoted as a function
m is stored
the graph is symmetric
degree is supported
supports basic map
map_neighbors_early_exit is supported
supports insert_batch
don't have recent enough glibc to make a good guess
total bytes used = 0
### Threads: 128
### n: 6009555
### m: 33036895
>>> Begin -----------------------------
>>> Input_file /data/datasets/graphs/cit-Patents/cit-Patents.base.100.adj
>>> Batch_file /data/datasets/graphs/cit-Patents/cit-Patents.dynamic.100.el
>>> Batch_num 10
>>> Batch_size 100
>>> Alg BFS 
>>> Res: 
0.000158 0.020027
0.000282 0.016155
0.000288 0.016810
0.000273 0.016316
0.000422 0.016103
0.000332 0.016568
0.000213 0.016089
0.000160 0.016032
0.000295 0.015945
0.000348 0.016311
>>> End -----------------------------
--- scripts:  program finish, took 4
--- scripts:  Running run_dhb on cit-Patents (prefix: cit-Patents) with batch size 100 and algorithm pagerank
### Graph: /data/datasets/graphs/cit-Patents/cit-Patents.base.100.adj
### GRAPH API ###
n is suppoted as a function
m is stored
the graph is symmetric
degree is supported
supports basic map
map_neighbors_early_exit is supported
supports insert_batch
don't have recent enough glibc to make a good guess
total bytes used = 0
### Threads: 128
### n: 6009555
### m: 33036895
>>> Begin -----------------------------
>>> Input_file /data/datasets/graphs/cit-Patents/cit-Patents.base.100.adj
>>> Batch_file /data/datasets/graphs/cit-Patents/cit-Patents.dynamic.100.el
>>> Batch_num 10
>>> Batch_size 100
>>> Alg PageRank 
>>> Res: 
0.000178 0.197682
0.000336 0.194685
0.000307 0.197348
0.000264 0.193798
0.000464 0.194906
0.000314 0.195238
0.000270 0.197580
0.000228 0.199761
0.000408 0.201518
0.000504 0.183725
>>> End -----------------------------
--- scripts:  program finish, took 12
--- scripts:  Running run_dhb on cit-Patents (prefix: cit-Patents) with batch size 100 and algorithm labelpropagation
### Graph: /data/datasets/graphs/cit-Patents/cit-Patents.base.100.adj
### GRAPH API ###
n is suppoted as a function
m is stored
the graph is symmetric
degree is supported
supports basic map
map_neighbors_early_exit is supported
supports insert_batch
don't have recent enough glibc to make a good guess
total bytes used = 0
### Threads: 128
### n: 6009555
### m: 33036895
>>> Begin -----------------------------
>>> Input_file /data/datasets/graphs/cit-Patents/cit-Patents.base.100.adj
>>> Batch_file /data/datasets/graphs/cit-Patents/cit-Patents.dynamic.100.el
>>> Batch_num 10
>>> Batch_size 100
>>> Alg LabelPropagation 
>>> Res: 
0.000224 0.030819
0.000286 0.025539
0.000310 0.025015
0.000249 0.025434
0.000372 0.024967
0.000315 0.024299
0.000247 0.024830
0.000259 0.025116
0.000446 0.025362
0.000334 0.026343
>>> End -----------------------------
--- scripts:  program finish, took 4
--- scripts:  Running run_dhb on cit-Patents (prefix: cit-Patents) with batch size 100 and algorithm wbfs
### Graph: /data/datasets/graphs/cit-Patents/cit-Patents.base.100.adj
### GRAPH API ###
n is suppoted as a function
m is stored
the graph is symmetric
degree is supported
supports basic map
map_neighbors_early_exit is supported
supports insert_batch
don't have recent enough glibc to make a good guess
total bytes used = 0
### Threads: 128
### n: 6009555
### m: 33036895
>>> Begin -----------------------------
>>> Input_file /data/datasets/graphs/cit-Patents/cit-Patents.base.100.adj
>>> Batch_file /data/datasets/graphs/cit-Patents/cit-Patents.dynamic.100.el
>>> Batch_num 10
>>> Batch_size 100
>>> Alg wBFS_unweighted 
>>> Res: 
0.000235 4.605685
0.000451 4.583589
0.000325 4.634869
0.000279 4.713121
0.000672 4.656207
0.000409 4.605834
0.000463 4.625342
0.000291 4.586613
0.000602 4.575272
0.000522 4.588788
>>> End -----------------------------
--- scripts:  program finish, took 189
--- scripts:  Running run_dhb on twitter-unique-undir (prefix: twitter) with batch size 100 and algorithm bfs
### Graph: /data/datasets/graphs/twitter/twitter-unique-undir.base.100.adj
### GRAPH API ###
n is suppoted as a function
m is stored
the graph is symmetric
degree is supported
supports basic map
map_neighbors_early_exit is supported
supports insert_batch
don't have recent enough glibc to make a good guess
total bytes used = 0
### Threads: 128
### n: 41652231
### m: 2430497283
>>> Begin -----------------------------
>>> Input_file /data/datasets/graphs/twitter/twitter-unique-undir.base.100.adj
>>> Batch_file /data/datasets/graphs/twitter/twitter-unique-undir.dynamic.100.el
>>> Batch_num 10
>>> Batch_size 100
>>> Alg BFS 
>>> Res: 
0.000031 0.170755
0.000157 0.112756
0.000188 0.111789
0.000245 0.113057
0.000327 0.113799
0.000293 0.112483
0.000146 0.112181
0.000204 0.111556
0.000164 0.112293
0.000255 0.115250
>>> End -----------------------------
--- scripts:  program finish, took 345
--- scripts:  Running run_dhb on twitter-unique-undir (prefix: twitter) with batch size 100 and algorithm pagerank
### Graph: /data/datasets/graphs/twitter/twitter-unique-undir.base.100.adj
### GRAPH API ###
n is suppoted as a function
m is stored
the graph is symmetric
degree is supported
supports basic map
map_neighbors_early_exit is supported
supports insert_batch
don't have recent enough glibc to make a good guess
total bytes used = 0
### Threads: 128
### n: 41652231
### m: 2430497283
>>> Begin -----------------------------
>>> Input_file /data/datasets/graphs/twitter/twitter-unique-undir.base.100.adj
>>> Batch_file /data/datasets/graphs/twitter/twitter-unique-undir.dynamic.100.el
>>> Batch_num 10
>>> Batch_size 100
>>> Alg PageRank 
>>> Res: 
0.000029 9.412722
0.000188 9.045540
0.000179 8.868686
0.000564 8.720885
0.000143 8.699365
0.000240 8.692407
0.000128 8.575101
0.000118 8.567223
0.000081 8.588221
0.000287 8.127360
>>> End -----------------------------
--- scripts:  program finish, took 684
--- scripts:  Running run_dhb on twitter-unique-undir (prefix: twitter) with batch size 100 and algorithm labelpropagation
### Graph: /data/datasets/graphs/twitter/twitter-unique-undir.base.100.adj
### GRAPH API ###
n is suppoted as a function
m is stored
the graph is symmetric
degree is supported
supports basic map
map_neighbors_early_exit is supported
supports insert_batch
don't have recent enough glibc to make a good guess
total bytes used = 0
### Threads: 128
### n: 41652231
### m: 2430497283
>>> Begin -----------------------------
>>> Input_file /data/datasets/graphs/twitter/twitter-unique-undir.base.100.adj
>>> Batch_file /data/datasets/graphs/twitter/twitter-unique-undir.dynamic.100.el
>>> Batch_num 10
>>> Batch_size 100
>>> Alg LabelPropagation 
>>> Res: 
0.000029 1.090256
0.000151 0.993090
0.000200 0.978461
0.000100 0.968583
0.000224 0.967650
0.000250 0.969762
0.000111 0.962499
0.000127 0.958723
0.000043 0.957960
0.000240 0.961253
>>> End -----------------------------
--- scripts:  program finish, took 380
--- scripts:  Running run_dhb on twitter-unique-undir (prefix: twitter) with batch size 100 and algorithm wbfs
### Graph: /data/datasets/graphs/twitter/twitter-unique-undir.base.100.adj
### GRAPH API ###
n is suppoted as a function
m is stored
the graph is symmetric
degree is supported
supports basic map
map_neighbors_early_exit is supported
supports insert_batch
don't have recent enough glibc to make a good guess
total bytes used = 0
### Threads: 128
### n: 41652231
### m: 2430497283
>>> Begin -----------------------------
>>> Input_file /data/datasets/graphs/twitter/twitter-unique-undir.base.100.adj
>>> Batch_file /data/datasets/graphs/twitter/twitter-unique-undir.dynamic.100.el
>>> Batch_num 10
>>> Batch_size 100
>>> Alg wBFS_unweighted 
>>> Res: 
0.000023 28.519336
0.000073 28.179280
0.000097 28.133100
0.000105 28.177683
0.000156 28.042255
0.000112 27.963396
0.000108 27.896256
0.000116 28.021289
0.000049 27.980675
0.000118 27.935093
>>> End -----------------------------
--- scripts:  program finish, took 1449
--- scripts:  Running run_dhb on com-friendster (prefix: friend) with batch size 100 and algorithm bfs
### Graph: /data/datasets/graphs/friend/com-friendster.base.100.adj
### GRAPH API ###
n is suppoted as a function
m is stored
the graph is symmetric
degree is supported
supports basic map
map_neighbors_early_exit is supported
supports insert_batch
don't have recent enough glibc to make a good guess
total bytes used = 0
### Threads: 128
### n: 2586147870
### m: 3698830648
>>> Begin -----------------------------
>>> Input_file /data/datasets/graphs/friend/com-friendster.base.100.adj
>>> Batch_file /data/datasets/graphs/friend/com-friendster.dynamic.100.el
>>> Batch_num 10
>>> Batch_size 100
>>> Alg BFS 
>>> Res: 
0.000095 2.505594
0.000118 2.162152
0.000093 2.174049
0.000059 2.153513
0.000119 2.169161
0.000130 2.165909
0.000074 2.198793
0.000118 2.181526
0.000131 2.206826
0.000128 2.188260
>>> End -----------------------------
--- scripts:  program finish, took 764
--- scripts:  Running run_dhb on com-friendster (prefix: friend) with batch size 100 and algorithm pagerank
### Graph: /data/datasets/graphs/friend/com-friendster.base.100.adj
### GRAPH API ###
n is suppoted as a function
m is stored
the graph is symmetric
degree is supported
supports basic map
map_neighbors_early_exit is supported
supports insert_batch
don't have recent enough glibc to make a good guess
total bytes used = 0
### Threads: 128
### n: 2586147870
### m: 3698830648
>>> Begin -----------------------------
>>> Input_file /data/datasets/graphs/friend/com-friendster.base.100.adj
>>> Batch_file /data/datasets/graphs/friend/com-friendster.dynamic.100.el
>>> Batch_num 10
>>> Batch_size 100
>>> Alg PageRank 
>>> Res: 
0.000164 56.871229
0.000251 60.242571
0.000238 72.482055
0.000182 76.796390
0.000323 68.724717
0.000217 57.472734
0.000144 64.352569
0.000224 56.511741
0.000234 67.662551
0.000255 27.282626
>>> End -----------------------------
--- scripts:  program finish, took 3085
--- scripts:  Running run_dhb on com-friendster (prefix: friend) with batch size 100 and algorithm labelpropagation
### Graph: /data/datasets/graphs/friend/com-friendster.base.100.adj
### GRAPH API ###
n is suppoted as a function
m is stored
the graph is symmetric
degree is supported
supports basic map
map_neighbors_early_exit is supported
supports insert_batch
don't have recent enough glibc to make a good guess
total bytes used = 0
### Threads: 128
### n: 2586147870
### m: 3698830648
>>> Begin -----------------------------
>>> Input_file /data/datasets/graphs/friend/com-friendster.base.100.adj
>>> Batch_file /data/datasets/graphs/friend/com-friendster.dynamic.100.el
>>> Batch_num 10
>>> Batch_size 100
>>> Alg LabelPropagation 
>>> Res: 
0.000188 4.102652
0.000219 3.776129
0.000173 3.741109
0.000100 3.739846
0.000204 3.734731
0.000229 3.733664
0.000112 3.682885
0.000307 3.716854
0.000272 3.744713
0.000281 3.778667
>>> End -----------------------------
--- scripts:  program finish, took 823
--- scripts:  Running run_dhb on com-friendster (prefix: friend) with batch size 100 and algorithm wbfs
### Graph: /data/datasets/graphs/friend/com-friendster.base.100.adj
### GRAPH API ###
n is suppoted as a function
m is stored
the graph is symmetric
degree is supported
supports basic map
map_neighbors_early_exit is supported
supports insert_batch
don't have recent enough glibc to make a good guess
total bytes used = 0
### Threads: 128
### n: 2586147870
### m: 3698830648
>>> Begin -----------------------------
>>> Input_file /data/datasets/graphs/friend/com-friendster.base.100.adj
>>> Batch_file /data/datasets/graphs/friend/com-friendster.dynamic.100.el
>>> Batch_num 10
>>> Batch_size 100
>>> Alg wBFS_unweighted 
>>> Res: 
0.000139 54.882556
0.000162 54.717279
0.000145 54.529643
0.000135 53.804565
0.000191 52.651246
0.000159 53.383138
0.000081 53.860219
0.000227 54.228344
0.000229 53.915433
0.000203 53.777228
>>> End -----------------------------
--- scripts:  program finish, took 2841
--- scripts:  Running run_dhb on soc-LiveJournal1 (prefix: live-journal) with batch size 1000 and algorithm bfs
### Graph: /data/datasets/graphs/live-journal/soc-LiveJournal1.base.1000.adj
### GRAPH API ###
n is suppoted as a function
m is stored
the graph is symmetric
degree is supported
supports basic map
map_neighbors_early_exit is supported
supports insert_batch
don't have recent enough glibc to make a good guess
total bytes used = 0
### Threads: 128
### n: 4847571
### m: 86210856
>>> Begin -----------------------------
>>> Input_file /data/datasets/graphs/live-journal/soc-LiveJournal1.base.1000.adj
>>> Batch_file /data/datasets/graphs/live-journal/soc-LiveJournal1.dynamic.1000.el
>>> Batch_num 10
>>> Batch_size 1000
>>> Alg BFS 
>>> Res: 
0.000656 0.016677
0.000656 0.014134
0.000571 0.013763
0.000512 0.013498
0.000514 0.013950
0.000495 0.013985
0.000419 0.013696
0.000672 0.013758
0.000605 0.013754
0.000466 0.013489
>>> End -----------------------------
--- scripts:  program finish, took 11
--- scripts:  Running run_dhb on soc-LiveJournal1 (prefix: live-journal) with batch size 1000 and algorithm pagerank
### Graph: /data/datasets/graphs/live-journal/soc-LiveJournal1.base.1000.adj
### GRAPH API ###
n is suppoted as a function
m is stored
the graph is symmetric
degree is supported
supports basic map
map_neighbors_early_exit is supported
supports insert_batch
don't have recent enough glibc to make a good guess
total bytes used = 0
### Threads: 128
### n: 4847571
### m: 86210856
>>> Begin -----------------------------
>>> Input_file /data/datasets/graphs/live-journal/soc-LiveJournal1.base.1000.adj
>>> Batch_file /data/datasets/graphs/live-journal/soc-LiveJournal1.dynamic.1000.el
>>> Batch_num 10
>>> Batch_size 1000
>>> Alg PageRank 
>>> Res: 
0.000799 0.463591
0.000722 0.453584
0.000880 0.452304
0.000741 0.456041
0.000672 0.456272
0.000562 0.454101
0.000504 0.453909
0.000706 0.449083
0.000630 0.453236
0.000590 0.454052
>>> End -----------------------------
--- scripts:  program finish, took 29
--- scripts:  Running run_dhb on soc-LiveJournal1 (prefix: live-journal) with batch size 1000 and algorithm labelpropagation
### Graph: /data/datasets/graphs/live-journal/soc-LiveJournal1.base.1000.adj
### GRAPH API ###
n is suppoted as a function
m is stored
the graph is symmetric
degree is supported
supports basic map
map_neighbors_early_exit is supported
supports insert_batch
don't have recent enough glibc to make a good guess
total bytes used = 0
### Threads: 128
### n: 4847571
### m: 86210856
>>> Begin -----------------------------
>>> Input_file /data/datasets/graphs/live-journal/soc-LiveJournal1.base.1000.adj
>>> Batch_file /data/datasets/graphs/live-journal/soc-LiveJournal1.dynamic.1000.el
>>> Batch_num 10
>>> Batch_size 1000
>>> Alg LabelPropagation 
>>> Res: 
0.000708 0.046168
0.000722 0.042512
0.000642 0.041588
0.000701 0.041422
0.000583 0.040779
0.000678 0.040671
0.000491 0.041039
0.000595 0.042200
0.000614 0.041576
0.000657 0.040732
>>> End -----------------------------
--- scripts:  program finish, took 13
--- scripts:  Running run_dhb on soc-LiveJournal1 (prefix: live-journal) with batch size 1000 and algorithm wbfs
### Graph: /data/datasets/graphs/live-journal/soc-LiveJournal1.base.1000.adj
### GRAPH API ###
n is suppoted as a function
m is stored
the graph is symmetric
degree is supported
supports basic map
map_neighbors_early_exit is supported
supports insert_batch
don't have recent enough glibc to make a good guess
total bytes used = 0
### Threads: 128
### n: 4847571
### m: 86210856
>>> Begin -----------------------------
>>> Input_file /data/datasets/graphs/live-journal/soc-LiveJournal1.base.1000.adj
>>> Batch_file /data/datasets/graphs/live-journal/soc-LiveJournal1.dynamic.1000.el
>>> Batch_num 10
>>> Batch_size 1000
>>> Alg wBFS_unweighted 
>>> Res: 
0.000734 4.684316
0.000852 4.711590
0.000971 4.728879
0.001013 4.696849
0.000931 4.694797
0.001077 4.642094
0.000972 4.606591
0.000967 4.599489
0.001086 4.592519
0.000843 4.608529
>>> End -----------------------------
--- scripts:  program finish, took 197
--- scripts:  Running run_dhb on com-orkut.ungraph (prefix: orkut) with batch size 1000 and algorithm bfs
### Graph: /data/datasets/graphs/orkut/com-orkut.ungraph.base.1000.adj
### GRAPH API ###
n is suppoted as a function
m is stored
the graph is symmetric
degree is supported
supports basic map
map_neighbors_early_exit is supported
supports insert_batch
don't have recent enough glibc to make a good guess
total bytes used = 0
### Threads: 128
### n: 3072627
### m: 234360166
>>> Begin -----------------------------
>>> Input_file /data/datasets/graphs/orkut/com-orkut.ungraph.base.1000.adj
>>> Batch_file /data/datasets/graphs/orkut/com-orkut.ungraph.dynamic.1000.el
>>> Batch_num 10
>>> Batch_size 1000
>>> Alg BFS 
>>> Res: 
0.000341 0.010192
0.000312 0.008175
0.000313 0.008012
0.000233 0.007877
0.000331 0.007825
0.000419 0.007761
0.000251 0.008599
0.000283 0.008058
0.000314 0.007630
0.000334 0.007764
>>> End -----------------------------
--- scripts:  program finish, took 32
--- scripts:  Running run_dhb on com-orkut.ungraph (prefix: orkut) with batch size 1000 and algorithm pagerank
### Graph: /data/datasets/graphs/orkut/com-orkut.ungraph.base.1000.adj
### GRAPH API ###
n is suppoted as a function
m is stored
the graph is symmetric
degree is supported
supports basic map
map_neighbors_early_exit is supported
supports insert_batch
don't have recent enough glibc to make a good guess
total bytes used = 0
### Threads: 128
### n: 3072627
### m: 234360166
>>> Begin -----------------------------
>>> Input_file /data/datasets/graphs/orkut/com-orkut.ungraph.base.1000.adj
>>> Batch_file /data/datasets/graphs/orkut/com-orkut.ungraph.dynamic.1000.el
>>> Batch_num 10
>>> Batch_size 1000
>>> Alg PageRank 
>>> Res: 
0.000380 0.772025
0.000577 0.771429
0.000450 0.767398
0.000389 0.766556
0.000418 0.764828
0.000481 0.762410
0.000492 0.769000
0.000396 0.762536
0.000449 0.764732
0.000458 0.754223
>>> End -----------------------------
--- scripts:  program finish, took 63
--- scripts:  Running run_dhb on com-orkut.ungraph (prefix: orkut) with batch size 1000 and algorithm labelpropagation
### Graph: /data/datasets/graphs/orkut/com-orkut.ungraph.base.1000.adj
### GRAPH API ###
n is suppoted as a function
m is stored
the graph is symmetric
degree is supported
supports basic map
map_neighbors_early_exit is supported
supports insert_batch
don't have recent enough glibc to make a good guess
total bytes used = 0
### Threads: 128
### n: 3072627
### m: 234360166
>>> Begin -----------------------------
>>> Input_file /data/datasets/graphs/orkut/com-orkut.ungraph.base.1000.adj
>>> Batch_file /data/datasets/graphs/orkut/com-orkut.ungraph.dynamic.1000.el
>>> Batch_num 10
>>> Batch_size 1000
>>> Alg LabelPropagation 
>>> Res: 
0.000348 0.083072
0.000576 0.079980
0.000489 0.079795
0.000313 0.080102
0.000378 0.079805
0.000491 0.079896
0.000316 0.080618
0.000328 0.079623
0.000336 0.079584
0.000436 0.079503
>>> End -----------------------------
--- scripts:  program finish, took 34
--- scripts:  Running run_dhb on com-orkut.ungraph (prefix: orkut) with batch size 1000 and algorithm wbfs
### Graph: /data/datasets/graphs/orkut/com-orkut.ungraph.base.1000.adj
### GRAPH API ###
n is suppoted as a function
m is stored
the graph is symmetric
degree is supported
supports basic map
map_neighbors_early_exit is supported
supports insert_batch
don't have recent enough glibc to make a good guess
total bytes used = 0
### Threads: 128
### n: 3072627
### m: 234360166
>>> Begin -----------------------------
>>> Input_file /data/datasets/graphs/orkut/com-orkut.ungraph.base.1000.adj
>>> Batch_file /data/datasets/graphs/orkut/com-orkut.ungraph.dynamic.1000.el
>>> Batch_num 10
>>> Batch_size 1000
>>> Alg wBFS_unweighted 
>>> Res: 
0.000347 3.143832
0.000500 3.095951
0.000431 3.107956
0.000340 3.122364
0.000441 3.114930
0.000540 3.168001
0.000482 3.152334
0.000472 3.123810
0.000473 3.150332
0.000572 3.130274
>>> End -----------------------------
--- scripts:  program finish, took 158
--- scripts:  Running run_dhb on cit-Patents (prefix: cit-Patents) with batch size 1000 and algorithm bfs
### Graph: /data/datasets/graphs/cit-Patents/cit-Patents.base.1000.adj
### GRAPH API ###
n is suppoted as a function
m is stored
the graph is symmetric
degree is supported
supports basic map
map_neighbors_early_exit is supported
supports insert_batch
don't have recent enough glibc to make a good guess
total bytes used = 0
### Threads: 128
### n: 6009555
### m: 33027895
>>> Begin -----------------------------
>>> Input_file /data/datasets/graphs/cit-Patents/cit-Patents.base.1000.adj
>>> Batch_file /data/datasets/graphs/cit-Patents/cit-Patents.dynamic.1000.el
>>> Batch_num 10
>>> Batch_size 1000
>>> Alg BFS 
>>> Res: 
0.000884 0.020231
0.000980 0.017015
0.000676 0.016490
0.000621 0.018287
0.000631 0.017560
0.000595 0.015817
0.000335 0.015735
0.000421 0.016080
0.000333 0.015734
0.000334 0.015897
>>> End -----------------------------
--- scripts:  program finish, took 5
--- scripts:  Running run_dhb on cit-Patents (prefix: cit-Patents) with batch size 1000 and algorithm pagerank
### Graph: /data/datasets/graphs/cit-Patents/cit-Patents.base.1000.adj
### GRAPH API ###
n is suppoted as a function
m is stored
the graph is symmetric
degree is supported
supports basic map
map_neighbors_early_exit is supported
supports insert_batch
don't have recent enough glibc to make a good guess
total bytes used = 0
### Threads: 128
### n: 6009555
### m: 33027895
>>> Begin -----------------------------
>>> Input_file /data/datasets/graphs/cit-Patents/cit-Patents.base.1000.adj
>>> Batch_file /data/datasets/graphs/cit-Patents/cit-Patents.dynamic.1000.el
>>> Batch_num 10
>>> Batch_size 1000
>>> Alg PageRank 
>>> Res: 
0.000902 0.190805
0.001013 0.193701
0.000919 0.187164
0.000930 0.183319
0.000776 0.184790
0.000888 0.183242
0.000568 0.185467
0.000484 0.191204
0.000529 0.192896
0.000555 0.187403
>>> End -----------------------------
--- scripts:  program finish, took 11
--- scripts:  Running run_dhb on cit-Patents (prefix: cit-Patents) with batch size 1000 and algorithm labelpropagation
### Graph: /data/datasets/graphs/cit-Patents/cit-Patents.base.1000.adj
### GRAPH API ###
n is suppoted as a function
m is stored
the graph is symmetric
degree is supported
supports basic map
map_neighbors_early_exit is supported
supports insert_batch
don't have recent enough glibc to make a good guess
total bytes used = 0
### Threads: 128
### n: 6009555
### m: 33027895
>>> Begin -----------------------------
>>> Input_file /data/datasets/graphs/cit-Patents/cit-Patents.base.1000.adj
>>> Batch_file /data/datasets/graphs/cit-Patents/cit-Patents.dynamic.1000.el
>>> Batch_num 10
>>> Batch_size 1000
>>> Alg LabelPropagation 
>>> Res: 
0.000881 0.028396
0.000975 0.027175
0.000913 0.026004
0.000757 0.025530
0.000668 0.027719
0.000692 0.024983
0.000423 0.024954
0.000542 0.025103
0.000396 0.025656
0.000479 0.024466
>>> End -----------------------------
--- scripts:  program finish, took 5
--- scripts:  Running run_dhb on cit-Patents (prefix: cit-Patents) with batch size 1000 and algorithm wbfs
### Graph: /data/datasets/graphs/cit-Patents/cit-Patents.base.1000.adj
### GRAPH API ###
n is suppoted as a function
m is stored
the graph is symmetric
degree is supported
supports basic map
map_neighbors_early_exit is supported
supports insert_batch
don't have recent enough glibc to make a good guess
total bytes used = 0
### Threads: 128
### n: 6009555
### m: 33027895
>>> Begin -----------------------------
>>> Input_file /data/datasets/graphs/cit-Patents/cit-Patents.base.1000.adj
>>> Batch_file /data/datasets/graphs/cit-Patents/cit-Patents.dynamic.1000.el
>>> Batch_num 10
>>> Batch_size 1000
>>> Alg wBFS_unweighted 
>>> Res: 
0.001042 4.568436
0.001430 4.568383
0.001145 4.541309
0.001420 4.553275
0.001062 4.548724
0.000887 4.567424
0.000735 4.557831
0.000807 4.569786
0.000620 4.582893
0.000697 4.548380
>>> End -----------------------------
--- scripts:  program finish, took 186
--- scripts:  Running run_dhb on twitter-unique-undir (prefix: twitter) with batch size 1000 and algorithm bfs
### Graph: /data/datasets/graphs/twitter/twitter-unique-undir.base.1000.adj
### GRAPH API ###
n is suppoted as a function
m is stored
the graph is symmetric
degree is supported
supports basic map
map_neighbors_early_exit is supported
supports insert_batch
don't have recent enough glibc to make a good guess
total bytes used = 0
### Threads: 128
### n: 41652231
### m: 2430488283
>>> Begin -----------------------------
>>> Input_file /data/datasets/graphs/twitter/twitter-unique-undir.base.1000.adj
>>> Batch_file /data/datasets/graphs/twitter/twitter-unique-undir.dynamic.1000.el
>>> Batch_num 10
>>> Batch_size 1000
>>> Alg BFS 
>>> Res: 
0.000496 0.168435
0.000704 0.109477
0.000583 0.108159
0.000604 0.107332
0.000634 0.107919
0.000607 0.109211
0.000612 0.107689
0.000534 0.107718
0.000455 0.107260
0.000592 0.108714
>>> End -----------------------------
--- scripts:  program finish, took 344
--- scripts:  Running run_dhb on twitter-unique-undir (prefix: twitter) with batch size 1000 and algorithm pagerank
### Graph: /data/datasets/graphs/twitter/twitter-unique-undir.base.1000.adj
### GRAPH API ###
n is suppoted as a function
m is stored
the graph is symmetric
degree is supported
supports basic map
map_neighbors_early_exit is supported
supports insert_batch
don't have recent enough glibc to make a good guess
total bytes used = 0
### Threads: 128
### n: 41652231
### m: 2430488283
>>> Begin -----------------------------
>>> Input_file /data/datasets/graphs/twitter/twitter-unique-undir.base.1000.adj
>>> Batch_file /data/datasets/graphs/twitter/twitter-unique-undir.dynamic.1000.el
>>> Batch_num 10
>>> Batch_size 1000
>>> Alg PageRank 
>>> Res: 
0.000481 10.675246
0.000701 10.520200
0.000689 10.335281
0.000644 10.162714
0.000643 10.067713
0.000738 11.444230
0.000625 9.942246
0.000578 10.351965
0.000767 9.266395
0.000736 9.129828
>>> End -----------------------------
--- scripts:  program finish, took 742
--- scripts:  Running run_dhb on twitter-unique-undir (prefix: twitter) with batch size 1000 and algorithm labelpropagation
### Graph: /data/datasets/graphs/twitter/twitter-unique-undir.base.1000.adj
### GRAPH API ###
n is suppoted as a function
m is stored
the graph is symmetric
degree is supported
supports basic map
map_neighbors_early_exit is supported
supports insert_batch
don't have recent enough glibc to make a good guess
total bytes used = 0
### Threads: 128
### n: 41652231
### m: 2430488283
>>> Begin -----------------------------
>>> Input_file /data/datasets/graphs/twitter/twitter-unique-undir.base.1000.adj
>>> Batch_file /data/datasets/graphs/twitter/twitter-unique-undir.dynamic.1000.el
>>> Batch_num 10
>>> Batch_size 1000
>>> Alg LabelPropagation 
>>> Res: 
0.000480 1.104790
0.000818 0.964257
0.000657 0.955497
0.000664 0.957814
0.000580 0.961292
0.000498 0.939302
0.000566 0.925391
0.000584 0.923668
0.000558 0.928857
0.000472 0.924459
>>> End -----------------------------
--- scripts:  program finish, took 383
--- scripts:  Running run_dhb on twitter-unique-undir (prefix: twitter) with batch size 1000 and algorithm wbfs
### Graph: /data/datasets/graphs/twitter/twitter-unique-undir.base.1000.adj
### GRAPH API ###
n is suppoted as a function
m is stored
the graph is symmetric
degree is supported
supports basic map
map_neighbors_early_exit is supported
supports insert_batch
don't have recent enough glibc to make a good guess
total bytes used = 0
### Threads: 128
### n: 41652231
### m: 2430488283
>>> Begin -----------------------------
>>> Input_file /data/datasets/graphs/twitter/twitter-unique-undir.base.1000.adj
>>> Batch_file /data/datasets/graphs/twitter/twitter-unique-undir.dynamic.1000.el
>>> Batch_num 10
>>> Batch_size 1000
>>> Alg wBFS_unweighted 
>>> Res: 
0.000347 30.334014
0.000552 30.143454
0.000513 30.247402
0.000834 30.164105
0.000617 29.856128
0.000548 29.871433
0.000591 29.775812
0.000509 29.827510
0.000523 29.789833
0.000536 29.825845
>>> End -----------------------------
--- scripts:  program finish, took 1525
--- scripts:  Running run_dhb on com-friendster (prefix: friend) with batch size 1000 and algorithm bfs
### Graph: /data/datasets/graphs/friend/com-friendster.base.1000.adj
### GRAPH API ###
n is suppoted as a function
m is stored
the graph is symmetric
degree is supported
supports basic map
map_neighbors_early_exit is supported
supports insert_batch
don't have recent enough glibc to make a good guess
total bytes used = 0
### Threads: 128
### n: 2586147870
### m: 3698821648
>>> Begin -----------------------------
>>> Input_file /data/datasets/graphs/friend/com-friendster.base.1000.adj
>>> Batch_file /data/datasets/graphs/friend/com-friendster.dynamic.1000.el
>>> Batch_num 10
>>> Batch_size 1000
>>> Alg BFS 
>>> Res: 
0.000609 3.467691
0.000536 2.475393
0.000635 2.478344
0.000652 2.481878
0.000496 2.474846
0.000498 2.483149
0.000617 2.464446
0.001367 2.473471
0.000639 2.496293
0.000469 2.490675
>>> End -----------------------------
--- scripts:  program finish, took 783
--- scripts:  Running run_dhb on com-friendster (prefix: friend) with batch size 1000 and algorithm pagerank
### Graph: /data/datasets/graphs/friend/com-friendster.base.1000.adj
### GRAPH API ###
n is suppoted as a function
m is stored
the graph is symmetric
degree is supported
supports basic map
map_neighbors_early_exit is supported
supports insert_batch
don't have recent enough glibc to make a good guess
total bytes used = 0
### Threads: 128
### n: 2586147870
### m: 3698821648
>>> Begin -----------------------------
>>> Input_file /data/datasets/graphs/friend/com-friendster.base.1000.adj
>>> Batch_file /data/datasets/graphs/friend/com-friendster.dynamic.1000.el
>>> Batch_num 10
>>> Batch_size 1000
>>> Alg PageRank 
>>> Res: 
0.000591 58.524913
0.000802 57.764910
0.000804 57.611605
0.000642 57.822944
0.000761 57.614836
0.000847 57.636631
0.000764 57.549642
0.000722 57.654946
0.000640 27.736837
0.000628 31.508354
>>> End -----------------------------
--- scripts:  program finish, took 2721
--- scripts:  Running run_dhb on com-friendster (prefix: friend) with batch size 1000 and algorithm labelpropagation
### Graph: /data/datasets/graphs/friend/com-friendster.base.1000.adj
### GRAPH API ###
n is suppoted as a function
m is stored
the graph is symmetric
degree is supported
supports basic map
map_neighbors_early_exit is supported
supports insert_batch
don't have recent enough glibc to make a good guess
total bytes used = 0
### Threads: 128
### n: 2586147870
### m: 3698821648
>>> Begin -----------------------------
>>> Input_file /data/datasets/graphs/friend/com-friendster.base.1000.adj
>>> Batch_file /data/datasets/graphs/friend/com-friendster.dynamic.1000.el
>>> Batch_num 10
>>> Batch_size 1000
>>> Alg LabelPropagation 
>>> Res: 
0.000670 4.329766
0.000657 3.475635
0.000535 3.495430
0.000664 3.520679
0.000583 3.568081
0.000633 3.544298
0.000597 3.475176
0.000758 3.507402
0.000580 3.474420
0.000524 3.518633
>>> End -----------------------------
--- scripts:  program finish, took 843
--- scripts:  Running run_dhb on com-friendster (prefix: friend) with batch size 1000 and algorithm wbfs
### Graph: /data/datasets/graphs/friend/com-friendster.base.1000.adj
### GRAPH API ###
n is suppoted as a function
m is stored
the graph is symmetric
degree is supported
supports basic map
map_neighbors_early_exit is supported
supports insert_batch
don't have recent enough glibc to make a good guess
total bytes used = 0
### Threads: 128
### n: 2586147870
### m: 3698821648
>>> Begin -----------------------------
>>> Input_file /data/datasets/graphs/friend/com-friendster.base.1000.adj
>>> Batch_file /data/datasets/graphs/friend/com-friendster.dynamic.1000.el
>>> Batch_num 10
>>> Batch_size 1000
>>> Alg wBFS_unweighted 
>>> Res: 
0.000530 48.959161
0.000725 49.015567
0.000534 48.713351
0.000648 47.665893
0.000574 47.013905
0.000577 46.721326
0.000528 46.900976
0.000813 47.763483
0.000580 48.376045
0.000525 51.094788
>>> End -----------------------------
--- scripts:  program finish, took 2692
--- scripts:  Running run_dhb on soc-LiveJournal1 (prefix: live-journal) with batch size 10000 and algorithm bfs
### Graph: /data/datasets/graphs/live-journal/soc-LiveJournal1.base.10000.adj
### GRAPH API ###
n is suppoted as a function
m is stored
the graph is symmetric
degree is supported
supports basic map
map_neighbors_early_exit is supported
supports insert_batch
don't have recent enough glibc to make a good guess
total bytes used = 0
### Threads: 128
### n: 4847571
### m: 86120856
>>> Begin -----------------------------
>>> Input_file /data/datasets/graphs/live-journal/soc-LiveJournal1.base.10000.adj
>>> Batch_file /data/datasets/graphs/live-journal/soc-LiveJournal1.dynamic.10000.el
>>> Batch_num 10
>>> Batch_size 10000
>>> Alg BFS 
>>> Res: 
0.003962 0.016251
0.003003 0.014531
0.002612 0.014213
0.002462 0.014116
0.002359 0.014227
0.002201 0.013915
0.002074 0.014368
0.002182 0.014202
0.002168 0.014010
0.002161 0.014193
>>> End -----------------------------
--- scripts:  program finish, took 12
--- scripts:  Running run_dhb on soc-LiveJournal1 (prefix: live-journal) with batch size 10000 and algorithm pagerank
### Graph: /data/datasets/graphs/live-journal/soc-LiveJournal1.base.10000.adj
### GRAPH API ###
n is suppoted as a function
m is stored
the graph is symmetric
degree is supported
supports basic map
map_neighbors_early_exit is supported
supports insert_batch
don't have recent enough glibc to make a good guess
total bytes used = 0
### Threads: 128
### n: 4847571
### m: 86120856
>>> Begin -----------------------------
>>> Input_file /data/datasets/graphs/live-journal/soc-LiveJournal1.base.10000.adj
>>> Batch_file /data/datasets/graphs/live-journal/soc-LiveJournal1.dynamic.10000.el
>>> Batch_num 10
>>> Batch_size 10000
>>> Alg PageRank 
>>> Res: 
0.004196 0.458269
0.003341 0.451048
0.002899 0.446887
0.002605 0.449371
0.002575 0.448632
0.002415 0.451124
0.002289 0.450323
0.002206 0.451336
0.002241 0.450144
0.002189 0.449678
>>> End -----------------------------
--- scripts:  program finish, took 29
--- scripts:  Running run_dhb on soc-LiveJournal1 (prefix: live-journal) with batch size 10000 and algorithm labelpropagation
### Graph: /data/datasets/graphs/live-journal/soc-LiveJournal1.base.10000.adj
### GRAPH API ###
n is suppoted as a function
m is stored
the graph is symmetric
degree is supported
supports basic map
map_neighbors_early_exit is supported
supports insert_batch
don't have recent enough glibc to make a good guess
total bytes used = 0
### Threads: 128
### n: 4847571
### m: 86120856
>>> Begin -----------------------------
>>> Input_file /data/datasets/graphs/live-journal/soc-LiveJournal1.base.10000.adj
>>> Batch_file /data/datasets/graphs/live-journal/soc-LiveJournal1.dynamic.10000.el
>>> Batch_num 10
>>> Batch_size 10000
>>> Alg LabelPropagation 
>>> Res: 
0.004171 0.046541
0.003374 0.044521
0.002823 0.042457
0.002560 0.042649
0.002645 0.042764
0.002336 0.042394
0.002319 0.043640
0.002199 0.042651
0.002352 0.042555
0.003121 0.042528
>>> End -----------------------------
--- scripts:  program finish, took 12
--- scripts:  Running run_dhb on soc-LiveJournal1 (prefix: live-journal) with batch size 10000 and algorithm wbfs
### Graph: /data/datasets/graphs/live-journal/soc-LiveJournal1.base.10000.adj
### GRAPH API ###
n is suppoted as a function
m is stored
the graph is symmetric
degree is supported
supports basic map
map_neighbors_early_exit is supported
supports insert_batch
don't have recent enough glibc to make a good guess
total bytes used = 0
### Threads: 128
### n: 4847571
### m: 86120856
>>> Begin -----------------------------
>>> Input_file /data/datasets/graphs/live-journal/soc-LiveJournal1.base.10000.adj
>>> Batch_file /data/datasets/graphs/live-journal/soc-LiveJournal1.dynamic.10000.el
>>> Batch_num 10
>>> Batch_size 10000
>>> Alg wBFS_unweighted 
>>> Res: 
0.003864 4.701956
0.003279 4.729760
0.003537 4.717666
0.003835 4.694824
0.003025 4.676548
0.002847 4.676811
0.002643 4.670803
0.002826 4.672823
0.002756 4.656508
0.002792 4.684399
>>> End -----------------------------
--- scripts:  program finish, took 198
--- scripts:  Running run_dhb on com-orkut.ungraph (prefix: orkut) with batch size 10000 and algorithm bfs
### Graph: /data/datasets/graphs/orkut/com-orkut.ungraph.base.10000.adj
### GRAPH API ###
n is suppoted as a function
m is stored
the graph is symmetric
degree is supported
supports basic map
map_neighbors_early_exit is supported
supports insert_batch
don't have recent enough glibc to make a good guess
total bytes used = 0
### Threads: 128
### n: 3072627
### m: 234270166
>>> Begin -----------------------------
>>> Input_file /data/datasets/graphs/orkut/com-orkut.ungraph.base.10000.adj
>>> Batch_file /data/datasets/graphs/orkut/com-orkut.ungraph.dynamic.10000.el
>>> Batch_num 10
>>> Batch_size 10000
>>> Alg BFS 
>>> Res: 
0.002966 0.012341
0.002762 0.008068
0.002613 0.007784
0.002549 0.007555
0.002521 0.007585
0.002419 0.007664
0.002271 0.007657
0.002337 0.007884
0.002345 0.007644
0.002306 0.007635
>>> End -----------------------------
--- scripts:  program finish, took 32
--- scripts:  Running run_dhb on com-orkut.ungraph (prefix: orkut) with batch size 10000 and algorithm pagerank
### Graph: /data/datasets/graphs/orkut/com-orkut.ungraph.base.10000.adj
### GRAPH API ###
n is suppoted as a function
m is stored
the graph is symmetric
degree is supported
supports basic map
map_neighbors_early_exit is supported
supports insert_batch
don't have recent enough glibc to make a good guess
total bytes used = 0
### Threads: 128
### n: 3072627
### m: 234270166
>>> Begin -----------------------------
>>> Input_file /data/datasets/graphs/orkut/com-orkut.ungraph.base.10000.adj
>>> Batch_file /data/datasets/graphs/orkut/com-orkut.ungraph.dynamic.10000.el
>>> Batch_num 10
>>> Batch_size 10000
>>> Alg PageRank 
>>> Res: 
0.003752 0.814427
0.002919 0.812898
0.002950 0.812723
0.002805 0.811894
0.002769 0.808210
0.002603 0.807574
0.002597 0.804276
0.002471 0.808969
0.002680 0.804145
0.002477 0.786124
>>> End -----------------------------
--- scripts:  program finish, took 63
--- scripts:  Running run_dhb on com-orkut.ungraph (prefix: orkut) with batch size 10000 and algorithm labelpropagation
### Graph: /data/datasets/graphs/orkut/com-orkut.ungraph.base.10000.adj
### GRAPH API ###
n is suppoted as a function
m is stored
the graph is symmetric
degree is supported
supports basic map
map_neighbors_early_exit is supported
supports insert_batch
don't have recent enough glibc to make a good guess
total bytes used = 0
### Threads: 128
### n: 3072627
### m: 234270166
>>> Begin -----------------------------
>>> Input_file /data/datasets/graphs/orkut/com-orkut.ungraph.base.10000.adj
>>> Batch_file /data/datasets/graphs/orkut/com-orkut.ungraph.dynamic.10000.el
>>> Batch_num 10
>>> Batch_size 10000
>>> Alg LabelPropagation 
>>> Res: 
0.003044 0.081513
0.003090 0.079435
0.002786 0.079701
0.002719 0.079710
0.002664 0.079539
0.002440 0.079462
0.002470 0.079240
0.002415 0.079888
0.002452 0.079224
0.002395 0.078758
>>> End -----------------------------
--- scripts:  program finish, took 35
--- scripts:  Running run_dhb on com-orkut.ungraph (prefix: orkut) with batch size 10000 and algorithm wbfs
### Graph: /data/datasets/graphs/orkut/com-orkut.ungraph.base.10000.adj
### GRAPH API ###
n is suppoted as a function
m is stored
the graph is symmetric
degree is supported
supports basic map
map_neighbors_early_exit is supported
supports insert_batch
don't have recent enough glibc to make a good guess
total bytes used = 0
### Threads: 128
### n: 3072627
### m: 234270166
>>> Begin -----------------------------
>>> Input_file /data/datasets/graphs/orkut/com-orkut.ungraph.base.10000.adj
>>> Batch_file /data/datasets/graphs/orkut/com-orkut.ungraph.dynamic.10000.el
>>> Batch_num 10
>>> Batch_size 10000
>>> Alg wBFS_unweighted 
>>> Res: 
0.003316 3.134017
0.003419 3.158771
0.003742 3.147742
0.003450 3.115414
0.003294 3.118098
0.002948 3.137493
0.003062 3.136278
0.003430 3.143237
0.003474 3.141990
0.003300 3.120634
>>> End -----------------------------
--- scripts:  program finish, took 159
--- scripts:  Running run_dhb on cit-Patents (prefix: cit-Patents) with batch size 10000 and algorithm bfs
### Graph: /data/datasets/graphs/cit-Patents/cit-Patents.base.10000.adj
### GRAPH API ###
n is suppoted as a function
m is stored
the graph is symmetric
degree is supported
supports basic map
map_neighbors_early_exit is supported
supports insert_batch
don't have recent enough glibc to make a good guess
total bytes used = 0
### Threads: 128
### n: 6009555
### m: 32937895
>>> Begin -----------------------------
>>> Input_file /data/datasets/graphs/cit-Patents/cit-Patents.base.10000.adj
>>> Batch_file /data/datasets/graphs/cit-Patents/cit-Patents.dynamic.10000.el
>>> Batch_num 10
>>> Batch_size 10000
>>> Alg BFS 
>>> Res: 
0.003870 0.018819
0.002894 0.016403
0.002540 0.016938
0.002311 0.016299
0.002234 0.016851
0.002154 0.016594
0.002130 0.016396
0.002133 0.016313
0.002109 0.016348
0.002124 0.016361
>>> End -----------------------------
--- scripts:  program finish, took 4
--- scripts:  Running run_dhb on cit-Patents (prefix: cit-Patents) with batch size 10000 and algorithm pagerank
### Graph: /data/datasets/graphs/cit-Patents/cit-Patents.base.10000.adj
### GRAPH API ###
n is suppoted as a function
m is stored
the graph is symmetric
degree is supported
supports basic map
map_neighbors_early_exit is supported
supports insert_batch
don't have recent enough glibc to make a good guess
total bytes used = 0
### Threads: 128
### n: 6009555
### m: 32937895
>>> Begin -----------------------------
>>> Input_file /data/datasets/graphs/cit-Patents/cit-Patents.base.10000.adj
>>> Batch_file /data/datasets/graphs/cit-Patents/cit-Patents.dynamic.10000.el
>>> Batch_num 10
>>> Batch_size 10000
>>> Alg PageRank 
>>> Res: 
0.003989 0.201948
0.003129 0.205322
0.002877 0.204577
0.002452 0.205360
0.002346 0.201238
0.002190 0.198815
0.002181 0.204182
0.002239 0.197895
0.002195 0.196662
0.002135 0.184277
>>> End -----------------------------
--- scripts:  program finish, took 12
--- scripts:  Running run_dhb on cit-Patents (prefix: cit-Patents) with batch size 10000 and algorithm labelpropagation
### Graph: /data/datasets/graphs/cit-Patents/cit-Patents.base.10000.adj
### GRAPH API ###
n is suppoted as a function
m is stored
the graph is symmetric
degree is supported
supports basic map
map_neighbors_early_exit is supported
supports insert_batch
don't have recent enough glibc to make a good guess
total bytes used = 0
### Threads: 128
### n: 6009555
### m: 32937895
>>> Begin -----------------------------
>>> Input_file /data/datasets/graphs/cit-Patents/cit-Patents.base.10000.adj
>>> Batch_file /data/datasets/graphs/cit-Patents/cit-Patents.dynamic.10000.el
>>> Batch_num 10
>>> Batch_size 10000
>>> Alg LabelPropagation 
>>> Res: 
0.004003 0.028932
0.003123 0.026639
0.002678 0.027119
0.002490 0.026823
0.002368 0.027161
0.002211 0.026524
0.002175 0.027609
0.002141 0.026538
0.002150 0.027549
0.002274 0.026531
>>> End -----------------------------
--- scripts:  program finish, took 4
--- scripts:  Running run_dhb on cit-Patents (prefix: cit-Patents) with batch size 10000 and algorithm wbfs
### Graph: /data/datasets/graphs/cit-Patents/cit-Patents.base.10000.adj
### GRAPH API ###
n is suppoted as a function
m is stored
the graph is symmetric
degree is supported
supports basic map
map_neighbors_early_exit is supported
supports insert_batch
don't have recent enough glibc to make a good guess
total bytes used = 0
### Threads: 128
### n: 6009555
### m: 32937895
>>> Begin -----------------------------
>>> Input_file /data/datasets/graphs/cit-Patents/cit-Patents.base.10000.adj
>>> Batch_file /data/datasets/graphs/cit-Patents/cit-Patents.dynamic.10000.el
>>> Batch_num 10
>>> Batch_size 10000
>>> Alg wBFS_unweighted 
>>> Res: 
0.003919 4.568026
0.003517 4.559994
0.003443 4.571223
0.002988 4.592403
0.002614 4.555659
0.002653 4.567039
0.002612 4.548493
0.002496 4.540068
0.002439 4.538162
0.002602 4.546600
>>> End -----------------------------
--- scripts:  program finish, took 187
--- scripts:  Running run_dhb on twitter-unique-undir (prefix: twitter) with batch size 10000 and algorithm bfs
### Graph: /data/datasets/graphs/twitter/twitter-unique-undir.base.10000.adj
### GRAPH API ###
n is suppoted as a function
m is stored
the graph is symmetric
degree is supported
supports basic map
map_neighbors_early_exit is supported
supports insert_batch
don't have recent enough glibc to make a good guess
total bytes used = 0
### Threads: 128
### n: 41652231
### m: 2430398283
>>> Begin -----------------------------
>>> Input_file /data/datasets/graphs/twitter/twitter-unique-undir.base.10000.adj
>>> Batch_file /data/datasets/graphs/twitter/twitter-unique-undir.dynamic.10000.el
>>> Batch_num 10
>>> Batch_size 10000
>>> Alg BFS 
>>> Res: 
0.004028 0.174399
0.003510 0.098387
0.003382 0.099509
0.003308 0.098133
0.003165 0.099188
0.002958 0.098879
0.002733 0.098728
0.002906 0.101068
0.002739 0.098433
0.002538 0.098478
>>> End -----------------------------
--- scripts:  program finish, took 346
--- scripts:  Running run_dhb on twitter-unique-undir (prefix: twitter) with batch size 10000 and algorithm pagerank
### Graph: /data/datasets/graphs/twitter/twitter-unique-undir.base.10000.adj
### GRAPH API ###
n is suppoted as a function
m is stored
the graph is symmetric
degree is supported
supports basic map
map_neighbors_early_exit is supported
supports insert_batch
don't have recent enough glibc to make a good guess
total bytes used = 0
### Threads: 128
### n: 41652231
### m: 2430398283
>>> Begin -----------------------------
>>> Input_file /data/datasets/graphs/twitter/twitter-unique-undir.base.10000.adj
>>> Batch_file /data/datasets/graphs/twitter/twitter-unique-undir.dynamic.10000.el
>>> Batch_num 10
>>> Batch_size 10000
>>> Alg PageRank 
>>> Res: 
0.003939 9.236819
0.003332 8.955510
0.003322 8.803381
0.003403 8.714673
0.003317 8.462385
0.002913 8.214774
0.003048 8.064587
0.003199 7.845762
0.003392 7.579963
0.003514 7.514888
>>> End -----------------------------
--- scripts:  program finish, took 676
--- scripts:  Running run_dhb on twitter-unique-undir (prefix: twitter) with batch size 10000 and algorithm labelpropagation
### Graph: /data/datasets/graphs/twitter/twitter-unique-undir.base.10000.adj
### GRAPH API ###
n is suppoted as a function
m is stored
the graph is symmetric
degree is supported
supports basic map
map_neighbors_early_exit is supported
supports insert_batch
don't have recent enough glibc to make a good guess
total bytes used = 0
### Threads: 128
### n: 41652231
### m: 2430398283
>>> Begin -----------------------------
>>> Input_file /data/datasets/graphs/twitter/twitter-unique-undir.base.10000.adj
>>> Batch_file /data/datasets/graphs/twitter/twitter-unique-undir.dynamic.10000.el
>>> Batch_num 10
>>> Batch_size 10000
>>> Alg LabelPropagation 
>>> Res: 
0.003947 1.164807
0.003377 0.943126
0.003340 0.929180
0.003448 0.924767
0.003731 0.896772
0.002883 0.902559
0.002841 0.907696
0.002976 0.891834
0.002995 0.896511
0.002827 0.898846
>>> End -----------------------------
--- scripts:  program finish, took 384
--- scripts:  Running run_dhb on twitter-unique-undir (prefix: twitter) with batch size 10000 and algorithm wbfs
### Graph: /data/datasets/graphs/twitter/twitter-unique-undir.base.10000.adj
### GRAPH API ###
n is suppoted as a function
m is stored
the graph is symmetric
degree is supported
supports basic map
map_neighbors_early_exit is supported
supports insert_batch
don't have recent enough glibc to make a good guess
total bytes used = 0
### Threads: 128
### n: 41652231
### m: 2430398283
>>> Begin -----------------------------
>>> Input_file /data/datasets/graphs/twitter/twitter-unique-undir.base.10000.adj
>>> Batch_file /data/datasets/graphs/twitter/twitter-unique-undir.dynamic.10000.el
>>> Batch_num 10
>>> Batch_size 10000
>>> Alg wBFS_unweighted 
>>> Res: 
0.003389 27.384389
0.003107 27.131521
0.003518 27.281659
0.003821 27.560425
0.003636 26.949150
0.003583 26.809168
0.003571 26.831098
0.003356 26.641080
0.003575 26.515418
0.003497 26.547912
>>> End -----------------------------
--- scripts:  program finish, took 1408
--- scripts:  Running run_dhb on com-friendster (prefix: friend) with batch size 10000 and algorithm bfs
### Graph: /data/datasets/graphs/friend/com-friendster.base.10000.adj
### GRAPH API ###
n is suppoted as a function
m is stored
the graph is symmetric
degree is supported
supports basic map
map_neighbors_early_exit is supported
supports insert_batch
don't have recent enough glibc to make a good guess
total bytes used = 0
### Threads: 128
### n: 2586147870
### m: 3698731648
>>> Begin -----------------------------
>>> Input_file /data/datasets/graphs/friend/com-friendster.base.10000.adj
>>> Batch_file /data/datasets/graphs/friend/com-friendster.dynamic.10000.el
>>> Batch_num 10
>>> Batch_size 10000
>>> Alg BFS 
>>> Res: 
0.004351 3.235048
0.004125 1.857260
0.004412 1.816128
0.004087 1.842721
0.003510 1.851794
0.003661 1.857777
0.003643 1.842524
0.003548 1.826296
0.003560 1.858849
0.003149 1.840563
>>> End -----------------------------
--- scripts:  program finish, took 764
--- scripts:  Running run_dhb on com-friendster (prefix: friend) with batch size 10000 and algorithm pagerank
### Graph: /data/datasets/graphs/friend/com-friendster.base.10000.adj
### GRAPH API ###
n is suppoted as a function
m is stored
the graph is symmetric
degree is supported
supports basic map
map_neighbors_early_exit is supported
supports insert_batch
don't have recent enough glibc to make a good guess
total bytes used = 0
### Threads: 128
### n: 2586147870
### m: 3698731648
>>> Begin -----------------------------
>>> Input_file /data/datasets/graphs/friend/com-friendster.base.10000.adj
>>> Batch_file /data/datasets/graphs/friend/com-friendster.dynamic.10000.el
>>> Batch_num 10
>>> Batch_size 10000
>>> Alg PageRank 
>>> Res: 
0.003852 48.495814
0.004358 47.511427
0.004082 56.975718
0.003951 68.659418
0.004180 62.396357
0.003805 56.971890
0.003963 58.740931
0.004043 56.996596
0.003560 59.918273
0.003825 27.823476
>>> End -----------------------------
--- scripts:  program finish, took 2856
--- scripts:  Running run_dhb on com-friendster (prefix: friend) with batch size 10000 and algorithm labelpropagation
### Graph: /data/datasets/graphs/friend/com-friendster.base.10000.adj
### GRAPH API ###
n is suppoted as a function
m is stored
the graph is symmetric
degree is supported
supports basic map
map_neighbors_early_exit is supported
supports insert_batch
don't have recent enough glibc to make a good guess
total bytes used = 0
### Threads: 128
### n: 2586147870
### m: 3698731648
>>> Begin -----------------------------
>>> Input_file /data/datasets/graphs/friend/com-friendster.base.10000.adj
>>> Batch_file /data/datasets/graphs/friend/com-friendster.dynamic.10000.el
>>> Batch_num 10
>>> Batch_size 10000
>>> Alg LabelPropagation 
>>> Res: 
0.003760 3.930864
0.003729 3.214357
0.003553 3.220733
0.003296 3.243533
0.003536 3.258320
0.003400 3.180112
0.003485 3.288209
0.003391 3.239518
0.003213 3.236669
0.003051 3.254036
>>> End -----------------------------
--- scripts:  program finish, took 816
--- scripts:  Running run_dhb on com-friendster (prefix: friend) with batch size 10000 and algorithm wbfs
### Graph: /data/datasets/graphs/friend/com-friendster.base.10000.adj
### GRAPH API ###
n is suppoted as a function
m is stored
the graph is symmetric
degree is supported
supports basic map
map_neighbors_early_exit is supported
supports insert_batch
don't have recent enough glibc to make a good guess
total bytes used = 0
### Threads: 128
### n: 2586147870
### m: 3698731648
>>> Begin -----------------------------
>>> Input_file /data/datasets/graphs/friend/com-friendster.base.10000.adj
>>> Batch_file /data/datasets/graphs/friend/com-friendster.dynamic.10000.el
>>> Batch_num 10
>>> Batch_size 10000
>>> Alg wBFS_unweighted 
>>> Res: 
0.003729 48.936057
0.004120 49.634245
0.003626 49.618672
0.003786 50.052098
0.003938 49.471148
0.004572 50.040390
0.005200 48.760781
0.004246 48.645202
0.004349 47.987712
0.004726 48.403083
>>> End -----------------------------
--- scripts:  program finish, took 2684
--- scripts:  Running run_dhb on soc-LiveJournal1 (prefix: live-journal) with batch size 100000 and algorithm bfs
### Graph: /data/datasets/graphs/live-journal/soc-LiveJournal1.base.100000.adj
### GRAPH API ###
n is suppoted as a function
m is stored
the graph is symmetric
degree is supported
supports basic map
map_neighbors_early_exit is supported
supports insert_batch
don't have recent enough glibc to make a good guess
total bytes used = 0
### Threads: 128
### n: 4847571
### m: 85220856
>>> Begin -----------------------------
>>> Input_file /data/datasets/graphs/live-journal/soc-LiveJournal1.base.100000.adj
>>> Batch_file /data/datasets/graphs/live-journal/soc-LiveJournal1.dynamic.100000.el
>>> Batch_num 10
>>> Batch_size 100000
>>> Alg BFS 
>>> Res: 
0.006668 0.016136
0.003526 0.014559
0.003312 0.015372
0.003183 0.014010
0.003049 0.014009
0.003071 0.014105
0.003082 0.013871
0.003072 0.014021
0.003037 0.014141
0.003192 0.015559
>>> End -----------------------------
--- scripts:  program finish, took 12
--- scripts:  Running run_dhb on soc-LiveJournal1 (prefix: live-journal) with batch size 100000 and algorithm pagerank
### Graph: /data/datasets/graphs/live-journal/soc-LiveJournal1.base.100000.adj
### GRAPH API ###
n is suppoted as a function
m is stored
the graph is symmetric
degree is supported
supports basic map
map_neighbors_early_exit is supported
supports insert_batch
don't have recent enough glibc to make a good guess
total bytes used = 0
### Threads: 128
### n: 4847571
### m: 85220856
>>> Begin -----------------------------
>>> Input_file /data/datasets/graphs/live-journal/soc-LiveJournal1.base.100000.adj
>>> Batch_file /data/datasets/graphs/live-journal/soc-LiveJournal1.dynamic.100000.el
>>> Batch_num 10
>>> Batch_size 100000
>>> Alg PageRank 
>>> Res: 
0.007318 0.429304
0.003794 0.426317
0.003726 0.430335
0.003227 0.431730
0.003487 0.435217
0.003538 0.433455
0.003458 0.423170
0.003799 0.411824
0.003327 0.412313
0.003519 0.416516
>>> End -----------------------------
--- scripts:  program finish, took 28
--- scripts:  Running run_dhb on soc-LiveJournal1 (prefix: live-journal) with batch size 100000 and algorithm labelpropagation
### Graph: /data/datasets/graphs/live-journal/soc-LiveJournal1.base.100000.adj
### GRAPH API ###
n is suppoted as a function
m is stored
the graph is symmetric
degree is supported
supports basic map
map_neighbors_early_exit is supported
supports insert_batch
don't have recent enough glibc to make a good guess
total bytes used = 0
### Threads: 128
### n: 4847571
### m: 85220856
>>> Begin -----------------------------
>>> Input_file /data/datasets/graphs/live-journal/soc-LiveJournal1.base.100000.adj
>>> Batch_file /data/datasets/graphs/live-journal/soc-LiveJournal1.dynamic.100000.el
>>> Batch_num 10
>>> Batch_size 100000
>>> Alg LabelPropagation 
>>> Res: 
0.007161 0.047505
0.003749 0.046671
0.003534 0.044639
0.003389 0.044346
0.003361 0.045984
0.003463 0.044244
0.003527 0.045448
0.003644 0.044045
0.003463 0.045706
0.003356 0.044588
>>> End -----------------------------
--- scripts:  program finish, took 13
--- scripts:  Running run_dhb on soc-LiveJournal1 (prefix: live-journal) with batch size 100000 and algorithm wbfs
### Graph: /data/datasets/graphs/live-journal/soc-LiveJournal1.base.100000.adj
### GRAPH API ###
n is suppoted as a function
m is stored
the graph is symmetric
degree is supported
supports basic map
map_neighbors_early_exit is supported
supports insert_batch
don't have recent enough glibc to make a good guess
total bytes used = 0
### Threads: 128
### n: 4847571
### m: 85220856
>>> Begin -----------------------------
>>> Input_file /data/datasets/graphs/live-journal/soc-LiveJournal1.base.100000.adj
>>> Batch_file /data/datasets/graphs/live-journal/soc-LiveJournal1.dynamic.100000.el
>>> Batch_num 10
>>> Batch_size 100000
>>> Alg wBFS_unweighted 
>>> Res: 
0.007783 4.770178
0.004311 4.700170
0.004986 4.731454
0.007520 4.753882
0.006686 4.757388
0.006477 4.735442
0.005300 4.712288
0.006105 4.717969
0.006996 4.852595
0.008512 4.723116
>>> End -----------------------------
--- scripts:  program finish, took 202
--- scripts:  Running run_dhb on com-orkut.ungraph (prefix: orkut) with batch size 100000 and algorithm bfs
### Graph: /data/datasets/graphs/orkut/com-orkut.ungraph.base.100000.adj
### GRAPH API ###
n is suppoted as a function
m is stored
the graph is symmetric
degree is supported
supports basic map
map_neighbors_early_exit is supported
supports insert_batch
don't have recent enough glibc to make a good guess
total bytes used = 0
### Threads: 128
### n: 3072627
### m: 233370166
>>> Begin -----------------------------
>>> Input_file /data/datasets/graphs/orkut/com-orkut.ungraph.base.100000.adj
>>> Batch_file /data/datasets/graphs/orkut/com-orkut.ungraph.dynamic.100000.el
>>> Batch_num 10
>>> Batch_size 100000
>>> Alg BFS 
>>> Res: 
0.006430 0.011129
0.004362 0.008281
0.003759 0.008140
0.003598 0.008262
0.003873 0.008008
0.003554 0.008001
0.003309 0.007983
0.003232 0.008290
0.003339 0.007892
0.003250 0.008040
>>> End -----------------------------
--- scripts:  program finish, took 31
--- scripts:  Running run_dhb on com-orkut.ungraph (prefix: orkut) with batch size 100000 and algorithm pagerank
### Graph: /data/datasets/graphs/orkut/com-orkut.ungraph.base.100000.adj
### GRAPH API ###
n is suppoted as a function
m is stored
the graph is symmetric
degree is supported
supports basic map
map_neighbors_early_exit is supported
supports insert_batch
don't have recent enough glibc to make a good guess
total bytes used = 0
### Threads: 128
### n: 3072627
### m: 233370166
>>> Begin -----------------------------
>>> Input_file /data/datasets/graphs/orkut/com-orkut.ungraph.base.100000.adj
>>> Batch_file /data/datasets/graphs/orkut/com-orkut.ungraph.dynamic.100000.el
>>> Batch_num 10
>>> Batch_size 100000
>>> Alg PageRank 
>>> Res: 
0.006897 0.756057
0.004318 0.744274
0.004169 0.740629
0.003785 0.746619
0.003878 0.742255
0.003875 0.740911
0.003535 0.748027
0.004121 0.743454
0.003955 0.741435
0.004234 0.662552
>>> End -----------------------------
--- scripts:  program finish, took 62
--- scripts:  Running run_dhb on com-orkut.ungraph (prefix: orkut) with batch size 100000 and algorithm labelpropagation
### Graph: /data/datasets/graphs/orkut/com-orkut.ungraph.base.100000.adj
### GRAPH API ###
n is suppoted as a function
m is stored
the graph is symmetric
degree is supported
supports basic map
map_neighbors_early_exit is supported
supports insert_batch
don't have recent enough glibc to make a good guess
total bytes used = 0
### Threads: 128
### n: 3072627
### m: 233370166
>>> Begin -----------------------------
>>> Input_file /data/datasets/graphs/orkut/com-orkut.ungraph.base.100000.adj
>>> Batch_file /data/datasets/graphs/orkut/com-orkut.ungraph.dynamic.100000.el
>>> Batch_num 10
>>> Batch_size 100000
>>> Alg LabelPropagation 
>>> Res: 
0.006007 0.081154
0.004118 0.079955
0.003888 0.079867
0.003622 0.080496
0.003551 0.080195
0.003378 0.080112
0.003379 0.079970
0.003284 0.080172
0.003334 0.080001
0.003340 0.079935
>>> End -----------------------------
--- scripts:  program finish, took 35
--- scripts:  Running run_dhb on com-orkut.ungraph (prefix: orkut) with batch size 100000 and algorithm wbfs
### Graph: /data/datasets/graphs/orkut/com-orkut.ungraph.base.100000.adj
### GRAPH API ###
n is suppoted as a function
m is stored
the graph is symmetric
degree is supported
supports basic map
map_neighbors_early_exit is supported
supports insert_batch
don't have recent enough glibc to make a good guess
total bytes used = 0
### Threads: 128
### n: 3072627
### m: 233370166
>>> Begin -----------------------------
>>> Input_file /data/datasets/graphs/orkut/com-orkut.ungraph.base.100000.adj
>>> Batch_file /data/datasets/graphs/orkut/com-orkut.ungraph.dynamic.100000.el
>>> Batch_num 10
>>> Batch_size 100000
>>> Alg wBFS_unweighted 
>>> Res: 
0.007531 3.112709
0.004420 3.080602
0.004046 3.100098
0.004007 3.070584
0.003749 3.087286
0.004077 3.092983
0.004829 3.138455
0.007948 3.167629
0.009053 3.161525
0.010129 3.130007
>>> End -----------------------------
--- scripts:  program finish, took 158
--- scripts:  Running run_dhb on cit-Patents (prefix: cit-Patents) with batch size 100000 and algorithm bfs
### Graph: /data/datasets/graphs/cit-Patents/cit-Patents.base.100000.adj
### GRAPH API ###
n is suppoted as a function
m is stored
the graph is symmetric
degree is supported
supports basic map
map_neighbors_early_exit is supported
supports insert_batch
don't have recent enough glibc to make a good guess
total bytes used = 0
### Threads: 128
### n: 6009555
### m: 32037895
>>> Begin -----------------------------
>>> Input_file /data/datasets/graphs/cit-Patents/cit-Patents.base.100000.adj
>>> Batch_file /data/datasets/graphs/cit-Patents/cit-Patents.dynamic.100000.el
>>> Batch_num 10
>>> Batch_size 100000
>>> Alg BFS 
>>> Res: 
0.006257 0.017678
0.006155 0.017555
0.004980 0.017137
0.005104 0.016618
0.005043 0.016152
0.004963 0.016248
0.004954 0.016479
0.004937 0.016515
0.004894 0.016262
0.006845 0.016589
>>> End -----------------------------
--- scripts:  program finish, took 4
--- scripts:  Running run_dhb on cit-Patents (prefix: cit-Patents) with batch size 100000 and algorithm pagerank
### Graph: /data/datasets/graphs/cit-Patents/cit-Patents.base.100000.adj
### GRAPH API ###
n is suppoted as a function
m is stored
the graph is symmetric
degree is supported
supports basic map
map_neighbors_early_exit is supported
supports insert_batch
don't have recent enough glibc to make a good guess
total bytes used = 0
### Threads: 128
### n: 6009555
### m: 32037895
>>> Begin -----------------------------
>>> Input_file /data/datasets/graphs/cit-Patents/cit-Patents.base.100000.adj
>>> Batch_file /data/datasets/graphs/cit-Patents/cit-Patents.dynamic.100000.el
>>> Batch_num 10
>>> Batch_size 100000
>>> Alg PageRank 
>>> Res: 
0.005999 0.193510
0.004696 0.192472
0.004717 0.192987
0.004933 0.192874
0.004894 0.194553
0.004635 0.198209
0.004668 0.198022
0.004592 0.201042
0.004793 0.194240
0.004741 0.188795
>>> End -----------------------------
--- scripts:  program finish, took 12
--- scripts:  Running run_dhb on cit-Patents (prefix: cit-Patents) with batch size 100000 and algorithm labelpropagation
### Graph: /data/datasets/graphs/cit-Patents/cit-Patents.base.100000.adj
### GRAPH API ###
n is suppoted as a function
m is stored
the graph is symmetric
degree is supported
supports basic map
map_neighbors_early_exit is supported
supports insert_batch
don't have recent enough glibc to make a good guess
total bytes used = 0
### Threads: 128
### n: 6009555
### m: 32037895
>>> Begin -----------------------------
>>> Input_file /data/datasets/graphs/cit-Patents/cit-Patents.base.100000.adj
>>> Batch_file /data/datasets/graphs/cit-Patents/cit-Patents.dynamic.100000.el
>>> Batch_num 10
>>> Batch_size 100000
>>> Alg LabelPropagation 
>>> Res: 
0.005915 0.028456
0.004916 0.026423
0.004783 0.025782
0.004946 0.026177
0.005514 0.025893
0.004911 0.026031
0.004723 0.026170
0.004794 0.025778
0.006662 0.026099
0.004742 0.027184
>>> End -----------------------------
--- scripts:  program finish, took 4
--- scripts:  Running run_dhb on cit-Patents (prefix: cit-Patents) with batch size 100000 and algorithm wbfs
### Graph: /data/datasets/graphs/cit-Patents/cit-Patents.base.100000.adj
### GRAPH API ###
n is suppoted as a function
m is stored
the graph is symmetric
degree is supported
supports basic map
map_neighbors_early_exit is supported
supports insert_batch
don't have recent enough glibc to make a good guess
total bytes used = 0
### Threads: 128
### n: 6009555
### m: 32037895
>>> Begin -----------------------------
>>> Input_file /data/datasets/graphs/cit-Patents/cit-Patents.base.100000.adj
>>> Batch_file /data/datasets/graphs/cit-Patents/cit-Patents.dynamic.100000.el
>>> Batch_num 10
>>> Batch_size 100000
>>> Alg wBFS_unweighted 
>>> Res: 
0.005647 4.635657
0.005117 4.615817
0.004833 4.641104
0.004697 4.619431
0.005123 4.627561
0.004846 4.654012
0.005057 4.622659
0.004938 4.609521
0.004835 4.611330
0.005121 4.638318
>>> End -----------------------------
--- scripts:  program finish, took 189
--- scripts:  Running run_dhb on twitter-unique-undir (prefix: twitter) with batch size 100000 and algorithm bfs
### Graph: /data/datasets/graphs/twitter/twitter-unique-undir.base.100000.adj
### GRAPH API ###
n is suppoted as a function
m is stored
the graph is symmetric
degree is supported
supports basic map
map_neighbors_early_exit is supported
supports insert_batch
don't have recent enough glibc to make a good guess
total bytes used = 0
### Threads: 128
### n: 41652231
### m: 2429498283
>>> Begin -----------------------------
>>> Input_file /data/datasets/graphs/twitter/twitter-unique-undir.base.100000.adj
>>> Batch_file /data/datasets/graphs/twitter/twitter-unique-undir.dynamic.100000.el
>>> Batch_num 10
>>> Batch_size 100000
>>> Alg BFS 
>>> Res: 
0.010412 0.181104
0.007192 0.108242
0.006448 0.107237
0.006816 0.106099
0.005995 0.107066
0.006373 0.107937
0.006095 0.106656
0.005736 0.106777
0.005726 0.109525
0.005475 0.110576
>>> End -----------------------------
--- scripts:  program finish, took 341
--- scripts:  Running run_dhb on twitter-unique-undir (prefix: twitter) with batch size 100000 and algorithm pagerank
### Graph: /data/datasets/graphs/twitter/twitter-unique-undir.base.100000.adj
### GRAPH API ###
n is suppoted as a function
m is stored
the graph is symmetric
degree is supported
supports basic map
map_neighbors_early_exit is supported
supports insert_batch
don't have recent enough glibc to make a good guess
total bytes used = 0
### Threads: 128
### n: 41652231
### m: 2429498283
>>> Begin -----------------------------
>>> Input_file /data/datasets/graphs/twitter/twitter-unique-undir.base.100000.adj
>>> Batch_file /data/datasets/graphs/twitter/twitter-unique-undir.dynamic.100000.el
>>> Batch_num 10
>>> Batch_size 100000
>>> Alg PageRank 
>>> Res: 
0.008684 10.739101
0.004819 10.695061
0.004718 10.446542
0.005097 10.103639
0.006048 9.528861
0.006028 9.146432
0.007703 8.869062
0.007554 8.897958
0.009219 12.737560
0.011065 14.321762
>>> End -----------------------------
--- scripts:  program finish, took 760
--- scripts:  Running run_dhb on twitter-unique-undir (prefix: twitter) with batch size 100000 and algorithm labelpropagation
### Graph: /data/datasets/graphs/twitter/twitter-unique-undir.base.100000.adj
### GRAPH API ###
n is suppoted as a function
m is stored
the graph is symmetric
degree is supported
supports basic map
map_neighbors_early_exit is supported
supports insert_batch
don't have recent enough glibc to make a good guess
total bytes used = 0
### Threads: 128
### n: 41652231
### m: 2429498283
>>> Begin -----------------------------
>>> Input_file /data/datasets/graphs/twitter/twitter-unique-undir.base.100000.adj
>>> Batch_file /data/datasets/graphs/twitter/twitter-unique-undir.dynamic.100000.el
>>> Batch_num 10
>>> Batch_size 100000
>>> Alg LabelPropagation 
>>> Res: 
0.010457 1.216185
0.006579 1.046538
0.005616 1.026629
0.006656 0.999467
0.005865 1.008216
0.005760 0.997986
0.005869 0.999932
0.005778 0.985605
0.006684 1.000866
0.007027 0.988796
>>> End -----------------------------
--- scripts:  program finish, took 383
--- scripts:  Running run_dhb on twitter-unique-undir (prefix: twitter) with batch size 100000 and algorithm wbfs
### Graph: /data/datasets/graphs/twitter/twitter-unique-undir.base.100000.adj
### GRAPH API ###
n is suppoted as a function
m is stored
the graph is symmetric
degree is supported
supports basic map
map_neighbors_early_exit is supported
supports insert_batch
don't have recent enough glibc to make a good guess
total bytes used = 0
### Threads: 128
### n: 41652231
### m: 2429498283
>>> Begin -----------------------------
>>> Input_file /data/datasets/graphs/twitter/twitter-unique-undir.base.100000.adj
>>> Batch_file /data/datasets/graphs/twitter/twitter-unique-undir.dynamic.100000.el
>>> Batch_num 10
>>> Batch_size 100000
>>> Alg wBFS_unweighted 
>>> Res: 
0.008309 28.330188
0.004919 28.035212
0.006530 27.238022
0.010233 27.135663
0.010799 26.761001
0.010635 26.913282
0.009399 26.845167
0.008209 26.751791
0.007914 26.838533
0.009216 26.706291
>>> End -----------------------------
--- scripts:  program finish, took 1417
--- scripts:  Running run_dhb on com-friendster (prefix: friend) with batch size 100000 and algorithm bfs
### Graph: /data/datasets/graphs/friend/com-friendster.base.100000.adj
### GRAPH API ###
n is suppoted as a function
m is stored
the graph is symmetric
degree is supported
supports basic map
map_neighbors_early_exit is supported
supports insert_batch
don't have recent enough glibc to make a good guess
total bytes used = 0
### Threads: 128
### n: 2586147870
### m: 3697831648
>>> Begin -----------------------------
>>> Input_file /data/datasets/graphs/friend/com-friendster.base.100000.adj
>>> Batch_file /data/datasets/graphs/friend/com-friendster.dynamic.100000.el
>>> Batch_num 10
>>> Batch_size 100000
>>> Alg BFS 
>>> Res: 
0.012507 3.158774
0.008272 1.983458
0.006757 1.972022
0.006880 1.979909
0.006685 1.986494
0.006331 1.972005
0.007088 1.982746
0.008261 1.962818
0.008938 2.004874
0.007703 1.959560
>>> End -----------------------------
--- scripts:  program finish, took 792
--- scripts:  Running run_dhb on com-friendster (prefix: friend) with batch size 100000 and algorithm pagerank
### Graph: /data/datasets/graphs/friend/com-friendster.base.100000.adj
### GRAPH API ###
n is suppoted as a function
m is stored
the graph is symmetric
degree is supported
supports basic map
map_neighbors_early_exit is supported
supports insert_batch
don't have recent enough glibc to make a good guess
total bytes used = 0
### Threads: 128
### n: 2586147870
### m: 3697831648
>>> Begin -----------------------------
>>> Input_file /data/datasets/graphs/friend/com-friendster.base.100000.adj
>>> Batch_file /data/datasets/graphs/friend/com-friendster.dynamic.100000.el
>>> Batch_num 10
>>> Batch_size 100000
>>> Alg PageRank 
>>> Res: 
0.008824 54.680064
0.008247 53.253436
0.007207 52.738731
0.006428 57.933098
0.007017 50.908405
0.006590 60.695962
0.006529 50.641915
0.006431 51.784633
0.006510 53.137755
0.006415 26.059785
>>> End -----------------------------
--- scripts:  program finish, took 2690
--- scripts:  Running run_dhb on com-friendster (prefix: friend) with batch size 100000 and algorithm labelpropagation
### Graph: /data/datasets/graphs/friend/com-friendster.base.100000.adj
### GRAPH API ###
n is suppoted as a function
m is stored
the graph is symmetric
degree is supported
supports basic map
map_neighbors_early_exit is supported
supports insert_batch
don't have recent enough glibc to make a good guess
total bytes used = 0
### Threads: 128
### n: 2586147870
### m: 3697831648
>>> Begin -----------------------------
>>> Input_file /data/datasets/graphs/friend/com-friendster.base.100000.adj
>>> Batch_file /data/datasets/graphs/friend/com-friendster.dynamic.100000.el
>>> Batch_num 10
>>> Batch_size 100000
>>> Alg LabelPropagation 
>>> Res: 
0.008798 3.826128
0.006428 3.300346
0.005748 3.333650
0.005211 3.303586
0.005106 3.334096
0.004938 3.273869
0.005386 3.278084
0.005179 3.321054
0.004748 3.276295
0.004670 3.303376
>>> End -----------------------------
--- scripts:  program finish, took 795
--- scripts:  Running run_dhb on com-friendster (prefix: friend) with batch size 100000 and algorithm wbfs
### Graph: /data/datasets/graphs/friend/com-friendster.base.100000.adj
### GRAPH API ###
n is suppoted as a function
m is stored
the graph is symmetric
degree is supported
supports basic map
map_neighbors_early_exit is supported
supports insert_batch
don't have recent enough glibc to make a good guess
total bytes used = 0
### Threads: 128
### n: 2586147870
### m: 3697831648
>>> Begin -----------------------------
>>> Input_file /data/datasets/graphs/friend/com-friendster.base.100000.adj
>>> Batch_file /data/datasets/graphs/friend/com-friendster.dynamic.100000.el
>>> Batch_num 10
>>> Batch_size 100000
>>> Alg wBFS_unweighted 
>>> Res: 
0.008728 49.636088
0.009576 49.304936
0.007883 52.238237
0.007129 65.960499
0.006512 58.392264
0.006930 59.120445
0.011653 62.041427
0.008935 61.425439
0.008263 51.330696
0.008907 60.388999
>>> End -----------------------------
--- scripts:  program finish, took 2961
--- scripts:  Running run_dhb on soc-LiveJournal1 (prefix: live-journal) with batch size 1000000 and algorithm bfs
### Graph: /data/datasets/graphs/live-journal/soc-LiveJournal1.base.1000000.adj
### GRAPH API ###
n is suppoted as a function
m is stored
the graph is symmetric
degree is supported
supports basic map
map_neighbors_early_exit is supported
supports insert_batch
don't have recent enough glibc to make a good guess
total bytes used = 0
### Threads: 128
### n: 4847571
### m: 76220856
>>> Begin -----------------------------
>>> Input_file /data/datasets/graphs/live-journal/soc-LiveJournal1.base.1000000.adj
>>> Batch_file /data/datasets/graphs/live-journal/soc-LiveJournal1.dynamic.1000000.el
>>> Batch_num 10
>>> Batch_size 1000000
>>> Alg BFS 
>>> Res: 
0.012917 0.013186
0.011340 0.012844
0.011082 0.012742
0.010821 0.012690
0.010966 0.012415
0.011006 0.012324
0.010969 0.012470
0.012751 0.012442
0.011007 0.012116
0.010939 0.011953
>>> End -----------------------------
--- scripts:  program finish, took 10
--- scripts:  Running run_dhb on soc-LiveJournal1 (prefix: live-journal) with batch size 1000000 and algorithm pagerank
### Graph: /data/datasets/graphs/live-journal/soc-LiveJournal1.base.1000000.adj
### GRAPH API ###
n is suppoted as a function
m is stored
the graph is symmetric
degree is supported
supports basic map
map_neighbors_early_exit is supported
supports insert_batch
don't have recent enough glibc to make a good guess
total bytes used = 0
### Threads: 128
### n: 4847571
### m: 76220856
>>> Begin -----------------------------
>>> Input_file /data/datasets/graphs/live-journal/soc-LiveJournal1.base.1000000.adj
>>> Batch_file /data/datasets/graphs/live-journal/soc-LiveJournal1.dynamic.1000000.el
>>> Batch_num 10
>>> Batch_size 1000000
>>> Alg PageRank 
>>> Res: 
0.014756 0.346710
0.013190 0.344482
0.012876 0.341097
0.012631 0.342148
0.012915 0.344220
0.012770 0.344386
0.013022 0.340367
0.012423 0.342751
0.012678 0.341664
0.012829 0.343111
>>> End -----------------------------
--- scripts:  program finish, took 24
--- scripts:  Running run_dhb on soc-LiveJournal1 (prefix: live-journal) with batch size 1000000 and algorithm labelpropagation
### Graph: /data/datasets/graphs/live-journal/soc-LiveJournal1.base.1000000.adj
### GRAPH API ###
n is suppoted as a function
m is stored
the graph is symmetric
degree is supported
supports basic map
map_neighbors_early_exit is supported
supports insert_batch
don't have recent enough glibc to make a good guess
total bytes used = 0
### Threads: 128
### n: 4847571
### m: 76220856
>>> Begin -----------------------------
>>> Input_file /data/datasets/graphs/live-journal/soc-LiveJournal1.base.1000000.adj
>>> Batch_file /data/datasets/graphs/live-journal/soc-LiveJournal1.dynamic.1000000.el
>>> Batch_num 10
>>> Batch_size 1000000
>>> Alg LabelPropagation 
>>> Res: 
0.013550 0.039002
0.011909 0.039282
0.011772 0.038960
0.011760 0.039035
0.011732 0.038968
0.011393 0.039272
0.011600 0.038859
0.011442 0.038934
0.011680 0.038768
0.011832 0.039100
>>> End -----------------------------
--- scripts:  program finish, took 12
--- scripts:  Running run_dhb on soc-LiveJournal1 (prefix: live-journal) with batch size 1000000 and algorithm wbfs
### Graph: /data/datasets/graphs/live-journal/soc-LiveJournal1.base.1000000.adj
### GRAPH API ###
n is suppoted as a function
m is stored
the graph is symmetric
degree is supported
supports basic map
map_neighbors_early_exit is supported
supports insert_batch
don't have recent enough glibc to make a good guess
total bytes used = 0
### Threads: 128
### n: 4847571
### m: 76220856
>>> Begin -----------------------------
>>> Input_file /data/datasets/graphs/live-journal/soc-LiveJournal1.base.1000000.adj
>>> Batch_file /data/datasets/graphs/live-journal/soc-LiveJournal1.dynamic.1000000.el
>>> Batch_num 10
>>> Batch_size 1000000
>>> Alg wBFS_unweighted 
>>> Res: 
0.014099 4.641585
0.012765 4.664131
0.013944 4.681039
0.013833 4.699058
0.014308 4.701313
0.014277 4.705125
0.014609 4.661662
0.014269 4.702962
0.014116 4.761355
0.015890 4.779193
>>> End -----------------------------
--- scripts:  program finish, took 199
--- scripts:  Running run_dhb on com-orkut.ungraph (prefix: orkut) with batch size 1000000 and algorithm bfs
### Graph: /data/datasets/graphs/orkut/com-orkut.ungraph.base.1000000.adj
### GRAPH API ###
n is suppoted as a function
m is stored
the graph is symmetric
degree is supported
supports basic map
map_neighbors_early_exit is supported
supports insert_batch
don't have recent enough glibc to make a good guess
total bytes used = 0
### Threads: 128
### n: 3072627
### m: 224370166
>>> Begin -----------------------------
>>> Input_file /data/datasets/graphs/orkut/com-orkut.ungraph.base.1000000.adj
>>> Batch_file /data/datasets/graphs/orkut/com-orkut.ungraph.dynamic.1000000.el
>>> Batch_num 10
>>> Batch_size 1000000
>>> Alg BFS 
>>> Res: 
0.013873 0.009068
0.009806 0.008622
0.009600 0.008724
0.009493 0.008648
0.009390 0.008556
0.009542 0.008440
0.009441 0.008279
0.009497 0.008476
0.009267 0.008456
0.009491 0.010169
>>> End -----------------------------
--- scripts:  program finish, took 32
--- scripts:  Running run_dhb on com-orkut.ungraph (prefix: orkut) with batch size 1000000 and algorithm pagerank
### Graph: /data/datasets/graphs/orkut/com-orkut.ungraph.base.1000000.adj
### GRAPH API ###
n is suppoted as a function
m is stored
the graph is symmetric
degree is supported
supports basic map
map_neighbors_early_exit is supported
supports insert_batch
don't have recent enough glibc to make a good guess
total bytes used = 0
### Threads: 128
### n: 3072627
### m: 224370166
>>> Begin -----------------------------
>>> Input_file /data/datasets/graphs/orkut/com-orkut.ungraph.base.1000000.adj
>>> Batch_file /data/datasets/graphs/orkut/com-orkut.ungraph.dynamic.1000000.el
>>> Batch_num 10
>>> Batch_size 1000000
>>> Alg PageRank 
>>> Res: 
0.014323 0.709684
0.010349 0.707899
0.009780 0.706971
0.009725 0.707897
0.009751 0.707029
0.009893 0.705337
0.010045 0.706845
0.009937 0.705901
0.010547 0.705149
0.010099 0.686473
>>> End -----------------------------
--- scripts:  program finish, took 59
--- scripts:  Running run_dhb on com-orkut.ungraph (prefix: orkut) with batch size 1000000 and algorithm labelpropagation
### Graph: /data/datasets/graphs/orkut/com-orkut.ungraph.base.1000000.adj
### GRAPH API ###
n is suppoted as a function
m is stored
the graph is symmetric
degree is supported
supports basic map
map_neighbors_early_exit is supported
supports insert_batch
don't have recent enough glibc to make a good guess
total bytes used = 0
### Threads: 128
### n: 3072627
### m: 224370166
>>> Begin -----------------------------
>>> Input_file /data/datasets/graphs/orkut/com-orkut.ungraph.base.1000000.adj
>>> Batch_file /data/datasets/graphs/orkut/com-orkut.ungraph.dynamic.1000000.el
>>> Batch_num 10
>>> Batch_size 1000000
>>> Alg LabelPropagation 
>>> Res: 
0.014476 0.076749
0.009802 0.076875
0.009385 0.076977
0.009580 0.077248
0.009409 0.077099
0.009341 0.077088
0.009603 0.077211
0.009451 0.077637
0.009628 0.077171
0.009787 0.078070
>>> End -----------------------------
--- scripts:  program finish, took 34
--- scripts:  Running run_dhb on com-orkut.ungraph (prefix: orkut) with batch size 1000000 and algorithm wbfs
### Graph: /data/datasets/graphs/orkut/com-orkut.ungraph.base.1000000.adj
### GRAPH API ###
n is suppoted as a function
m is stored
the graph is symmetric
degree is supported
supports basic map
map_neighbors_early_exit is supported
supports insert_batch
don't have recent enough glibc to make a good guess
total bytes used = 0
### Threads: 128
### n: 3072627
### m: 224370166
>>> Begin -----------------------------
>>> Input_file /data/datasets/graphs/orkut/com-orkut.ungraph.base.1000000.adj
>>> Batch_file /data/datasets/graphs/orkut/com-orkut.ungraph.dynamic.1000000.el
>>> Batch_num 10
>>> Batch_size 1000000
>>> Alg wBFS_unweighted 
>>> Res: 
0.015091 3.071795
0.011291 3.084564
0.013400 3.124458
0.015247 3.085711
0.013621 3.063681
0.013869 3.064037
0.015649 3.066217
0.014820 3.066391
0.014737 3.097945
0.016016 3.094321
>>> End -----------------------------
--- scripts:  program finish, took 156
--- scripts:  Running run_dhb on cit-Patents (prefix: cit-Patents) with batch size 1000000 and algorithm bfs
### Graph: /data/datasets/graphs/cit-Patents/cit-Patents.base.1000000.adj
### GRAPH API ###
n is suppoted as a function
m is stored
the graph is symmetric
degree is supported
supports basic map
map_neighbors_early_exit is supported
supports insert_batch
don't have recent enough glibc to make a good guess
total bytes used = 0
### Threads: 128
### n: 6009555
### m: 23037895
>>> Begin -----------------------------
>>> Input_file /data/datasets/graphs/cit-Patents/cit-Patents.base.1000000.adj
>>> Batch_file /data/datasets/graphs/cit-Patents/cit-Patents.dynamic.1000000.el
>>> Batch_num 10
>>> Batch_size 1000000
>>> Alg BFS 
>>> Res: 
0.025777 0.020930
0.024607 0.020382
0.024948 0.019734
0.025303 0.018182
0.025870 0.017544
0.024604 0.017119
0.025363 0.016373
0.025567 0.016186
0.025332 0.015909
0.025259 0.015592
>>> End -----------------------------
--- scripts:  program finish, took 4
--- scripts:  Running run_dhb on cit-Patents (prefix: cit-Patents) with batch size 1000000 and algorithm pagerank
### Graph: /data/datasets/graphs/cit-Patents/cit-Patents.base.1000000.adj
### GRAPH API ###
n is suppoted as a function
m is stored
the graph is symmetric
degree is supported
supports basic map
map_neighbors_early_exit is supported
supports insert_batch
don't have recent enough glibc to make a good guess
total bytes used = 0
### Threads: 128
### n: 6009555
### m: 23037895
>>> Begin -----------------------------
>>> Input_file /data/datasets/graphs/cit-Patents/cit-Patents.base.1000000.adj
>>> Batch_file /data/datasets/graphs/cit-Patents/cit-Patents.dynamic.1000000.el
>>> Batch_num 10
>>> Batch_size 1000000
>>> Alg PageRank 
>>> Res: 
0.036198 0.161211
0.036493 0.168081
0.036535 0.171895
0.036339 0.170378
0.036804 0.174014
0.036418 0.178528
0.035985 0.179973
0.035940 0.179229
0.036858 0.179576
0.036855 0.176861
>>> End -----------------------------
--- scripts:  program finish, took 12
--- scripts:  Running run_dhb on cit-Patents (prefix: cit-Patents) with batch size 1000000 and algorithm labelpropagation
### Graph: /data/datasets/graphs/cit-Patents/cit-Patents.base.1000000.adj
### GRAPH API ###
n is suppoted as a function
m is stored
the graph is symmetric
degree is supported
supports basic map
map_neighbors_early_exit is supported
supports insert_batch
don't have recent enough glibc to make a good guess
total bytes used = 0
### Threads: 128
### n: 6009555
### m: 23037895
>>> Begin -----------------------------
>>> Input_file /data/datasets/graphs/cit-Patents/cit-Patents.base.1000000.adj
>>> Batch_file /data/datasets/graphs/cit-Patents/cit-Patents.dynamic.1000000.el
>>> Batch_num 10
>>> Batch_size 1000000
>>> Alg LabelPropagation 
>>> Res: 
0.026022 0.026228
0.025134 0.025564
0.025280 0.026188
0.025592 0.025444
0.026626 0.025493
0.025299 0.026212
0.025321 0.025853
0.024586 0.025119
0.025159 0.028153
0.025204 0.026126
>>> End -----------------------------
--- scripts:  program finish, took 5
--- scripts:  Running run_dhb on cit-Patents (prefix: cit-Patents) with batch size 1000000 and algorithm wbfs
### Graph: /data/datasets/graphs/cit-Patents/cit-Patents.base.1000000.adj
### GRAPH API ###
n is suppoted as a function
m is stored
the graph is symmetric
degree is supported
supports basic map
map_neighbors_early_exit is supported
supports insert_batch
don't have recent enough glibc to make a good guess
total bytes used = 0
### Threads: 128
### n: 6009555
### m: 23037895
>>> Begin -----------------------------
>>> Input_file /data/datasets/graphs/cit-Patents/cit-Patents.base.1000000.adj
>>> Batch_file /data/datasets/graphs/cit-Patents/cit-Patents.dynamic.1000000.el
>>> Batch_num 10
>>> Batch_size 1000000
>>> Alg wBFS_unweighted 
>>> Res: 
0.025397 4.927170
0.025328 4.849766
0.024972 4.832139
0.026603 4.743744
0.028407 4.697607
0.027748 4.697954
0.027416 4.610428
0.027178 4.582492
0.026481 4.534617
0.026644 4.503205
>>> End -----------------------------
--- scripts:  program finish, took 192
--- scripts:  Running run_dhb on twitter-unique-undir (prefix: twitter) with batch size 1000000 and algorithm bfs
### Graph: /data/datasets/graphs/twitter/twitter-unique-undir.base.1000000.adj
### GRAPH API ###
n is suppoted as a function
m is stored
the graph is symmetric
degree is supported
supports basic map
map_neighbors_early_exit is supported
supports insert_batch
don't have recent enough glibc to make a good guess
total bytes used = 0
### Threads: 128
### n: 41652231
### m: 2420498283
>>> Begin -----------------------------
>>> Input_file /data/datasets/graphs/twitter/twitter-unique-undir.base.1000000.adj
>>> Batch_file /data/datasets/graphs/twitter/twitter-unique-undir.dynamic.1000000.el
>>> Batch_num 10
>>> Batch_size 1000000
>>> Alg BFS 
>>> Res: 
0.030094 0.133319
0.022294 0.108136
0.020986 0.110571
0.022180 0.109911
0.021985 0.110773
0.021306 0.106916
0.022188 0.108042
0.020332 0.108062
0.024093 0.109843
0.024427 0.108583
>>> End -----------------------------
--- scripts:  program finish, took 345
--- scripts:  Running run_dhb on twitter-unique-undir (prefix: twitter) with batch size 1000000 and algorithm pagerank
### Graph: /data/datasets/graphs/twitter/twitter-unique-undir.base.1000000.adj
### GRAPH API ###
n is suppoted as a function
m is stored
the graph is symmetric
degree is supported
supports basic map
map_neighbors_early_exit is supported
supports insert_batch
don't have recent enough glibc to make a good guess
total bytes used = 0
### Threads: 128
### n: 41652231
### m: 2420498283
>>> Begin -----------------------------
>>> Input_file /data/datasets/graphs/twitter/twitter-unique-undir.base.1000000.adj
>>> Batch_file /data/datasets/graphs/twitter/twitter-unique-undir.dynamic.1000000.el
>>> Batch_num 10
>>> Batch_size 1000000
>>> Alg PageRank 
>>> Res: 
0.025273 7.933735
0.019145 7.775322
0.024036 7.823142
0.038187 7.803151
0.041273 7.845336
0.042431 7.862977
0.044909 7.940881
0.044854 7.788833
0.069609 8.604217
0.062322 8.267289
>>> End -----------------------------
--- scripts:  program finish, took 651
--- scripts:  Running run_dhb on twitter-unique-undir (prefix: twitter) with batch size 1000000 and algorithm labelpropagation
### Graph: /data/datasets/graphs/twitter/twitter-unique-undir.base.1000000.adj
### GRAPH API ###
n is suppoted as a function
m is stored
the graph is symmetric
degree is supported
supports basic map
map_neighbors_early_exit is supported
supports insert_batch
don't have recent enough glibc to make a good guess
total bytes used = 0
### Threads: 128
### n: 41652231
### m: 2420498283
>>> Begin -----------------------------
>>> Input_file /data/datasets/graphs/twitter/twitter-unique-undir.base.1000000.adj
>>> Batch_file /data/datasets/graphs/twitter/twitter-unique-undir.dynamic.1000000.el
>>> Batch_num 10
>>> Batch_size 1000000
>>> Alg LabelPropagation 
>>> Res: 
0.028214 1.113206
0.033399 1.034474
0.020980 1.029975
0.020503 1.018800
0.029944 1.000610
0.025341 1.000089
0.052017 0.988468
0.025028 0.986628
0.044505 0.989827
0.039196 0.975527
>>> End -----------------------------
--- scripts:  program finish, took 384
--- scripts:  Running run_dhb on twitter-unique-undir (prefix: twitter) with batch size 1000000 and algorithm wbfs
### Graph: /data/datasets/graphs/twitter/twitter-unique-undir.base.1000000.adj
### GRAPH API ###
n is suppoted as a function
m is stored
the graph is symmetric
degree is supported
supports basic map
map_neighbors_early_exit is supported
supports insert_batch
don't have recent enough glibc to make a good guess
total bytes used = 0
### Threads: 128
### n: 41652231
### m: 2420498283
>>> Begin -----------------------------
>>> Input_file /data/datasets/graphs/twitter/twitter-unique-undir.base.1000000.adj
>>> Batch_file /data/datasets/graphs/twitter/twitter-unique-undir.dynamic.1000000.el
>>> Batch_num 10
>>> Batch_size 1000000
>>> Alg wBFS_unweighted 
>>> Res: 
0.028205 30.351137
0.022393 30.226761
0.018737 29.846789
0.034607 29.557063
0.048431 28.960527
0.042202 28.716559
0.043190 28.768111
0.033770 28.916012
0.056303 29.393314
0.045071 29.322003
>>> End -----------------------------
--- scripts:  program finish, took 1506
--- scripts:  Running run_dhb on com-friendster (prefix: friend) with batch size 1000000 and algorithm bfs
### Graph: /data/datasets/graphs/friend/com-friendster.base.1000000.adj
### GRAPH API ###
n is suppoted as a function
m is stored
the graph is symmetric
degree is supported
supports basic map
map_neighbors_early_exit is supported
supports insert_batch
don't have recent enough glibc to make a good guess
total bytes used = 0
### Threads: 128
### n: 2586147870
### m: 3688831648
>>> Begin -----------------------------
>>> Input_file /data/datasets/graphs/friend/com-friendster.base.1000000.adj
>>> Batch_file /data/datasets/graphs/friend/com-friendster.dynamic.1000000.el
>>> Batch_num 10
>>> Batch_size 1000000
>>> Alg BFS 
>>> Res: 
0.018067 2.176728
0.013453 1.937418
0.012322 1.926838
0.012777 1.924268
0.012572 1.933029
0.014094 1.918211
0.013546 1.912628
0.014102 1.917195
0.014388 1.927792
0.014941 1.936493
>>> End -----------------------------
--- scripts:  program finish, took 747
--- scripts:  Running run_dhb on com-friendster (prefix: friend) with batch size 1000000 and algorithm pagerank
### Graph: /data/datasets/graphs/friend/com-friendster.base.1000000.adj
### GRAPH API ###
n is suppoted as a function
m is stored
the graph is symmetric
degree is supported
supports basic map
map_neighbors_early_exit is supported
supports insert_batch
don't have recent enough glibc to make a good guess
total bytes used = 0
### Threads: 128
### n: 2586147870
### m: 3688831648
>>> Begin -----------------------------
>>> Input_file /data/datasets/graphs/friend/com-friendster.base.1000000.adj
>>> Batch_file /data/datasets/graphs/friend/com-friendster.dynamic.1000000.el
>>> Batch_num 10
>>> Batch_size 1000000
>>> Alg PageRank 
>>> Res: 
0.017891 66.852636
0.027031 73.109025
0.026003 84.336359
0.027462 95.657368
0.041874 92.935027
0.038313 97.403505
0.033895 82.090216
0.032886 81.239960
0.030500 101.088140
0.031961 51.544467
>>> End -----------------------------
--- scripts:  program finish, took 3954
--- scripts:  Running run_dhb on com-friendster (prefix: friend) with batch size 1000000 and algorithm labelpropagation
### Graph: /data/datasets/graphs/friend/com-friendster.base.1000000.adj
### GRAPH API ###
n is suppoted as a function
m is stored
the graph is symmetric
degree is supported
supports basic map
map_neighbors_early_exit is supported
supports insert_batch
don't have recent enough glibc to make a good guess
total bytes used = 0
### Threads: 128
### n: 2586147870
### m: 3688831648
>>> Begin -----------------------------
>>> Input_file /data/datasets/graphs/friend/com-friendster.base.1000000.adj
>>> Batch_file /data/datasets/graphs/friend/com-friendster.dynamic.1000000.el
>>> Batch_num 10
>>> Batch_size 1000000
>>> Alg LabelPropagation 
>>> Res: 
0.054045 6.543555
0.035921 3.359298
0.037468 3.334380
0.043051 3.305815
0.043646 3.271401
0.045965 3.307155
0.048619 3.317652
0.050109 3.275114
0.056766 3.208816
0.057027 3.199491
>>> End -----------------------------
--- scripts:  program finish, took 848
--- scripts:  Running run_dhb on com-friendster (prefix: friend) with batch size 1000000 and algorithm wbfs
### Graph: /data/datasets/graphs/friend/com-friendster.base.1000000.adj
### GRAPH API ###
n is suppoted as a function
m is stored
the graph is symmetric
degree is supported
supports basic map
map_neighbors_early_exit is supported
supports insert_batch
don't have recent enough glibc to make a good guess
total bytes used = 0
### Threads: 128
### n: 2586147870
### m: 3688831648
>>> Begin -----------------------------
>>> Input_file /data/datasets/graphs/friend/com-friendster.base.1000000.adj
>>> Batch_file /data/datasets/graphs/friend/com-friendster.dynamic.1000000.el
>>> Batch_num 10
>>> Batch_size 1000000
>>> Alg wBFS_unweighted 
>>> Res: 
0.021210 46.184219
0.022828 45.673321
0.022656 46.075127
0.022813 50.324547
0.038371 51.238686
0.032856 50.694943
0.029403 55.374924
0.043981 53.026561
0.031142 54.177326
0.042311 57.607682
>>> End -----------------------------
--- scripts:  program finish, took 2773
