baseline,graph,batch_size,measurement_idx,insert_time_PageRank,algorithm_time_PageRank,insert_time_LabelPropagation,algorithm_time_LabelPropagation,insert_time_wBFS_unweighted,algorithm_time_wBFS_unweighted,insert_time_BFS,algorithm_time_BFS
run_absl_btree_set,com-orkut.ungraph,1,0,6e-06,0.324401,7e-06,0.051381,6e-06,3.869253,5e-06,0.012075
run_absl_btree_set,com-orkut.ungraph,1,1,1e-05,0.344793,1e-05,0.046119,1e-05,3.748543,9e-06,0.007563
run_absl_btree_set,com-orkut.ungraph,1,2,1e-05,0.364795,1e-05,0.045303,1.1e-05,3.719855,9e-06,0.007249
run_absl_btree_set,com-orkut.ungraph,1,3,1.1e-05,0.346283,1.1e-05,0.045726,1.3e-05,3.692369,8e-06,0.007376
run_absl_btree_set,com-orkut.ungraph,1,4,8e-06,0.335088,1.1e-05,0.046217,1e-05,3.697316,5e-06,0.007387
run_absl_btree_set,com-orkut.ungraph,1,5,1.2e-05,0.336802,1e-05,0.045297,1e-05,3.739703,6e-06,0.007551
run_absl_btree_set,com-orkut.ungraph,1,6,1.3e-05,0.34654,9e-06,0.046219,1.2e-05,4.022387,6e-06,0.007533
run_absl_btree_set,com-orkut.ungraph,1,7,1.1e-05,0.346504,1e-05,0.04626,1.1e-05,4.011356,5e-06,0.007617
run_absl_btree_set,com-orkut.ungraph,1,8,1.1e-05,0.329287,1e-05,0.045687,1e-05,3.796682,6e-06,0.007325
run_absl_btree_set,com-orkut.ungraph,1,9,1.3e-05,0.33648,1.2e-05,0.04514,2.4e-05,3.759118,7e-06,0.007375
run_absl_btree_set,cit-Patents,1,0,7e-06,0.186166,6e-06,0.033827,6e-06,5.443646,6e-06,0.015076
run_absl_btree_set,cit-Patents,1,1,9e-06,0.176454,9e-06,0.033532,1e-05,5.334006,9e-06,0.010925
run_absl_btree_set,cit-Patents,1,2,9e-06,0.180853,9e-06,0.03331,1.2e-05,5.383227,1e-05,0.010296
run_absl_btree_set,cit-Patents,1,3,1e-05,0.173396,8e-06,0.03206,1.3e-05,5.431822,8e-06,0.0107
run_absl_btree_set,cit-Patents,1,4,1.2e-05,0.179118,8e-06,0.034113,1e-05,5.675132,9e-06,0.013205
run_absl_btree_set,cit-Patents,1,5,8e-06,0.173777,1e-05,0.033625,9e-06,5.404656,1.1e-05,0.01037
run_absl_btree_set,cit-Patents,1,6,1e-05,0.173523,8e-06,0.034535,9e-06,5.394667,8e-06,0.010383
run_absl_btree_set,cit-Patents,1,7,1e-05,0.176221,8e-06,0.033501,1.1e-05,5.371856,8e-06,0.010375
run_absl_btree_set,cit-Patents,1,8,1.2e-05,0.180193,8e-06,0.033698,9e-06,5.325791,9e-06,0.01033
run_absl_btree_set,cit-Patents,1,9,8e-06,0.165424,8e-06,0.032836,1e-05,5.449231,1.2e-05,0.010364
run_absl_btree_set,soc-LiveJournal1,1,0,6e-06,0.19078,6e-06,0.033909,6e-06,5.024059,4e-06,0.015679
run_absl_btree_set,soc-LiveJournal1,1,1,1e-05,0.186953,1e-05,0.02698,1e-05,4.998209,9e-06,0.011873
run_absl_btree_set,soc-LiveJournal1,1,2,9e-06,0.191875,8e-06,0.027505,1.1e-05,5.327012,8e-06,0.011531
run_absl_btree_set,soc-LiveJournal1,1,3,1.1e-05,0.198651,9e-06,0.02743,3.6e-05,5.085266,8e-06,0.01146
run_absl_btree_set,soc-LiveJournal1,1,4,1.2e-05,0.191476,1.1e-05,0.02714,1.3e-05,5.031569,1e-05,0.011537
run_absl_btree_set,soc-LiveJournal1,1,5,1.4e-05,0.188926,1.1e-05,0.02747,9e-06,5.273181,9e-06,0.011584
run_absl_btree_set,soc-LiveJournal1,1,6,1.2e-05,0.2061,1.2e-05,0.027307,9e-06,5.133624,1e-05,0.011615
run_absl_btree_set,soc-LiveJournal1,1,7,1.4e-05,0.205519,1e-05,0.02699,1.2e-05,5.07591,9e-06,0.011633
run_absl_btree_set,soc-LiveJournal1,1,8,1.4e-05,0.197589,1.2e-05,0.027568,9e-06,4.946294,7e-06,0.011776
run_absl_btree_set,soc-LiveJournal1,1,9,1.3e-05,0.194832,1.1e-05,0.027645,1.1e-05,5.214824,1.1e-05,0.011383
run_absl_btree_set,twitter-unique-undir,1,0,1.7e-05,8.141412,2.7e-05,1.39427,1e-05,31.370178,5.8e-05,0.226024
run_absl_btree_set,twitter-unique-undir,1,1,1.2e-05,7.482179,1.2e-05,1.218121,1.4e-05,29.45339,1.3e-05,0.096577
run_absl_btree_set,twitter-unique-undir,1,2,1e-05,7.415123,1.2e-05,1.233868,1.1e-05,29.58388,9e-06,0.094749
run_absl_btree_set,twitter-unique-undir,1,3,1.1e-05,7.396985,1.3e-05,1.219923,1.1e-05,29.17488,1.4e-05,0.096612
run_absl_btree_set,twitter-unique-undir,1,4,1.5e-05,7.391609,1.2e-05,1.23498,1.1e-05,29.49603,1e-05,0.096854
run_absl_btree_set,twitter-unique-undir,1,5,1.2e-05,7.630489,9e-06,1.205559,1e-05,29.981596,1.1e-05,0.095222
run_absl_btree_set,twitter-unique-undir,1,6,1.5e-05,8.311911,1.1e-05,1.212209,1.4e-05,29.285706,1.2e-05,0.096332
run_absl_btree_set,twitter-unique-undir,1,7,1.1e-05,7.240648,1e-05,1.212973,1e-05,29.717256,1.2e-05,0.094708
run_absl_btree_set,twitter-unique-undir,1,8,1.5e-05,6.856081,1e-05,1.225546,1.2e-05,31.199112,1.1e-05,0.098663
run_absl_btree_set,twitter-unique-undir,1,9,1.2e-05,6.805748,1.2e-05,1.217221,1.1e-05,30.699625,1e-05,0.094953
run_absl_btree_set,com-friendster,1,0,5e-06,25.971629,8e-06,6.181177,8e-06,49.578598,6e-06,4.110719
run_absl_btree_set,com-friendster,1,1,1.4e-05,24.006803,1.3e-05,4.319017,1.3e-05,47.129247,1.4e-05,2.569955
run_absl_btree_set,com-friendster,1,2,1.2e-05,21.598031,1.5e-05,4.123277,1.2e-05,46.709458,1.3e-05,2.556419
run_absl_btree_set,com-friendster,1,3,1.2e-05,31.895232,1.2e-05,4.114868,1.3e-05,45.870643,1.3e-05,2.541873
run_absl_btree_set,com-friendster,1,4,1.2e-05,26.906136,1.4e-05,3.9633,1.3e-05,45.533002,1.5e-05,2.527103
run_absl_btree_set,com-friendster,1,5,2e-05,25.750201,2.5e-05,4.067377,1e-05,45.647238,1.6e-05,2.491754
run_absl_btree_set,com-friendster,1,6,1.1e-05,22.103495,1.4e-05,3.838762,1.1e-05,45.913356,1.3e-05,2.464487
run_absl_btree_set,com-friendster,1,7,1.3e-05,23.072009,1.2e-05,3.840992,1.2e-05,46.540599,1.5e-05,2.440676
run_absl_btree_set,com-friendster,1,8,1.3e-05,25.110346,1.4e-05,3.837116,1.2e-05,49.980431,1.5e-05,2.489281
run_absl_btree_set,com-friendster,1,9,1.3e-05,27.340466,1.5e-05,3.88895,1.2e-05,49.561773,1.4e-05,2.516796
run_absl_btree_set,com-orkut.ungraph,10,0,2.4e-05,0.351914,2.2e-05,0.048324,2.7e-05,3.892118,1.6e-05,0.014095
run_absl_btree_set,com-orkut.ungraph,10,1,2.9e-05,0.339054,3.4e-05,0.048838,3.4e-05,3.722492,2.1e-05,0.00956
run_absl_btree_set,com-orkut.ungraph,10,2,2.8e-05,0.344937,4.4e-05,0.048025,5e-05,3.67318,1.8e-05,0.006154
run_absl_btree_set,com-orkut.ungraph,10,3,3.5e-05,0.349092,4.7e-05,0.050861,3.7e-05,3.711117,1.8e-05,0.006287
run_absl_btree_set,com-orkut.ungraph,10,4,3.3e-05,0.336451,3.2e-05,0.046879,5.6e-05,3.689202,1.9e-05,0.005952
run_absl_btree_set,com-orkut.ungraph,10,5,2.9e-05,0.317587,4.4e-05,0.046715,3.5e-05,3.647604,2e-05,0.006114
run_absl_btree_set,com-orkut.ungraph,10,6,3.6e-05,0.338648,5.3e-05,0.046632,6.2e-05,3.683497,2.1e-05,0.006095
run_absl_btree_set,com-orkut.ungraph,10,7,3.1e-05,0.336982,3.3e-05,0.046674,3.6e-05,3.745234,1.9e-05,0.005932
run_absl_btree_set,com-orkut.ungraph,10,8,3.3e-05,0.343131,3.1e-05,0.046675,0.000334,3.891766,2e-05,0.006056
run_absl_btree_set,com-orkut.ungraph,10,9,3.5e-05,0.316503,4.6e-05,0.04603,3.2e-05,3.686845,2.1e-05,0.006018
run_absl_btree_set,cit-Patents,10,0,2.9e-05,0.167397,2.3e-05,0.031484,2e-05,5.327094,2.3e-05,0.015642
run_absl_btree_set,cit-Patents,10,1,4.8e-05,0.166623,3.7e-05,0.029197,3.3e-05,5.236981,2.5e-05,0.011842
run_absl_btree_set,cit-Patents,10,2,5.4e-05,0.165205,5.5e-05,0.02932,3.2e-05,5.329186,2.8e-05,0.011872
run_absl_btree_set,cit-Patents,10,3,5.1e-05,0.175204,3.7e-05,0.031056,3.1e-05,5.366496,2.6e-05,0.011883
run_absl_btree_set,cit-Patents,10,4,5.2e-05,0.176114,3.7e-05,0.030013,4e-05,5.310941,2.7e-05,0.011853
run_absl_btree_set,cit-Patents,10,5,4.5e-05,0.173314,3.8e-05,0.030146,3.4e-05,5.25698,2.7e-05,0.011828
run_absl_btree_set,cit-Patents,10,6,0.000353,0.176262,4.3e-05,0.02984,3.1e-05,5.245981,2.6e-05,0.01185
run_absl_btree_set,cit-Patents,10,7,5.3e-05,0.170625,2.9e-05,0.02986,3.2e-05,5.251497,2.6e-05,0.011826
run_absl_btree_set,cit-Patents,10,8,6.4e-05,0.176127,2.4e-05,0.030211,3.1e-05,5.278196,2.6e-05,0.011836
run_absl_btree_set,cit-Patents,10,9,4.7e-05,0.171923,3.8e-05,0.02965,3.3e-05,5.372993,2.6e-05,0.011855
run_absl_btree_set,soc-LiveJournal1,10,0,2e-05,0.222248,3.2e-05,0.031596,1.6e-05,5.316461,2.2e-05,0.015735
run_absl_btree_set,soc-LiveJournal1,10,1,3.7e-05,0.225384,4.9e-05,0.028912,3.3e-05,5.242854,2.1e-05,0.008807
run_absl_btree_set,soc-LiveJournal1,10,2,3.7e-05,0.221641,4.4e-05,0.028985,3.5e-05,5.23777,2.2e-05,0.008726
run_absl_btree_set,soc-LiveJournal1,10,3,3.1e-05,0.225271,4e-05,0.028555,4.6e-05,5.592193,2.2e-05,0.008828
run_absl_btree_set,soc-LiveJournal1,10,4,3.3e-05,0.22442,3.7e-05,0.028551,0.000202,5.413734,2.2e-05,0.008664
run_absl_btree_set,soc-LiveJournal1,10,5,3.2e-05,0.230405,3.4e-05,0.029628,3.1e-05,5.386475,2.6e-05,0.008911
run_absl_btree_set,soc-LiveJournal1,10,6,3.4e-05,0.223801,2.9e-05,0.028646,2.8e-05,5.179263,2.4e-05,0.008668
run_absl_btree_set,soc-LiveJournal1,10,7,3.7e-05,0.197515,4.5e-05,0.028345,3.5e-05,5.147473,2.3e-05,0.008858
run_absl_btree_set,soc-LiveJournal1,10,8,3.5e-05,0.220085,3.4e-05,0.028506,3e-05,5.245909,2.7e-05,0.008802
run_absl_btree_set,soc-LiveJournal1,10,9,3.1e-05,0.211427,4.4e-05,0.028703,2.9e-05,5.165746,2.4e-05,0.008761
run_absl_btree_set,twitter-unique-undir,10,0,4.4e-05,8.916272,0.000119,1.285691,4.1e-05,33.942975,7.4e-05,0.255518
run_absl_btree_set,twitter-unique-undir,10,1,4.7e-05,8.287978,5.3e-05,1.118683,4.5e-05,33.078375,5.4e-05,0.109315
run_absl_btree_set,twitter-unique-undir,10,2,5.8e-05,8.046834,6.6e-05,1.13742,4.8e-05,33.205169,6.2e-05,0.106169
run_absl_btree_set,twitter-unique-undir,10,3,5.9e-05,7.999395,5.3e-05,1.12894,4.4e-05,32.813262,6e-05,0.103562
run_absl_btree_set,twitter-unique-undir,10,4,4.1e-05,7.890824,6.5e-05,1.123074,5.3e-05,33.64564,5.5e-05,0.105805
run_absl_btree_set,twitter-unique-undir,10,5,6.9e-05,7.711847,6.4e-05,1.133365,5e-05,33.765015,0.000134,0.10573
run_absl_btree_set,twitter-unique-undir,10,6,5.8e-05,7.70881,7.2e-05,1.129997,4.6e-05,33.857514,0.000151,0.104564
run_absl_btree_set,twitter-unique-undir,10,7,0.000143,9.480747,9.1e-05,1.119951,6.2e-05,33.005936,0.000151,0.105213
run_absl_btree_set,twitter-unique-undir,10,8,6.3e-05,9.746593,0.00012,1.119612,6.2e-05,33.143176,0.000271,0.105257
run_absl_btree_set,twitter-unique-undir,10,9,5.1e-05,9.853313,6.8e-05,1.113204,5.1e-05,32.824477,9.7e-05,0.103172
run_absl_btree_set,com-friendster,10,0,2.5e-05,23.010387,5e-05,5.550553,2.7e-05,47.9812,3.8e-05,3.174095
run_absl_btree_set,com-friendster,10,1,3.9e-05,24.218139,6.4e-05,4.764939,3.8e-05,45.976028,3e-05,2.605992
run_absl_btree_set,com-friendster,10,2,4.1e-05,22.276476,6.9e-05,4.727803,4.2e-05,45.909149,2.9e-05,2.620893
run_absl_btree_set,com-friendster,10,3,4.7e-05,21.388957,4.2e-05,4.798719,3.7e-05,44.879396,3.5e-05,2.601818
run_absl_btree_set,com-friendster,10,4,4.5e-05,20.23344,5.3e-05,4.700192,4.4e-05,44.500389,3.1e-05,2.592854
run_absl_btree_set,com-friendster,10,5,3.9e-05,20.127377,5.3e-05,4.819914,3.2e-05,44.534755,2.8e-05,2.583278
run_absl_btree_set,com-friendster,10,6,6.7e-05,21.526273,4.4e-05,4.555015,3.2e-05,44.52528,2.8e-05,2.558149
run_absl_btree_set,com-friendster,10,7,3.8e-05,21.027939,3.9e-05,4.722668,3.3e-05,44.082997,3e-05,2.554112
run_absl_btree_set,com-friendster,10,8,4.4e-05,18.703454,6.8e-05,4.61113,3.5e-05,44.462946,2.7e-05,2.552909
run_absl_btree_set,com-friendster,10,9,4.2e-05,19.211295,8.8e-05,4.696557,3.3e-05,44.177064,3e-05,2.54855
run_absl_btree_set,com-orkut.ungraph,100,0,3.4e-05,0.322536,3e-05,0.050448,3.2e-05,3.868984,5e-05,0.038563
run_absl_btree_set,com-orkut.ungraph,100,1,4e-05,0.304834,4.5e-05,0.039379,4.1e-05,3.74054,3.5e-05,0.007299
run_absl_btree_set,com-orkut.ungraph,100,2,4.1e-05,0.303342,3.8e-05,0.039445,4e-05,3.658814,5.6e-05,0.006894
run_absl_btree_set,com-orkut.ungraph,100,3,3.6e-05,0.3127,3.8e-05,0.039862,4e-05,3.697491,4.1e-05,0.006645
run_absl_btree_set,com-orkut.ungraph,100,4,4e-05,0.310522,4.9e-05,0.039904,4.6e-05,3.663137,3.9e-05,0.00766
run_absl_btree_set,com-orkut.ungraph,100,5,4.7e-05,0.311385,5.3e-05,0.039304,4.9e-05,3.654161,4.4e-05,0.006821
run_absl_btree_set,com-orkut.ungraph,100,6,4.9e-05,0.311709,3.9e-05,0.039663,4.4e-05,3.660805,3.6e-05,0.006802
run_absl_btree_set,com-orkut.ungraph,100,7,5.3e-05,0.311083,4.8e-05,0.039115,5.1e-05,3.668574,4.2e-05,0.006754
run_absl_btree_set,com-orkut.ungraph,100,8,5e-05,0.314696,4.1e-05,0.039606,0.000381,4.0229,3.6e-05,0.007014
run_absl_btree_set,com-orkut.ungraph,100,9,5.4e-05,0.31131,5.3e-05,0.040152,5e-05,3.709046,3.7e-05,0.006789
run_absl_btree_set,cit-Patents,100,0,2.6e-05,0.168825,2.8e-05,0.024335,2.6e-05,5.403326,2.7e-05,0.017214
run_absl_btree_set,cit-Patents,100,1,3.6e-05,0.17114,4.2e-05,0.022629,4.8e-05,5.348522,3.2e-05,0.011023
run_absl_btree_set,cit-Patents,100,2,4.2e-05,0.180449,4.4e-05,0.023445,6.3e-05,5.870868,3.6e-05,0.010922
run_absl_btree_set,cit-Patents,100,3,4.1e-05,0.191936,4.2e-05,0.023101,5.2e-05,5.467103,3.7e-05,0.01092
run_absl_btree_set,cit-Patents,100,4,4.6e-05,0.182745,4.6e-05,0.023169,0.000234,5.338042,3.4e-05,0.010875
run_absl_btree_set,cit-Patents,100,5,4.1e-05,0.175375,4.4e-05,0.023332,0.000434,5.369191,3.3e-05,0.011497
run_absl_btree_set,cit-Patents,100,6,4.4e-05,0.169031,4.3e-05,0.022884,4.4e-05,5.349848,3.3e-05,0.01206
run_absl_btree_set,cit-Patents,100,7,4.6e-05,0.17319,3.9e-05,0.02317,6e-05,5.387189,3.6e-05,0.011031
run_absl_btree_set,cit-Patents,100,8,4.3e-05,0.173187,3.9e-05,0.023237,4.6e-05,5.42262,3.6e-05,0.010866
run_absl_btree_set,cit-Patents,100,9,7.4e-05,0.161251,4.5e-05,0.022833,4.6e-05,5.410986,3.3e-05,0.010929
run_absl_btree_set,soc-LiveJournal1,100,0,2.4e-05,0.234319,3.2e-05,0.029396,3.1e-05,5.304647,2.7e-05,0.019201
run_absl_btree_set,soc-LiveJournal1,100,1,4.1e-05,0.224332,4.8e-05,0.02389,4.4e-05,5.218874,4.3e-05,0.010063
run_absl_btree_set,soc-LiveJournal1,100,2,4.1e-05,0.221574,4.2e-05,0.024354,4.4e-05,5.200776,4e-05,0.007987
run_absl_btree_set,soc-LiveJournal1,100,3,4e-05,0.221568,3.6e-05,0.024661,0.000558,5.225699,4.7e-05,0.007812
run_absl_btree_set,soc-LiveJournal1,100,4,4.8e-05,0.225876,4.1e-05,0.024139,6e-05,5.191107,4.6e-05,0.007735
run_absl_btree_set,soc-LiveJournal1,100,5,4.8e-05,0.236135,6.5e-05,0.02412,6.5e-05,5.12192,4.4e-05,0.008224
run_absl_btree_set,soc-LiveJournal1,100,6,6.3e-05,0.230794,5.3e-05,0.024384,4.4e-05,5.084491,4.7e-05,0.007672
run_absl_btree_set,soc-LiveJournal1,100,7,4.3e-05,0.22867,4.4e-05,0.023891,5e-05,5.091954,4.6e-05,0.007656
run_absl_btree_set,soc-LiveJournal1,100,8,4e-05,0.233413,5.3e-05,0.024123,5e-05,5.109896,4.2e-05,0.008045
run_absl_btree_set,soc-LiveJournal1,100,9,4.4e-05,0.220587,4.3e-05,0.024064,4.3e-05,5.298832,4.1e-05,0.007651
run_absl_btree_set,twitter-unique-undir,100,0,8.9e-05,7.081239,0.000159,0.947361,0.000123,32.871364,0.000466,0.222845
run_absl_btree_set,twitter-unique-undir,100,1,8.7e-05,7.00678,7.6e-05,0.856463,0.000189,33.154404,0.000684,0.105373
run_absl_btree_set,twitter-unique-undir,100,2,5.4e-05,6.990724,0.000103,0.860433,0.000103,32.950817,0.000379,0.102711
run_absl_btree_set,twitter-unique-undir,100,3,9.6e-05,6.985884,0.000113,0.858245,8.1e-05,32.389395,0.000222,0.104338
run_absl_btree_set,twitter-unique-undir,100,4,8.8e-05,6.985711,0.000116,0.861822,6.4e-05,32.717917,0.000328,0.103411
run_absl_btree_set,twitter-unique-undir,100,5,9.2e-05,6.982384,0.000112,0.849272,8.6e-05,34.150118,0.00049,0.104778
run_absl_btree_set,twitter-unique-undir,100,6,0.000103,6.934602,0.000123,0.860126,0.000115,32.729546,0.000271,0.104501
run_absl_btree_set,twitter-unique-undir,100,7,0.000112,6.669783,0.000106,0.85335,6.8e-05,31.800088,0.000417,0.103981
run_absl_btree_set,twitter-unique-undir,100,8,0.00013,6.644467,0.000105,0.852429,8.9e-05,31.827712,0.000366,0.103519
run_absl_btree_set,twitter-unique-undir,100,9,0.00014,6.660815,0.000278,0.863909,7.7e-05,31.718415,0.000752,0.101347
run_absl_btree_set,com-friendster,100,0,3.3e-05,56.20886,3e-05,6.042943,3.2e-05,48.673362,0.000121,4.676824
run_absl_btree_set,com-friendster,100,1,5.5e-05,67.395234,5.9e-05,5.228514,4.8e-05,49.000395,4e-05,2.124013
run_absl_btree_set,com-friendster,100,2,5e-05,84.713095,4.1e-05,5.225611,4.8e-05,48.032404,4.6e-05,2.111033
run_absl_btree_set,com-friendster,100,3,5.3e-05,81.488783,8e-05,5.178061,5.3e-05,48.647455,4.3e-05,2.140945
run_absl_btree_set,com-friendster,100,4,5.3e-05,91.46073,5.6e-05,5.24408,4.4e-05,49.131802,5.3e-05,2.134144
run_absl_btree_set,com-friendster,100,5,6.2e-05,80.798278,5.3e-05,5.040205,5e-05,49.119383,4.8e-05,2.103739
run_absl_btree_set,com-friendster,100,6,5.1e-05,65.485343,8.8e-05,5.156758,4.1e-05,49.690954,4.4e-05,2.120572
run_absl_btree_set,com-friendster,100,7,5.8e-05,70.887939,9.2e-05,5.106445,5.1e-05,49.051491,4.3e-05,2.099037
run_absl_btree_set,com-friendster,100,8,4.7e-05,71.13287,7.3e-05,5.049913,4.7e-05,48.858608,4.4e-05,2.085631
run_absl_btree_set,com-friendster,100,9,5.8e-05,40.036976,6.9e-05,5.046317,0.00034,49.169075,4.6e-05,2.094215
run_absl_btree_set,com-orkut.ungraph,1000,0,7.5e-05,0.305191,9.7e-05,0.051414,8.4e-05,3.825638,0.000101,0.014602
run_absl_btree_set,com-orkut.ungraph,1000,1,0.000111,0.306674,0.000114,0.049205,0.000603,3.759311,9.5e-05,0.007049
run_absl_btree_set,com-orkut.ungraph,1000,2,9.9e-05,0.302976,0.000107,0.047275,0.000567,3.710771,9.2e-05,0.006812
run_absl_btree_set,com-orkut.ungraph,1000,3,0.000106,0.303051,0.000111,0.046283,0.000124,3.566453,0.000119,0.00691
run_absl_btree_set,com-orkut.ungraph,1000,4,0.000104,0.302862,0.00012,0.046941,0.000127,3.685423,0.000105,0.006793
run_absl_btree_set,com-orkut.ungraph,1000,5,0.000102,0.305024,0.00012,0.046266,0.000587,3.554622,8.4e-05,0.006934
run_absl_btree_set,com-orkut.ungraph,1000,6,9.8e-05,0.304665,0.000132,0.046499,0.000126,3.55561,9.1e-05,0.006846
run_absl_btree_set,com-orkut.ungraph,1000,7,0.000105,0.301266,0.000124,0.046838,0.000129,3.54671,9.4e-05,0.006947
run_absl_btree_set,com-orkut.ungraph,1000,8,0.000101,0.303475,0.000216,0.046767,0.000181,3.540176,9.2e-05,0.006857
run_absl_btree_set,com-orkut.ungraph,1000,9,0.000108,0.238322,0.000151,0.046468,0.000121,3.546795,9.5e-05,0.006839
run_absl_btree_set,cit-Patents,1000,0,6.7e-05,0.154664,7.5e-05,0.022636,7.1e-05,5.336614,7.7e-05,0.017768
run_absl_btree_set,cit-Patents,1000,1,8.9e-05,0.157216,9.9e-05,0.021216,0.00012,5.248827,8.6e-05,0.011634
run_absl_btree_set,cit-Patents,1000,2,9.8e-05,0.161067,9.2e-05,0.020656,0.000127,5.358887,8.8e-05,0.011611
run_absl_btree_set,cit-Patents,1000,3,9e-05,0.164465,9.9e-05,0.020679,0.000791,5.46208,8.9e-05,0.011582
run_absl_btree_set,cit-Patents,1000,4,0.000393,0.166113,0.000105,0.020831,0.000478,5.476159,8.8e-05,0.011573
run_absl_btree_set,cit-Patents,1000,5,9.7e-05,0.163997,9.9e-05,0.020463,0.000609,5.298808,8.6e-05,0.011644
run_absl_btree_set,cit-Patents,1000,6,9.4e-05,0.164488,9.3e-05,0.021155,0.000111,5.269317,8.6e-05,0.011616
run_absl_btree_set,cit-Patents,1000,7,0.000107,0.163211,9.2e-05,0.021203,0.000113,5.247443,9e-05,0.011571
run_absl_btree_set,cit-Patents,1000,8,0.000107,0.164066,0.000103,0.021478,0.000107,5.25382,9e-05,0.01161
run_absl_btree_set,cit-Patents,1000,9,9.3e-05,0.153455,8.8e-05,0.020835,0.000115,5.274574,8.9e-05,0.011551
run_absl_btree_set,soc-LiveJournal1,1000,0,8e-05,0.191364,8.3e-05,0.029473,9.2e-05,5.188855,9.7e-05,0.018436
run_absl_btree_set,soc-LiveJournal1,1000,1,9.7e-05,0.186983,0.000102,0.024098,0.000341,5.086362,0.000121,0.009568
run_absl_btree_set,soc-LiveJournal1,1000,2,9.2e-05,0.188005,0.000116,0.024324,0.000119,5.046968,0.000106,0.009661
run_absl_btree_set,soc-LiveJournal1,1000,3,9.7e-05,0.206391,0.000113,0.02413,0.000109,5.272554,0.000113,0.009592
run_absl_btree_set,soc-LiveJournal1,1000,4,0.000371,0.205881,0.000116,0.024411,0.000423,5.051885,0.00012,0.009503
run_absl_btree_set,soc-LiveJournal1,1000,5,9.8e-05,0.208499,9.8e-05,0.024142,0.000102,4.996614,0.00011,0.009542
run_absl_btree_set,soc-LiveJournal1,1000,6,0.000184,0.200531,0.000125,0.024393,9e-05,5.005271,0.000119,0.009642
run_absl_btree_set,soc-LiveJournal1,1000,7,0.000296,0.198983,0.000147,0.024329,9.1e-05,4.99318,0.000122,0.009478
run_absl_btree_set,soc-LiveJournal1,1000,8,0.000109,0.206198,0.00012,0.024105,9.6e-05,4.984209,0.000115,0.009548
run_absl_btree_set,soc-LiveJournal1,1000,9,0.000103,0.198546,0.000134,0.024012,9.4e-05,5.151907,0.000108,0.00961
run_absl_btree_set,twitter-unique-undir,1000,0,0.000509,9.417587,0.00084,1.078017,0.000427,33.029917,0.00083,0.199276
run_absl_btree_set,twitter-unique-undir,1000,1,0.000173,8.875052,0.000286,0.960488,0.000281,32.802761,0.000692,0.096476
run_absl_btree_set,twitter-unique-undir,1000,2,0.000205,8.55624,0.000411,0.959074,0.000162,32.393961,0.001041,0.096791
run_absl_btree_set,twitter-unique-undir,1000,3,0.00032,8.563295,0.000504,0.943914,0.000271,32.238549,0.001227,0.095047
run_absl_btree_set,twitter-unique-undir,1000,4,0.000249,8.545261,0.000398,0.939095,0.000175,32.294113,0.000991,0.094716
run_absl_btree_set,twitter-unique-undir,1000,5,0.000159,8.525722,0.000506,0.946076,0.000498,32.773607,0.000936,0.095993
run_absl_btree_set,twitter-unique-undir,1000,6,0.000268,8.58873,0.000624,0.948057,0.00056,32.601362,0.001389,0.095814
run_absl_btree_set,twitter-unique-undir,1000,7,0.00021,10.947928,0.00039,0.939623,0.000384,32.35508,0.00093,0.094531
run_absl_btree_set,twitter-unique-undir,1000,8,0.000216,13.420035,0.00054,0.942117,0.000202,33.821834,0.001198,0.095171
run_absl_btree_set,twitter-unique-undir,1000,9,0.000307,13.849616,0.000528,0.937507,0.000235,33.754579,0.001489,0.097549
run_absl_btree_set,com-friendster,1000,0,8.9e-05,51.055129,9.2e-05,4.513611,9.9e-05,48.420265,0.000102,4.40898
run_absl_btree_set,com-friendster,1000,1,9.7e-05,56.83477,0.000205,3.811047,0.000123,47.303742,0.000108,2.184931
run_absl_btree_set,com-friendster,1000,2,0.000117,63.707839,0.000139,3.898227,0.000111,45.860567,0.000114,2.175553
run_absl_btree_set,com-friendster,1000,3,0.000112,71.918034,0.000145,3.850565,0.000108,45.910374,0.000115,2.157895
run_absl_btree_set,com-friendster,1000,4,0.000245,80.880192,0.000157,3.866938,0.000107,45.243966,0.000113,2.142293
run_absl_btree_set,com-friendster,1000,5,0.000121,76.760609,0.000163,3.898939,0.000109,49.732361,0.000118,2.125242
run_absl_btree_set,com-friendster,1000,6,0.000186,80.486588,0.000213,3.813589,0.000104,44.663163,0.000106,2.097762
run_absl_btree_set,com-friendster,1000,7,0.000111,80.023356,0.000225,3.864281,0.000114,45.27705,0.000116,2.082618
run_absl_btree_set,com-friendster,1000,8,0.000111,40.073125,0.000184,3.781544,0.000101,45.231682,0.000133,2.090615
run_absl_btree_set,com-friendster,1000,9,0.000115,37.731465,0.00023,3.870429,9.9e-05,45.106155,0.000118,2.079547
run_absl_btree_set,com-orkut.ungraph,10000,0,0.002564,0.30828,0.002517,0.047789,0.002871,3.589757,0.002478,0.013542
run_absl_btree_set,com-orkut.ungraph,10000,1,0.002358,0.297316,0.002467,0.040345,0.002984,3.513772,0.002196,0.007153
run_absl_btree_set,com-orkut.ungraph,10000,2,0.002353,0.295229,0.00245,0.039934,0.002941,3.525521,0.002193,0.007118
run_absl_btree_set,com-orkut.ungraph,10000,3,0.002352,0.300035,0.002501,0.040013,0.002957,3.502295,0.002145,0.006981
run_absl_btree_set,com-orkut.ungraph,10000,4,0.002378,0.296005,0.002457,0.040086,0.003031,3.496781,0.002185,0.007031
run_absl_btree_set,com-orkut.ungraph,10000,5,0.00233,0.296187,0.002522,0.039811,0.002996,3.50465,0.002157,0.007073
run_absl_btree_set,com-orkut.ungraph,10000,6,0.002364,0.299498,0.002501,0.040559,0.003329,3.592177,0.002182,0.007006
run_absl_btree_set,com-orkut.ungraph,10000,7,0.002393,0.296022,0.002476,0.040555,0.003739,3.586806,0.002171,0.0069
run_absl_btree_set,com-orkut.ungraph,10000,8,0.002401,0.297678,0.002605,0.040367,0.003764,3.613728,0.002178,0.006947
run_absl_btree_set,com-orkut.ungraph,10000,9,0.002417,0.2673,0.002843,0.039968,0.003033,3.468102,0.002168,0.006769
run_absl_btree_set,cit-Patents,10000,0,0.002719,0.183487,0.002777,0.022996,0.002954,5.220285,0.002663,0.015571
run_absl_btree_set,cit-Patents,10000,1,0.003103,0.182426,0.002728,0.021816,0.003079,5.070529,0.002775,0.012822
run_absl_btree_set,cit-Patents,10000,2,0.003018,0.171773,0.002675,0.02254,0.003921,5.021965,0.002732,0.012717
run_absl_btree_set,cit-Patents,10000,3,0.002645,0.17662,0.002723,0.021568,0.003141,5.061711,0.002743,0.0127
run_absl_btree_set,cit-Patents,10000,4,0.002746,0.175856,0.002713,0.021494,0.003299,5.006969,0.002737,0.012732
run_absl_btree_set,cit-Patents,10000,5,0.003281,0.187066,0.002699,0.021807,0.003649,4.969566,0.002727,0.012734
run_absl_btree_set,cit-Patents,10000,6,0.004112,0.184645,0.002836,0.021431,0.003402,5.022463,0.002765,0.012797
run_absl_btree_set,cit-Patents,10000,7,0.002951,0.168178,0.002821,0.021441,0.003296,4.987096,0.002834,0.012804
run_absl_btree_set,cit-Patents,10000,8,0.003175,0.169684,0.002768,0.021635,0.002966,4.956862,0.002819,0.012952
run_absl_btree_set,cit-Patents,10000,9,0.003189,0.157247,0.002785,0.021505,0.003006,5.011351,0.00283,0.012761
run_absl_btree_set,soc-LiveJournal1,10000,0,0.002299,0.196675,0.002605,0.027356,0.002353,5.104533,0.002385,0.013279
run_absl_btree_set,soc-LiveJournal1,10000,1,0.002267,0.19375,0.002612,0.024545,0.002604,5.052298,0.002203,0.010625
run_absl_btree_set,soc-LiveJournal1,10000,2,0.002332,0.22006,0.002647,0.024458,0.002537,5.080227,0.002175,0.010736
run_absl_btree_set,soc-LiveJournal1,10000,3,0.002472,0.226221,0.002672,0.024274,0.002645,5.08585,0.002174,0.010785
run_absl_btree_set,soc-LiveJournal1,10000,4,0.002604,0.240718,0.002617,0.024087,0.002339,5.039868,0.002169,0.010771
run_absl_btree_set,soc-LiveJournal1,10000,5,0.00267,0.230778,0.002782,0.024481,0.002266,5.010509,0.002142,0.010706
run_absl_btree_set,soc-LiveJournal1,10000,6,0.002383,0.19913,0.002711,0.025018,0.002264,5.074984,0.002157,0.010721
run_absl_btree_set,soc-LiveJournal1,10000,7,0.003763,0.203681,0.00286,0.024846,0.002461,5.033003,0.00216,0.010703
run_absl_btree_set,soc-LiveJournal1,10000,8,0.002229,0.193166,0.002869,0.024803,0.002313,5.022138,0.002165,0.010861
run_absl_btree_set,soc-LiveJournal1,10000,9,0.002361,0.19675,0.003097,0.025932,0.002502,5.022456,0.002262,0.011512
run_absl_btree_set,twitter-unique-undir,10000,0,0.004287,7.895177,0.004955,1.024834,0.004202,38.95106,0.005343,0.196998
run_absl_btree_set,twitter-unique-undir,10000,1,0.00265,7.716926,0.003263,0.883716,0.003256,38.835846,0.00593,0.095204
run_absl_btree_set,twitter-unique-undir,10000,2,0.002737,7.258857,0.003316,0.866279,0.003428,38.539854,0.004716,0.093479
run_absl_btree_set,twitter-unique-undir,10000,3,0.002675,7.130682,0.00327,0.875153,0.003056,37.657762,0.005145,0.092941
run_absl_btree_set,twitter-unique-undir,10000,4,0.002709,7.294271,0.003389,0.840182,0.002899,36.895626,0.005612,0.092713
run_absl_btree_set,twitter-unique-undir,10000,5,0.002688,8.611321,0.003464,0.833438,0.003011,37.519647,0.005157,0.092445
run_absl_btree_set,twitter-unique-undir,10000,6,0.002631,8.647448,0.00362,0.838211,0.002935,34.994857,0.005822,0.093691
run_absl_btree_set,twitter-unique-undir,10000,7,0.002639,8.240825,0.003763,0.850474,0.002825,34.868243,0.004849,0.093583
run_absl_btree_set,twitter-unique-undir,10000,8,0.002672,7.051414,0.003734,0.845819,0.002788,34.727421,0.005527,0.092301
run_absl_btree_set,twitter-unique-undir,10000,9,0.002726,8.605902,0.003909,0.848676,0.003002,36.169936,0.005371,0.092816
run_absl_btree_set,com-friendster,10000,0,0.002708,50.572758,0.002811,4.812684,0.003209,52.956163,0.002832,3.251453
run_absl_btree_set,com-friendster,10000,1,0.002531,50.500174,0.002808,3.966755,0.003635,51.748744,0.00248,2.515629
run_absl_btree_set,com-friendster,10000,2,0.002439,51.965026,0.002751,3.999917,0.003021,55.946937,0.002465,2.516808
run_absl_btree_set,com-friendster,10000,3,0.002503,53.87634,0.002864,3.939413,0.003022,55.661917,0.002481,2.504874
run_absl_btree_set,com-friendster,10000,4,0.002499,56.662543,0.002881,3.889441,0.003018,73.571003,0.002452,2.461366
run_absl_btree_set,com-friendster,10000,5,0.002404,52.381281,0.003161,3.932088,0.003082,68.007753,0.0025,2.454629
run_absl_btree_set,com-friendster,10000,6,0.002392,52.895543,0.002965,3.95486,0.00301,48.659372,0.002542,2.479569
run_absl_btree_set,com-friendster,10000,7,0.002393,48.824554,0.00297,3.912651,0.003015,50.298016,0.002413,2.460329
run_absl_btree_set,com-friendster,10000,8,0.002461,48.933459,0.003011,3.905117,0.003048,49.303095,0.002808,2.430631
run_absl_btree_set,com-friendster,10000,9,0.002626,25.625041,0.003482,3.928428,0.003003,50.708537,0.002516,2.402954
run_absl_btree_set,com-orkut.ungraph,100000,0,0.003184,0.300965,0.00342,0.042661,0.003488,3.67895,0.003212,0.00836
run_absl_btree_set,com-orkut.ungraph,100000,1,0.003595,0.299101,0.004029,0.041871,0.008991,3.68071,0.003148,0.00638
run_absl_btree_set,com-orkut.ungraph,100000,2,0.003665,0.299861,0.004143,0.04222,0.004948,3.59968,0.003264,0.006276
run_absl_btree_set,com-orkut.ungraph,100000,3,0.003707,0.300648,0.004105,0.042367,0.005193,3.633833,0.003256,0.006222
run_absl_btree_set,com-orkut.ungraph,100000,4,0.003719,0.298813,0.004173,0.042016,0.005416,3.642484,0.003286,0.006192
run_absl_btree_set,com-orkut.ungraph,100000,5,0.003805,0.300554,0.004258,0.042544,0.005666,3.707072,0.003264,0.006315
run_absl_btree_set,com-orkut.ungraph,100000,6,0.003773,0.301724,0.004171,0.043932,0.005565,3.703421,0.003263,0.006306
run_absl_btree_set,com-orkut.ungraph,100000,7,0.003922,0.302306,0.005979,0.043224,0.006398,3.772339,0.003217,0.00645
run_absl_btree_set,com-orkut.ungraph,100000,8,0.003905,0.302534,0.00435,0.045584,0.006723,3.719512,0.003269,0.006312
run_absl_btree_set,com-orkut.ungraph,100000,9,0.004011,0.275228,0.004524,0.042648,0.005699,3.686548,0.003329,0.006064
run_absl_btree_set,cit-Patents,100000,0,0.003456,0.174834,0.003337,0.024,0.003787,5.296715,0.003807,0.01292
run_absl_btree_set,cit-Patents,100000,1,0.003728,0.17273,0.00328,0.022851,0.005109,5.263295,0.003835,0.012466
run_absl_btree_set,cit-Patents,100000,2,0.004417,0.185546,0.003431,0.023283,0.004907,5.21694,0.003885,0.012589
run_absl_btree_set,cit-Patents,100000,3,0.004355,0.184265,0.003532,0.022953,0.004142,5.180819,0.003985,0.012663
run_absl_btree_set,cit-Patents,100000,4,0.003826,0.186324,0.003575,0.023431,0.004195,5.19113,0.003949,0.012661
run_absl_btree_set,cit-Patents,100000,5,0.003719,0.190827,0.003633,0.022279,0.004468,5.181623,0.003979,0.012682
run_absl_btree_set,cit-Patents,100000,6,0.00438,0.194409,0.003687,0.022692,0.004781,5.135209,0.003997,0.01347
run_absl_btree_set,cit-Patents,100000,7,0.004216,0.185032,0.003722,0.023201,0.004168,5.139331,0.00408,0.013261
run_absl_btree_set,cit-Patents,100000,8,0.004108,0.188393,0.004058,0.023138,0.004495,5.221173,0.004066,0.013294
run_absl_btree_set,cit-Patents,100000,9,0.004957,0.189497,0.003829,0.023398,0.005168,5.130219,0.004185,0.013328
run_absl_btree_set,soc-LiveJournal1,100000,0,0.003441,0.190079,0.003012,0.028664,0.003666,5.311914,0.003622,0.010242
run_absl_btree_set,soc-LiveJournal1,100000,1,0.003605,0.205285,0.003184,0.026886,0.005008,5.340253,0.003655,0.009674
run_absl_btree_set,soc-LiveJournal1,100000,2,0.005638,0.227703,0.003359,0.026898,0.005052,5.406169,0.003657,0.009709
run_absl_btree_set,soc-LiveJournal1,100000,3,0.00481,0.214172,0.003261,0.027483,0.004617,5.3925,0.003663,0.009628
run_absl_btree_set,soc-LiveJournal1,100000,4,0.004188,0.199368,0.003292,0.026852,0.004555,5.370751,0.00363,0.009677
run_absl_btree_set,soc-LiveJournal1,100000,5,0.004163,0.19321,0.003281,0.027055,0.004203,5.379851,0.00367,0.00975
run_absl_btree_set,soc-LiveJournal1,100000,6,0.004555,0.210084,0.003297,0.027048,0.00422,5.386235,0.003631,0.009712
run_absl_btree_set,soc-LiveJournal1,100000,7,0.005043,0.212821,0.003263,0.027308,0.005268,5.302515,0.00361,0.00982
run_absl_btree_set,soc-LiveJournal1,100000,8,0.005521,0.214918,0.003534,0.027049,0.004289,5.302105,0.003766,0.010058
run_absl_btree_set,soc-LiveJournal1,100000,9,0.004824,0.203314,0.003566,0.027093,0.004368,5.258984,0.00376,0.009829
run_absl_btree_set,twitter-unique-undir,100000,0,0.011947,7.548777,0.012378,0.986156,0.01191,32.947417,0.017733,0.164626
run_absl_btree_set,twitter-unique-undir,100000,1,0.007942,7.435466,0.010058,0.901454,0.008734,32.778174,0.018166,0.105178
run_absl_btree_set,twitter-unique-undir,100000,2,0.008339,7.297992,0.008582,0.902128,0.006443,32.226475,0.01774,0.101562
run_absl_btree_set,twitter-unique-undir,100000,3,0.007108,7.246919,0.008912,0.893773,0.006466,32.641772,0.017443,0.102323
run_absl_btree_set,twitter-unique-undir,100000,4,0.007496,7.256232,0.011847,0.90147,0.006155,32.520256,0.018669,0.1026
run_absl_btree_set,twitter-unique-undir,100000,5,0.008407,7.248834,0.010856,0.876308,0.0059,32.11732,0.017804,0.100962
run_absl_btree_set,twitter-unique-undir,100000,6,0.008988,8.146299,0.012913,0.89088,0.00636,32.40985,0.021491,0.101177
run_absl_btree_set,twitter-unique-undir,100000,7,0.007812,8.966674,0.01134,0.893572,0.004852,32.163035,0.016666,0.102462
run_absl_btree_set,twitter-unique-undir,100000,8,0.008195,7.710855,0.012703,0.872527,0.00535,32.298848,0.018794,0.10108
run_absl_btree_set,twitter-unique-undir,100000,9,0.008595,9.413154,0.013035,0.884225,0.005108,31.944951,0.015914,0.101077
run_absl_btree_set,com-friendster,100000,0,0.004825,54.312956,0.005217,4.148254,0.007085,51.792092,0.005928,2.843853
run_absl_btree_set,com-friendster,100000,1,0.005682,55.388574,0.005491,3.911872,0.010577,50.634809,0.004945,2.197148
run_absl_btree_set,com-friendster,100000,2,0.009538,54.929236,0.005788,3.86384,0.007738,49.850244,0.004795,2.208767
run_absl_btree_set,com-friendster,100000,3,0.00568,54.530556,0.005858,3.939244,0.007291,51.415936,0.004725,2.199758
run_absl_btree_set,com-friendster,100000,4,0.005048,54.521709,0.006397,3.823985,0.005587,60.953168,0.004593,2.202352
run_absl_btree_set,com-friendster,100000,5,0.004882,54.512597,0.005852,3.890727,0.005224,77.333454,0.004293,2.191476
run_absl_btree_set,com-friendster,100000,6,0.004699,54.478239,0.00612,3.886354,0.005466,70.23817,0.004705,2.169659
run_absl_btree_set,com-friendster,100000,7,0.004662,54.388283,0.00667,3.877834,0.00602,81.088867,0.004728,2.169224
run_absl_btree_set,com-friendster,100000,8,0.004737,54.346041,0.006684,3.841111,0.006023,60.377186,0.004697,2.170637
run_absl_btree_set,com-friendster,100000,9,0.005395,25.793475,0.007507,3.901949,0.005027,64.799948,0.004746,2.163281
run_absl_btree_set,com-orkut.ungraph,1000000,0,0.007717,0.302221,0.007766,0.044461,0.007948,3.648839,0.008091,0.007666
run_absl_btree_set,com-orkut.ungraph,1000000,1,0.008206,0.296942,0.008234,0.043707,0.009356,3.598044,0.008044,0.006983
run_absl_btree_set,com-orkut.ungraph,1000000,2,0.008152,0.298736,0.008184,0.043981,0.011925,3.57742,0.009896,0.007107
run_absl_btree_set,com-orkut.ungraph,1000000,3,0.00803,0.301055,0.008419,0.044089,0.010165,3.745705,0.008147,0.00688
run_absl_btree_set,com-orkut.ungraph,1000000,4,0.008336,0.315782,0.008353,0.043976,0.010571,3.636551,0.008329,0.007361
run_absl_btree_set,com-orkut.ungraph,1000000,5,0.008147,0.312842,0.008462,0.044031,0.011106,3.659912,0.008509,0.007121
run_absl_btree_set,com-orkut.ungraph,1000000,6,0.008084,0.312816,0.008114,0.044742,0.010878,3.67111,0.008736,0.00702
run_absl_btree_set,com-orkut.ungraph,1000000,7,0.008208,0.319126,0.008268,0.044734,0.011506,3.866034,0.008413,0.006918
run_absl_btree_set,com-orkut.ungraph,1000000,8,0.008386,0.32001,0.008283,0.045059,0.01257,3.798957,0.008194,0.007033
run_absl_btree_set,com-orkut.ungraph,1000000,9,0.00868,0.32096,0.008547,0.045995,0.014556,3.683378,0.008057,0.006888
run_absl_btree_set,cit-Patents,1000000,0,0.012761,0.144897,0.017186,0.020619,0.012541,5.468975,0.012818,0.012044
run_absl_btree_set,cit-Patents,1000000,1,0.014447,0.152696,0.013545,0.021885,0.013497,5.483832,0.013311,0.011343
run_absl_btree_set,cit-Patents,1000000,2,0.014037,0.159114,0.014544,0.02118,0.014679,5.407609,0.015533,0.011405
run_absl_btree_set,cit-Patents,1000000,3,0.01685,0.162744,0.014503,0.020889,0.015199,5.307265,0.013871,0.010742
run_absl_btree_set,cit-Patents,1000000,4,0.014703,0.163735,0.014773,0.0214,0.015101,5.221821,0.013577,0.010834
run_absl_btree_set,cit-Patents,1000000,5,0.015424,0.17248,0.014571,0.021746,0.01446,5.172339,0.013202,0.01196
run_absl_btree_set,cit-Patents,1000000,6,0.015619,0.178933,0.017461,0.02592,0.013927,5.155737,0.013676,0.011368
run_absl_btree_set,cit-Patents,1000000,7,0.0158,0.183055,0.016131,0.027016,0.013737,5.139518,0.013529,0.010957
run_absl_btree_set,cit-Patents,1000000,8,0.01521,0.190469,0.018434,0.031056,0.014924,5.083451,0.01344,0.011155
run_absl_btree_set,cit-Patents,1000000,9,0.015458,0.182994,0.021345,0.035878,0.015372,5.089454,0.014096,0.01161
run_absl_btree_set,soc-LiveJournal1,1000000,0,0.007948,0.195702,0.0079,0.024588,0.008733,5.320238,0.00799,0.011721
run_absl_btree_set,soc-LiveJournal1,1000000,1,0.009105,0.201532,0.008462,0.025006,0.010132,5.34767,0.008843,0.010916
run_absl_btree_set,soc-LiveJournal1,1000000,2,0.009225,0.19821,0.008713,0.025729,0.013352,5.463771,0.008727,0.010922
run_absl_btree_set,soc-LiveJournal1,1000000,3,0.009333,0.207872,0.00846,0.025643,0.012382,5.515656,0.0087,0.010946
run_absl_btree_set,soc-LiveJournal1,1000000,4,0.009251,0.211286,0.008816,0.025848,0.011759,5.438719,0.008745,0.010802
run_absl_btree_set,soc-LiveJournal1,1000000,5,0.009297,0.20773,0.008777,0.026848,0.011671,5.391074,0.008977,0.010976
run_absl_btree_set,soc-LiveJournal1,1000000,6,0.009074,0.210889,0.008736,0.026574,0.010761,5.306094,0.008826,0.010837
run_absl_btree_set,soc-LiveJournal1,1000000,7,0.009432,0.216465,0.008986,0.026904,0.011336,5.556444,0.008818,0.011107
run_absl_btree_set,soc-LiveJournal1,1000000,8,0.009321,0.222523,0.008747,0.027047,0.012035,5.542042,0.009093,0.010941
run_absl_btree_set,soc-LiveJournal1,1000000,9,0.010368,0.223931,0.008932,0.031801,0.010986,5.271324,0.009127,0.01085
run_absl_btree_set,twitter-unique-undir,1000000,0,0.042513,6.766178,0.043414,0.835576,0.045299,33.449853,0.047455,0.10856
run_absl_btree_set,twitter-unique-undir,1000000,1,0.054412,6.650395,0.048201,0.835861,0.052372,31.79655,0.053893,0.103208
run_absl_btree_set,twitter-unique-undir,1000000,2,0.051623,6.545375,0.047939,0.852133,0.037958,31.312129,0.051396,0.103744
run_absl_btree_set,twitter-unique-undir,1000000,3,0.048555,6.565046,0.048309,0.856233,0.036148,31.54442,0.048316,0.102838
run_absl_btree_set,twitter-unique-undir,1000000,4,0.048945,6.589926,0.052636,0.858157,0.04146,31.562689,0.054736,0.104306
run_absl_btree_set,twitter-unique-undir,1000000,5,0.050749,6.595127,0.055261,0.85713,0.042312,31.592384,0.053628,0.098738
run_absl_btree_set,twitter-unique-undir,1000000,6,0.055749,6.614809,0.063037,0.851367,0.050661,31.21965,0.061407,0.097924
run_absl_btree_set,twitter-unique-undir,1000000,7,0.03666,6.633715,0.045026,0.858627,0.028568,31.324825,0.044815,0.098778
run_absl_btree_set,twitter-unique-undir,1000000,8,0.049197,7.305825,0.058395,0.855783,0.037127,31.812804,0.052173,0.098959
run_absl_btree_set,twitter-unique-undir,1000000,9,0.048403,7.967783,0.066179,0.881241,0.035661,31.617584,0.051403,0.099723
run_absl_btree_set,com-friendster,1000000,0,0.023377,69.911131,0.023482,4.326809,0.025071,51.824727,0.023332,3.011408
run_absl_btree_set,com-friendster,1000000,1,0.02695,111.66485,0.026694,4.086306,0.025687,51.688899,0.029232,2.94097
run_absl_btree_set,com-friendster,1000000,2,0.027231,129.119077,0.026077,4.156151,0.058186,60.157154,0.027831,2.921083
run_absl_btree_set,com-friendster,1000000,3,0.026936,137.907256,0.025646,4.173298,0.04087,57.70595,0.030857,2.911877
run_absl_btree_set,com-friendster,1000000,4,0.025369,130.089821,0.026786,4.18115,0.035648,62.98607,0.027828,2.870943
run_absl_btree_set,com-friendster,1000000,5,0.024995,130.838256,0.025886,4.162587,0.025943,66.417879,0.027564,2.869315
run_absl_btree_set,com-friendster,1000000,6,0.024085,144.163809,0.025033,4.127958,0.024702,52.018875,0.028591,2.853038
run_absl_btree_set,com-friendster,1000000,7,0.028837,142.844905,0.025555,4.059392,0.028654,56.426558,0.026909,2.837781
run_absl_btree_set,com-friendster,1000000,8,0.026357,146.294368,0.025463,4.122965,0.029136,59.393912,0.028936,2.834174
run_absl_btree_set,com-friendster,1000000,9,0.02882,76.838022,0.029544,4.195,0.027115,51.911888,0.030515,2.863037
run_absl_flat_hash_set,com-orkut.ungraph,1,0,1e-06,0.362363,2e-06,0.052606,1e-06,3.540805,1e-06,0.017488
run_absl_flat_hash_set,com-orkut.ungraph,1,1,6e-06,0.402091,5e-06,0.043823,4e-06,3.41386,5e-06,0.011995
run_absl_flat_hash_set,com-orkut.ungraph,1,2,5e-06,0.383475,5e-06,0.043609,4e-06,3.392912,4e-06,0.011839
run_absl_flat_hash_set,com-orkut.ungraph,1,3,6e-06,0.353625,5e-06,0.043121,5e-06,3.390973,3e-06,0.011938
run_absl_flat_hash_set,com-orkut.ungraph,1,4,4e-06,0.349474,3e-06,0.043938,4e-06,3.349246,2e-06,0.01331
run_absl_flat_hash_set,com-orkut.ungraph,1,5,3e-06,0.344621,3e-06,0.044536,5e-06,3.32019,3e-06,0.012651
run_absl_flat_hash_set,com-orkut.ungraph,1,6,5e-06,0.345733,6e-06,0.044679,4e-06,3.316089,5e-06,0.012135
run_absl_flat_hash_set,com-orkut.ungraph,1,7,4e-06,0.354625,3e-06,0.043541,4e-06,3.321001,2e-06,0.011915
run_absl_flat_hash_set,com-orkut.ungraph,1,8,5e-06,0.344215,3e-06,0.043896,5e-06,3.36813,4e-06,0.012002
run_absl_flat_hash_set,com-orkut.ungraph,1,9,5e-06,0.347672,7e-06,0.043881,4e-06,3.352406,8e-06,0.013162
run_absl_flat_hash_set,cit-Patents,1,0,1e-06,0.208776,1e-06,0.027294,2e-06,4.536315,2e-06,0.027123
run_absl_flat_hash_set,cit-Patents,1,1,4e-06,0.214929,4e-06,0.02032,4e-06,4.479798,4e-06,0.014201
run_absl_flat_hash_set,cit-Patents,1,2,4e-06,0.201444,5e-06,0.01985,3e-06,4.54241,5e-06,0.014101
run_absl_flat_hash_set,cit-Patents,1,3,4e-06,0.202649,5e-06,0.019661,4e-06,4.555029,4e-06,0.014379
run_absl_flat_hash_set,cit-Patents,1,4,5e-06,0.211042,5e-06,0.019858,3e-06,4.502698,6e-06,0.014074
run_absl_flat_hash_set,cit-Patents,1,5,5e-06,0.195168,5e-06,0.019684,3e-06,4.484737,5e-06,0.014011
run_absl_flat_hash_set,cit-Patents,1,6,5e-06,0.190114,5e-06,0.019544,5e-06,4.512114,4e-06,0.014082
run_absl_flat_hash_set,cit-Patents,1,7,2.1e-05,0.193071,5e-06,0.019934,4e-06,4.557609,5e-06,0.014016
run_absl_flat_hash_set,cit-Patents,1,8,3e-06,0.190499,4e-06,0.022424,3e-06,4.483737,6e-06,0.014031
run_absl_flat_hash_set,cit-Patents,1,9,5e-06,0.190613,4e-06,0.019787,3e-06,4.510559,5e-06,0.014052
run_absl_flat_hash_set,soc-LiveJournal1,1,0,2e-06,0.242652,1e-06,0.034217,1e-06,4.840523,2e-06,0.018343
run_absl_flat_hash_set,soc-LiveJournal1,1,1,6e-06,0.229307,3e-06,0.030679,3e-06,4.713846,4e-06,0.01196
run_absl_flat_hash_set,soc-LiveJournal1,1,2,5e-06,0.236934,4e-06,0.030398,3e-06,4.718432,6e-06,0.011631
run_absl_flat_hash_set,soc-LiveJournal1,1,3,7e-06,0.2394,5e-06,0.030882,5e-06,4.719476,3e-06,0.01191
run_absl_flat_hash_set,soc-LiveJournal1,1,4,7e-06,0.243995,5e-06,0.030238,5e-06,4.736624,4e-06,0.01193
run_absl_flat_hash_set,soc-LiveJournal1,1,5,8e-06,0.236205,3e-06,0.030397,6e-06,4.805134,5e-06,0.011862
run_absl_flat_hash_set,soc-LiveJournal1,1,6,3e-06,0.223976,5e-06,0.030389,4e-06,4.736489,1.1e-05,0.011881
run_absl_flat_hash_set,soc-LiveJournal1,1,7,7e-06,0.221683,5e-06,0.0304,7e-06,4.7746,5e-06,0.011736
run_absl_flat_hash_set,soc-LiveJournal1,1,8,9e-06,0.224888,5e-06,0.030312,7e-06,4.751162,6e-06,0.011983
run_absl_flat_hash_set,soc-LiveJournal1,1,9,8e-06,0.231854,4e-06,0.030772,4e-06,4.738146,3e-06,0.01186
run_absl_flat_hash_set,twitter-unique-undir,1,0,3e-06,11.225145,2e-06,1.515498,1e-06,40.50499,2e-06,0.275295
run_absl_flat_hash_set,twitter-unique-undir,1,1,5e-06,10.400393,4e-06,1.443573,4e-06,39.769722,4e-06,0.167499
run_absl_flat_hash_set,twitter-unique-undir,1,2,5e-06,10.048117,3e-06,1.449665,3e-06,39.259943,4e-06,0.170558
run_absl_flat_hash_set,twitter-unique-undir,1,3,5e-06,9.996406,4e-06,1.44375,4e-06,39.025374,7e-06,0.168468
run_absl_flat_hash_set,twitter-unique-undir,1,4,4e-06,9.940749,4e-06,1.437579,3e-06,39.021425,5e-06,0.171652
run_absl_flat_hash_set,twitter-unique-undir,1,5,6e-06,9.857164,8e-06,1.441877,5e-06,38.907579,4e-06,0.170217
run_absl_flat_hash_set,twitter-unique-undir,1,6,5e-06,9.751798,5e-06,1.395622,5e-06,38.898478,3e-06,0.169493
run_absl_flat_hash_set,twitter-unique-undir,1,7,4e-06,10.277876,4e-06,1.408631,5e-06,38.922892,4e-06,0.165702
run_absl_flat_hash_set,twitter-unique-undir,1,8,4e-06,14.34033,7e-06,1.395815,5e-06,38.943916,3e-06,0.167789
run_absl_flat_hash_set,twitter-unique-undir,1,9,4e-06,15.231597,3e-06,1.399954,3e-06,38.888869,4e-06,0.173411
run_absl_flat_hash_set,com-friendster,1,0,2e-06,36.765944,2e-06,4.868266,2e-06,58.417656,3e-06,4.157814
run_absl_flat_hash_set,com-friendster,1,1,6e-06,29.565596,4e-06,4.557143,4e-06,63.658536,5e-06,3.855134
run_absl_flat_hash_set,com-friendster,1,2,6e-06,38.615408,4e-06,4.638102,4e-06,61.586323,5.2e-05,3.869826
run_absl_flat_hash_set,com-friendster,1,3,4e-06,40.265957,6e-06,4.628153,4e-06,80.428144,4e-06,3.874031
run_absl_flat_hash_set,com-friendster,1,4,5e-06,38.675956,4e-06,4.617866,3e-06,59.316234,3e-06,3.884474
run_absl_flat_hash_set,com-friendster,1,5,4e-06,31.973375,5e-06,4.568575,4e-06,81.013764,4e-06,3.891808
run_absl_flat_hash_set,com-friendster,1,6,5e-06,36.968628,6e-06,4.603777,4e-06,78.711246,4e-06,3.886436
run_absl_flat_hash_set,com-friendster,1,7,5e-06,34.560158,5e-06,4.620236,4e-06,90.251056,4e-06,3.885772
run_absl_flat_hash_set,com-friendster,1,8,5e-06,40.374515,6e-06,4.597532,3e-06,89.863372,4e-06,3.876859
run_absl_flat_hash_set,com-friendster,1,9,4e-06,37.093382,8e-06,4.570864,5e-06,87.077055,6e-06,3.879998
run_absl_flat_hash_set,com-orkut.ungraph,10,0,5e-06,0.325923,6e-06,0.050137,5e-06,3.437239,6e-06,0.022811
run_absl_flat_hash_set,com-orkut.ungraph,10,1,1e-05,0.30152,1.1e-05,0.044001,9e-06,3.371645,9e-06,0.011607
run_absl_flat_hash_set,com-orkut.ungraph,10,2,1.3e-05,0.316882,1.1e-05,0.044249,1.3e-05,3.369426,1.6e-05,0.011139
run_absl_flat_hash_set,com-orkut.ungraph,10,3,1.8e-05,0.313723,1.7e-05,0.044175,1.8e-05,3.337984,1.4e-05,0.011397
run_absl_flat_hash_set,com-orkut.ungraph,10,4,1.4e-05,0.303065,1.2e-05,0.044692,1.3e-05,3.350625,8e-06,0.011244
run_absl_flat_hash_set,com-orkut.ungraph,10,5,1.5e-05,0.30684,1e-05,0.044609,1.4e-05,3.358163,1.4e-05,0.011101
run_absl_flat_hash_set,com-orkut.ungraph,10,6,1.5e-05,0.318982,1.2e-05,0.045725,1.4e-05,3.406366,1.8e-05,0.011173
run_absl_flat_hash_set,com-orkut.ungraph,10,7,1.8e-05,0.312707,9e-06,0.043032,1.1e-05,3.379885,1.6e-05,0.011107
run_absl_flat_hash_set,com-orkut.ungraph,10,8,1.9e-05,0.304769,1.3e-05,0.043901,1.5e-05,3.364518,9e-06,0.011278
run_absl_flat_hash_set,com-orkut.ungraph,10,9,1.5e-05,0.318363,1.3e-05,0.043296,1.2e-05,3.354649,1.4e-05,0.010928
run_absl_flat_hash_set,cit-Patents,10,0,3e-06,0.172026,5e-06,0.026648,3e-06,4.654166,3e-06,0.020314
run_absl_flat_hash_set,cit-Patents,10,1,9e-06,0.169424,1e-05,0.023131,1e-05,4.573355,7e-06,0.017251
run_absl_flat_hash_set,cit-Patents,10,2,1e-05,0.174266,1.1e-05,0.022882,1.5e-05,4.603334,1e-05,0.017429
run_absl_flat_hash_set,cit-Patents,10,3,1.6e-05,0.17258,1.3e-05,0.023608,7.5e-05,4.637956,9e-06,0.017547
run_absl_flat_hash_set,cit-Patents,10,4,2e-05,0.170609,1.2e-05,0.022371,1.2e-05,4.61751,1e-05,0.017432
run_absl_flat_hash_set,cit-Patents,10,5,2e-05,0.172319,1.2e-05,0.02293,1.3e-05,4.584648,9e-06,0.020063
run_absl_flat_hash_set,cit-Patents,10,6,2e-05,0.169913,1.5e-05,0.023157,8e-06,4.589377,8e-06,0.017424
run_absl_flat_hash_set,cit-Patents,10,7,2e-05,0.156848,1.2e-05,0.023051,1.4e-05,4.617928,1e-05,0.017193
run_absl_flat_hash_set,cit-Patents,10,8,1.6e-05,0.155864,1.2e-05,0.022866,1.2e-05,4.677896,1.1e-05,0.017665
run_absl_flat_hash_set,cit-Patents,10,9,2.4e-05,0.154386,1.3e-05,0.022802,1e-05,4.604263,1.2e-05,0.017423
run_absl_flat_hash_set,soc-LiveJournal1,10,0,6e-06,0.188886,9e-06,0.034159,5e-06,4.80019,8e-06,0.018674
run_absl_flat_hash_set,soc-LiveJournal1,10,1,1.5e-05,0.186051,1.3e-05,0.029285,1e-05,4.706371,1.2e-05,0.014655
run_absl_flat_hash_set,soc-LiveJournal1,10,2,1.6e-05,0.187721,1.4e-05,0.029194,1e-05,4.70377,1.8e-05,0.014996
run_absl_flat_hash_set,soc-LiveJournal1,10,3,1.7e-05,0.190225,1.3e-05,0.029318,1.3e-05,4.758567,1.3e-05,0.014639
run_absl_flat_hash_set,soc-LiveJournal1,10,4,1.8e-05,0.193703,1.5e-05,0.029029,2.8e-05,4.754297,1.6e-05,0.014782
run_absl_flat_hash_set,soc-LiveJournal1,10,5,1.9e-05,0.197792,1.3e-05,0.029309,1.1e-05,4.68618,1.4e-05,0.014643
run_absl_flat_hash_set,soc-LiveJournal1,10,6,1.9e-05,0.192012,1.3e-05,0.029328,1.7e-05,4.70367,1.3e-05,0.01457
run_absl_flat_hash_set,soc-LiveJournal1,10,7,1.4e-05,0.191405,1.5e-05,0.028911,1.2e-05,4.711916,1.5e-05,0.014566
run_absl_flat_hash_set,soc-LiveJournal1,10,8,1.9e-05,0.189898,1.5e-05,0.029422,1.4e-05,4.673963,1.2e-05,0.01438
run_absl_flat_hash_set,soc-LiveJournal1,10,9,1.4e-05,0.188319,1.5e-05,0.02942,1.4e-05,4.670427,1.2e-05,0.014813
run_absl_flat_hash_set,twitter-unique-undir,10,0,1.4e-05,10.007501,1.2e-05,1.683285,8e-06,44.036484,3.5e-05,0.262169
run_absl_flat_hash_set,twitter-unique-undir,10,1,1.4e-05,9.323414,1.7e-05,1.541864,6.1e-05,43.520266,2.3e-05,0.185532
run_absl_flat_hash_set,twitter-unique-undir,10,2,2.3e-05,8.926196,1.7e-05,1.557846,1.8e-05,43.030554,2.2e-05,0.185657
run_absl_flat_hash_set,twitter-unique-undir,10,3,1.9e-05,8.912223,1.5e-05,1.529006,1.5e-05,42.719737,2.1e-05,0.185275
run_absl_flat_hash_set,twitter-unique-undir,10,4,1.7e-05,8.929037,1.4e-05,1.576559,1.5e-05,42.718202,2.1e-05,0.187442
run_absl_flat_hash_set,twitter-unique-undir,10,5,2.3e-05,8.932935,1.7e-05,1.568349,1.4e-05,42.714803,1.7e-05,0.191447
run_absl_flat_hash_set,twitter-unique-undir,10,6,1.8e-05,8.889386,1.5e-05,1.557321,1.7e-05,42.997482,2.7e-05,0.189563
run_absl_flat_hash_set,twitter-unique-undir,10,7,1.7e-05,9.30685,1.7e-05,1.541254,1.4e-05,42.738081,5.2e-05,0.189085
run_absl_flat_hash_set,twitter-unique-undir,10,8,2.3e-05,8.968162,2.1e-05,1.48238,1.8e-05,42.686486,4.4e-05,0.187397
run_absl_flat_hash_set,twitter-unique-undir,10,9,1.8e-05,8.633239,1.8e-05,1.476012,1.3e-05,42.767168,2.3e-05,0.186905
run_absl_flat_hash_set,com-friendster,10,0,9e-06,50.359954,1.3e-05,6.810248,5e-06,58.221655,2.1e-05,3.569705
run_absl_flat_hash_set,com-friendster,10,1,1.5e-05,45.620326,1.4e-05,5.8193,8e-06,56.989492,1.4e-05,3.246204
run_absl_flat_hash_set,com-friendster,10,2,1.3e-05,48.388532,1.8e-05,5.830769,1.1e-05,57.091835,1.3e-05,3.299143
run_absl_flat_hash_set,com-friendster,10,3,1.5e-05,49.086018,1.9e-05,5.911207,9e-06,58.414753,1.3e-05,3.196986
run_absl_flat_hash_set,com-friendster,10,4,1.7e-05,44.607972,2.3e-05,5.982679,1.1e-05,65.036717,1.7e-05,3.265994
run_absl_flat_hash_set,com-friendster,10,5,2.5e-05,44.579743,1.6e-05,5.946659,1.1e-05,66.930037,1.4e-05,3.322472
run_absl_flat_hash_set,com-friendster,10,6,4e-05,43.495533,1.6e-05,5.924024,8e-06,66.419201,1.3e-05,3.201805
run_absl_flat_hash_set,com-friendster,10,7,1.8e-05,43.450422,1.8e-05,5.992565,9e-06,56.40404,1.4e-05,3.246406
run_absl_flat_hash_set,com-friendster,10,8,1.3e-05,51.048411,1.8e-05,5.90688,1.2e-05,60.684876,1.4e-05,3.210077
run_absl_flat_hash_set,com-friendster,10,9,1.9e-05,45.587293,1.9e-05,5.966659,8e-06,60.892773,1.2e-05,3.254132
run_absl_flat_hash_set,com-orkut.ungraph,100,0,3.7e-05,0.333553,6.3e-05,0.064635,3.4e-05,3.428968,3.5e-05,0.025055
run_absl_flat_hash_set,com-orkut.ungraph,100,1,2.8e-05,0.348736,2.9e-05,0.046361,2.6e-05,3.336602,2.7e-05,0.010429
run_absl_flat_hash_set,com-orkut.ungraph,100,2,2.8e-05,0.313805,2.6e-05,0.044859,2.2e-05,3.340331,3.2e-05,0.009945
run_absl_flat_hash_set,com-orkut.ungraph,100,3,3.1e-05,0.351442,3.2e-05,0.045964,8.8e-05,3.371271,3.3e-05,0.009848
run_absl_flat_hash_set,com-orkut.ungraph,100,4,3.2e-05,0.344611,3e-05,0.045189,9.4e-05,3.380749,3.4e-05,0.009869
run_absl_flat_hash_set,com-orkut.ungraph,100,5,3.1e-05,0.342675,7e-05,0.045087,2.2e-05,3.333553,4.1e-05,0.010331
run_absl_flat_hash_set,com-orkut.ungraph,100,6,3.2e-05,0.349965,2.9e-05,0.046301,2e-05,3.332742,3e-05,0.010283
run_absl_flat_hash_set,com-orkut.ungraph,100,7,3.5e-05,0.323818,3.1e-05,0.047258,5.7e-05,3.368083,3.3e-05,0.009941
run_absl_flat_hash_set,com-orkut.ungraph,100,8,5.5e-05,0.342298,8.7e-05,0.045463,3e-05,3.33191,3.5e-05,0.009535
run_absl_flat_hash_set,com-orkut.ungraph,100,9,3e-05,0.351606,3.3e-05,0.044777,2.2e-05,3.316459,3.4e-05,0.009385
run_absl_flat_hash_set,cit-Patents,100,0,1.9e-05,0.157873,2.3e-05,0.023674,2.1e-05,4.551561,2.2e-05,0.021127
run_absl_flat_hash_set,cit-Patents,100,1,3.2e-05,0.15811,2.7e-05,0.021172,2.7e-05,4.540509,2.2e-05,0.016283
run_absl_flat_hash_set,cit-Patents,100,2,3.3e-05,0.158736,3.4e-05,0.020629,8.8e-05,4.551283,2.4e-05,0.016167
run_absl_flat_hash_set,cit-Patents,100,3,4.1e-05,0.151014,2.7e-05,0.02074,6.9e-05,4.520057,2.3e-05,0.016134
run_absl_flat_hash_set,cit-Patents,100,4,4.5e-05,0.150371,3e-05,0.020592,9.2e-05,4.50057,2.3e-05,0.016103
run_absl_flat_hash_set,cit-Patents,100,5,4e-05,0.152415,2.7e-05,0.020469,2.8e-05,4.499372,2.3e-05,0.016093
run_absl_flat_hash_set,cit-Patents,100,6,4.4e-05,0.148981,2.5e-05,0.020794,2.8e-05,4.493311,2.6e-05,0.01606
run_absl_flat_hash_set,cit-Patents,100,7,4e-05,0.150169,3e-05,0.020492,2.5e-05,4.521508,2.3e-05,0.016158
run_absl_flat_hash_set,cit-Patents,100,8,4.4e-05,0.150714,2.8e-05,0.020558,6.5e-05,4.488592,2.7e-05,0.016067
run_absl_flat_hash_set,cit-Patents,100,9,4.4e-05,0.128897,2.7e-05,0.020733,4.1e-05,4.52525,2.7e-05,0.015981
run_absl_flat_hash_set,soc-LiveJournal1,100,0,2.1e-05,0.198595,2.2e-05,0.035326,1.8e-05,4.821735,2.4e-05,0.020855
run_absl_flat_hash_set,soc-LiveJournal1,100,1,3.1e-05,0.187485,2.9e-05,0.029071,0.000112,4.752597,2.8e-05,0.010832
run_absl_flat_hash_set,soc-LiveJournal1,100,2,3.4e-05,0.18752,2.4e-05,0.029301,7.8e-05,4.75873,3.4e-05,0.011154
run_absl_flat_hash_set,soc-LiveJournal1,100,3,3.1e-05,0.188747,2.5e-05,0.029235,8e-05,4.728628,3.1e-05,0.010776
run_absl_flat_hash_set,soc-LiveJournal1,100,4,3.1e-05,0.19297,2.7e-05,0.029207,2.7e-05,4.742688,3.1e-05,0.010791
run_absl_flat_hash_set,soc-LiveJournal1,100,5,3.4e-05,0.195768,5.9e-05,0.029015,0.000112,4.735992,3.4e-05,0.010698
run_absl_flat_hash_set,soc-LiveJournal1,100,6,3.3e-05,0.189122,2.5e-05,0.029079,4.9e-05,4.717105,3.8e-05,0.010802
run_absl_flat_hash_set,soc-LiveJournal1,100,7,3.7e-05,0.190155,2.5e-05,0.029211,2.8e-05,4.70292,3.4e-05,0.010747
run_absl_flat_hash_set,soc-LiveJournal1,100,8,3.2e-05,0.187348,2.7e-05,0.029542,8e-05,4.666888,3.2e-05,0.010961
run_absl_flat_hash_set,soc-LiveJournal1,100,9,3.4e-05,0.188269,2.6e-05,0.028789,3.1e-05,4.653418,3.3e-05,0.010922
run_absl_flat_hash_set,twitter-unique-undir,100,0,2.5e-05,9.170522,3.9e-05,1.35892,2.1e-05,40.255519,2.8e-05,0.231912
run_absl_flat_hash_set,twitter-unique-undir,100,1,3.1e-05,9.138938,2.4e-05,1.290903,2.6e-05,39.426198,3.6e-05,0.1847
run_absl_flat_hash_set,twitter-unique-undir,100,2,3.6e-05,8.60751,2.6e-05,1.294768,3.6e-05,39.182235,5.8e-05,0.185805
run_absl_flat_hash_set,twitter-unique-undir,100,3,3.3e-05,8.216397,2.8e-05,1.295467,3.9e-05,39.259838,4.3e-05,0.184588
run_absl_flat_hash_set,twitter-unique-undir,100,4,3.3e-05,8.209952,3.3e-05,1.311438,4.8e-05,39.051337,3.8e-05,0.181865
run_absl_flat_hash_set,twitter-unique-undir,100,5,3.4e-05,8.596082,3e-05,1.295847,3.6e-05,38.79899,4.3e-05,0.188396
run_absl_flat_hash_set,twitter-unique-undir,100,6,4.9e-05,8.171386,7.2e-05,1.318626,4.3e-05,38.769633,4.5e-05,0.185255
run_absl_flat_hash_set,twitter-unique-undir,100,7,3.9e-05,8.116359,4.5e-05,1.315478,3.4e-05,38.761177,4.8e-05,0.1853
run_absl_flat_hash_set,twitter-unique-undir,100,8,4.4e-05,8.161915,5.8e-05,1.32291,4.5e-05,38.855817,4.5e-05,0.184791
run_absl_flat_hash_set,twitter-unique-undir,100,9,5.7e-05,8.16192,9.8e-05,1.330757,7.7e-05,38.946291,4.4e-05,0.181564
run_absl_flat_hash_set,com-friendster,100,0,1.9e-05,70.810489,2.9e-05,4.626374,2.1e-05,55.71347,2.4e-05,4.744588
run_absl_flat_hash_set,com-friendster,100,1,2.9e-05,94.7419,2.5e-05,4.387191,2.9e-05,56.113064,3.4e-05,4.421015
run_absl_flat_hash_set,com-friendster,100,2,3.6e-05,94.519085,3.2e-05,4.373962,2.7e-05,54.107494,4.1e-05,4.422951
run_absl_flat_hash_set,com-friendster,100,3,8.5e-05,138.657023,4.9e-05,4.508327,3.2e-05,52.88203,4.5e-05,4.45168
run_absl_flat_hash_set,com-friendster,100,4,3.3e-05,122.891209,5.4e-05,4.443656,2.5e-05,52.781246,3.3e-05,4.458246
run_absl_flat_hash_set,com-friendster,100,5,2.7e-05,137.300781,3.1e-05,4.340104,2.3e-05,53.157186,4.6e-05,4.467863
run_absl_flat_hash_set,com-friendster,100,6,2.7e-05,136.070946,3e-05,4.401843,2.6e-05,53.479408,5e-05,4.445682
run_absl_flat_hash_set,com-friendster,100,7,3.7e-05,135.950549,4e-05,4.450848,2.9e-05,53.255484,3.5e-05,4.435914
run_absl_flat_hash_set,com-friendster,100,8,2.6e-05,138.632968,2.6e-05,4.400803,2.4e-05,53.022127,3.4e-05,4.397422
run_absl_flat_hash_set,com-friendster,100,9,4.3e-05,70.395933,6e-05,4.390902,3.3e-05,53.120321,4e-05,4.385382
run_absl_flat_hash_set,com-orkut.ungraph,1000,0,8.1e-05,0.379961,8.2e-05,0.054159,7.7e-05,3.431089,0.000146,0.025305
run_absl_flat_hash_set,com-orkut.ungraph,1000,1,7.9e-05,0.372831,8e-05,0.044002,8.3e-05,3.413035,8.3e-05,0.010335
run_absl_flat_hash_set,com-orkut.ungraph,1000,2,7.5e-05,0.376498,0.000126,0.043086,0.000117,3.357548,8.6e-05,0.010013
run_absl_flat_hash_set,com-orkut.ungraph,1000,3,8.3e-05,0.373923,0.00011,0.044054,9e-05,3.350512,9.1e-05,0.010016
run_absl_flat_hash_set,com-orkut.ungraph,1000,4,7.7e-05,0.373437,0.000101,0.043127,7.8e-05,3.337166,8.7e-05,0.009815
run_absl_flat_hash_set,com-orkut.ungraph,1000,5,8.1e-05,0.373591,0.000126,0.042183,7.7e-05,3.351346,8.4e-05,0.011156
run_absl_flat_hash_set,com-orkut.ungraph,1000,6,9.2e-05,0.37059,0.000109,0.043534,0.000125,3.361087,8.3e-05,0.009927
run_absl_flat_hash_set,com-orkut.ungraph,1000,7,0.0001,0.367799,0.00011,0.043651,8.9e-05,3.352727,8.4e-05,0.009867
run_absl_flat_hash_set,com-orkut.ungraph,1000,8,0.000102,0.368082,0.000133,0.043366,0.000496,3.39732,8.8e-05,0.010901
run_absl_flat_hash_set,com-orkut.ungraph,1000,9,9.6e-05,0.355177,0.000109,0.043136,9.2e-05,3.380392,8.3e-05,0.010119
run_absl_flat_hash_set,cit-Patents,1000,0,5.5e-05,0.167065,7.6e-05,0.025815,5.7e-05,4.71183,6.2e-05,0.020146
run_absl_flat_hash_set,cit-Patents,1000,1,9.8e-05,0.162831,7.9e-05,0.019886,8.5e-05,4.628685,6.3e-05,0.016621
run_absl_flat_hash_set,cit-Patents,1000,2,0.000129,0.161292,8.7e-05,0.019424,0.000142,4.572584,6.3e-05,0.016983
run_absl_flat_hash_set,cit-Patents,1000,3,0.000141,0.163557,8.7e-05,0.019386,8.3e-05,4.550162,6.3e-05,0.016344
run_absl_flat_hash_set,cit-Patents,1000,4,0.000119,0.163672,8.5e-05,0.019109,0.000129,4.569396,6.6e-05,0.016295
run_absl_flat_hash_set,cit-Patents,1000,5,0.000116,0.160684,8.3e-05,0.019395,7.9e-05,4.565009,5.9e-05,0.016194
run_absl_flat_hash_set,cit-Patents,1000,6,0.000113,0.159729,0.000102,0.019329,0.000138,4.598446,6.1e-05,0.016175
run_absl_flat_hash_set,cit-Patents,1000,7,0.00011,0.160193,9.1e-05,0.019343,7.2e-05,4.60548,6.4e-05,0.016156
run_absl_flat_hash_set,cit-Patents,1000,8,0.000121,0.158481,8.9e-05,0.019416,8.3e-05,4.562305,6.2e-05,0.016319
run_absl_flat_hash_set,cit-Patents,1000,9,0.000132,0.149701,9.7e-05,0.019346,9.2e-05,4.571667,6.2e-05,0.01618
run_absl_flat_hash_set,soc-LiveJournal1,1000,0,0.000114,0.201288,0.000111,0.033006,9.1e-05,4.844668,9.3e-05,0.020779
run_absl_flat_hash_set,soc-LiveJournal1,1000,1,0.000102,0.19409,8.9e-05,0.029282,0.00012,4.767664,8.4e-05,0.013278
run_absl_flat_hash_set,soc-LiveJournal1,1000,2,0.000105,0.194856,0.000118,0.028902,0.000107,4.805812,8.6e-05,0.013265
run_absl_flat_hash_set,soc-LiveJournal1,1000,3,0.000108,0.19862,8.5e-05,0.029708,0.000334,4.823263,8.6e-05,0.013356
run_absl_flat_hash_set,soc-LiveJournal1,1000,4,0.000111,0.198083,9.3e-05,0.028929,0.000175,4.773931,8.3e-05,0.013077
run_absl_flat_hash_set,soc-LiveJournal1,1000,5,0.000131,0.19615,8.8e-05,0.028811,0.000175,4.753821,8.5e-05,0.013231
run_absl_flat_hash_set,soc-LiveJournal1,1000,6,0.000154,0.196205,0.000114,0.030047,0.00014,4.752946,8.6e-05,0.013065
run_absl_flat_hash_set,soc-LiveJournal1,1000,7,0.000141,0.19499,8.9e-05,0.029134,7.5e-05,4.716882,8.6e-05,0.012946
run_absl_flat_hash_set,soc-LiveJournal1,1000,8,0.000127,0.194228,0.000117,0.028945,8e-05,4.765493,8.6e-05,0.013279
run_absl_flat_hash_set,soc-LiveJournal1,1000,9,0.000138,0.196533,0.000106,0.028765,0.000153,4.772073,8.5e-05,0.013633
run_absl_flat_hash_set,twitter-unique-undir,1000,0,7.1e-05,10.356081,0.000112,1.58097,8.9e-05,43.33957,0.000207,0.295212
run_absl_flat_hash_set,twitter-unique-undir,1000,1,0.000116,11.104907,0.000125,1.461605,0.000218,42.546262,0.000187,0.185506
run_absl_flat_hash_set,twitter-unique-undir,1000,2,0.000102,12.670695,8.9e-05,1.48246,7.7e-05,42.324089,0.000229,0.182982
run_absl_flat_hash_set,twitter-unique-undir,1000,3,8.4e-05,12.741358,8.9e-05,1.454371,8.5e-05,41.9554,0.000163,0.180531
run_absl_flat_hash_set,twitter-unique-undir,1000,4,9.6e-05,15.41333,0.000116,1.472064,9.1e-05,41.639301,0.000175,0.172532
run_absl_flat_hash_set,twitter-unique-undir,1000,5,0.000134,15.425691,0.000138,1.46373,0.000101,41.687509,0.000258,0.175918
run_absl_flat_hash_set,twitter-unique-undir,1000,6,0.000116,13.697291,0.000138,1.426935,0.000161,41.629442,0.000181,0.176822
run_absl_flat_hash_set,twitter-unique-undir,1000,7,7.4e-05,11.747122,0.000132,1.427463,0.000133,41.72799,0.000198,0.177556
run_absl_flat_hash_set,twitter-unique-undir,1000,8,9.7e-05,12.420647,0.000128,1.40832,0.000136,42.113059,0.000205,0.177143
run_absl_flat_hash_set,twitter-unique-undir,1000,9,7.3e-05,14.33441,0.000126,1.428442,7.2e-05,41.992385,0.000231,0.174046
run_absl_flat_hash_set,com-friendster,1000,0,6.7e-05,69.156712,0.000127,5.685514,8e-05,58.952035,9.5e-05,4.137313
run_absl_flat_hash_set,com-friendster,1000,1,8.3e-05,68.734832,9.6e-05,5.232537,7e-05,59.277536,0.000133,3.862439
run_absl_flat_hash_set,com-friendster,1000,2,0.000168,67.876805,0.000114,5.354097,8.7e-05,57.904433,0.00013,3.859684
run_absl_flat_hash_set,com-friendster,1000,3,7.8e-05,67.679467,0.00012,5.247127,8.2e-05,60.934568,0.00019,3.859148
run_absl_flat_hash_set,com-friendster,1000,4,7.3e-05,67.62791,0.000117,5.342346,0.000115,62.981184,0.000137,3.852364
run_absl_flat_hash_set,com-friendster,1000,5,0.000107,66.75881,0.000102,5.267734,7e-05,61.28666,9.9e-05,3.84722
run_absl_flat_hash_set,com-friendster,1000,6,7.4e-05,67.387556,0.000118,5.339607,0.000121,63.785842,0.000103,3.864558
run_absl_flat_hash_set,com-friendster,1000,7,0.000131,67.717773,8.9e-05,5.215909,7e-05,61.470308,8.2e-05,3.849853
run_absl_flat_hash_set,com-friendster,1000,8,8.3e-05,35.603812,9.7e-05,5.258803,6.7e-05,66.292599,0.00014,3.872356
run_absl_flat_hash_set,com-friendster,1000,9,8.9e-05,33.961576,0.000146,5.263259,6.7e-05,60.725239,9.5e-05,3.86659
run_absl_flat_hash_set,com-orkut.ungraph,10000,0,0.002005,0.340619,0.002296,0.05494,0.001946,3.805559,0.002004,0.023499
run_absl_flat_hash_set,com-orkut.ungraph,10000,1,0.002057,0.333879,0.002188,0.049192,0.003019,3.784518,0.002001,0.010862
run_absl_flat_hash_set,com-orkut.ungraph,10000,2,0.00211,0.334303,0.002179,0.048347,0.002148,3.720589,0.001978,0.010416
run_absl_flat_hash_set,com-orkut.ungraph,10000,3,0.00203,0.330114,0.002212,0.047314,0.001941,3.776997,0.002003,0.010429
run_absl_flat_hash_set,com-orkut.ungraph,10000,4,0.002119,0.337207,0.002184,0.047115,0.002083,3.633752,0.001949,0.010437
run_absl_flat_hash_set,com-orkut.ungraph,10000,5,0.002045,0.345923,0.002419,0.047001,0.001805,3.617938,0.001959,0.010208
run_absl_flat_hash_set,com-orkut.ungraph,10000,6,0.002214,0.344332,0.002293,0.047086,0.001881,3.657295,0.001973,0.010211
run_absl_flat_hash_set,com-orkut.ungraph,10000,7,0.002289,0.335832,0.002322,0.04982,0.001971,3.659522,0.002073,0.010155
run_absl_flat_hash_set,com-orkut.ungraph,10000,8,0.002301,0.333786,0.002599,0.046548,0.00202,3.803648,0.001985,0.010414
run_absl_flat_hash_set,com-orkut.ungraph,10000,9,0.002175,0.33607,0.002299,0.048328,0.001825,3.695228,0.001998,0.01036
run_absl_flat_hash_set,cit-Patents,10000,0,0.001992,0.173713,0.003812,0.106647,0.002954,9.341315,0.001957,0.023682
run_absl_flat_hash_set,cit-Patents,10000,1,0.002255,0.170259,0.004832,0.104129,0.002808,5.458649,0.001975,0.021387
run_absl_flat_hash_set,cit-Patents,10000,2,0.002121,0.171821,0.005101,0.111411,0.002273,5.007084,0.001975,0.020812
run_absl_flat_hash_set,cit-Patents,10000,3,0.002227,0.28827,0.008896,0.102387,0.001875,4.901274,0.002037,0.020482
run_absl_flat_hash_set,cit-Patents,10000,4,0.00462,0.316046,0.008027,0.102291,0.001842,4.95645,0.00216,0.020455
run_absl_flat_hash_set,cit-Patents,10000,5,0.004693,0.318151,0.009639,0.138275,0.001922,4.788853,0.002138,0.021607
run_absl_flat_hash_set,cit-Patents,10000,6,0.002853,0.315328,0.006671,0.108771,0.001958,4.736323,0.002115,0.020597
run_absl_flat_hash_set,cit-Patents,10000,7,0.003086,0.313368,0.008738,0.100617,0.001848,4.711164,0.001952,0.020442
run_absl_flat_hash_set,cit-Patents,10000,8,0.00236,0.307843,0.00677,0.101471,0.001919,4.752271,0.001946,0.020071
run_absl_flat_hash_set,cit-Patents,10000,9,0.002409,0.283639,0.007371,0.10108,0.002005,4.74743,0.00205,0.020389
run_absl_flat_hash_set,soc-LiveJournal1,10000,0,0.001879,0.185835,0.00194,0.032063,0.001868,4.796641,0.002019,0.017785
run_absl_flat_hash_set,soc-LiveJournal1,10000,1,0.001961,0.180305,0.002014,0.027998,0.002086,4.726553,0.001915,0.013011
run_absl_flat_hash_set,soc-LiveJournal1,10000,2,0.001953,0.177822,0.002028,0.028176,0.001932,4.710328,0.001928,0.012928
run_absl_flat_hash_set,soc-LiveJournal1,10000,3,0.001966,0.179807,0.002027,0.028282,0.001986,4.747205,0.001951,0.012854
run_absl_flat_hash_set,soc-LiveJournal1,10000,4,0.00196,0.181046,0.002024,0.028236,0.00202,4.76722,0.001953,0.012906
run_absl_flat_hash_set,soc-LiveJournal1,10000,5,0.001992,0.182291,0.002049,0.028342,0.001846,4.741074,0.001906,0.013115
run_absl_flat_hash_set,soc-LiveJournal1,10000,6,0.002048,0.180016,0.002045,0.028489,0.001921,4.732,0.001964,0.012692
run_absl_flat_hash_set,soc-LiveJournal1,10000,7,0.002043,0.180371,0.002057,0.028181,0.001814,4.705557,0.001908,0.012825
run_absl_flat_hash_set,soc-LiveJournal1,10000,8,0.00208,0.18038,0.002002,0.028213,0.001858,4.724893,0.001907,0.012896
run_absl_flat_hash_set,soc-LiveJournal1,10000,9,0.002,0.181987,0.002043,0.029719,0.001811,4.722004,0.001922,0.01276
run_absl_flat_hash_set,twitter-unique-undir,10000,0,0.001759,11.683298,0.001987,1.451738,0.001714,52.612018,0.002099,0.239099
run_absl_flat_hash_set,twitter-unique-undir,10000,1,0.001696,11.385818,0.00191,1.376846,0.002032,51.914804,0.002234,0.195552
run_absl_flat_hash_set,twitter-unique-undir,10000,2,0.001773,11.193548,0.001962,1.401382,0.001803,51.894718,0.002184,0.193961
run_absl_flat_hash_set,twitter-unique-undir,10000,3,0.001689,11.154446,0.001933,1.406886,0.001757,52.050882,0.002135,0.195305
run_absl_flat_hash_set,twitter-unique-undir,10000,4,0.001698,11.150654,0.002029,1.429277,0.001682,51.579835,0.002353,0.193305
run_absl_flat_hash_set,twitter-unique-undir,10000,5,0.001739,11.144263,0.002066,1.421809,0.001829,51.377826,0.002376,0.201372
run_absl_flat_hash_set,twitter-unique-undir,10000,6,0.001575,13.279811,0.001941,1.440783,0.00154,51.301064,0.002311,0.195476
run_absl_flat_hash_set,twitter-unique-undir,10000,7,0.001817,21.720637,0.002194,1.407573,0.001694,51.240727,0.002412,0.192652
run_absl_flat_hash_set,twitter-unique-undir,10000,8,0.001855,22.018673,0.002184,1.402931,0.001686,51.206006,0.002541,0.189911
run_absl_flat_hash_set,twitter-unique-undir,10000,9,0.001749,22.042696,0.002045,1.408106,0.00169,51.316347,0.002256,0.190621
run_absl_flat_hash_set,com-friendster,10000,0,0.001986,62.20971,0.002314,5.28806,0.002016,65.507083,0.002268,4.810824
run_absl_flat_hash_set,com-friendster,10000,1,0.001991,62.235754,0.002341,4.921443,0.002328,65.530079,0.002138,4.482242
run_absl_flat_hash_set,com-friendster,10000,2,0.002138,61.972986,0.002265,5.042333,0.002184,64.840713,0.002132,4.47361
run_absl_flat_hash_set,com-friendster,10000,3,0.002064,61.639926,0.002215,4.98887,0.002277,64.497523,0.002069,4.460395
run_absl_flat_hash_set,com-friendster,10000,4,0.002018,61.819056,0.002284,4.946383,0.001971,64.152315,0.002145,4.459511
run_absl_flat_hash_set,com-friendster,10000,5,0.002034,62.122413,0.002422,5.070073,0.002148,63.940354,0.002133,4.449821
run_absl_flat_hash_set,com-friendster,10000,6,0.001991,62.215059,0.002296,5.110477,0.002264,64.048402,0.002254,4.444661
run_absl_flat_hash_set,com-friendster,10000,7,0.001975,62.105384,0.002409,5.043747,0.00227,64.117359,0.002357,4.449233
run_absl_flat_hash_set,com-friendster,10000,8,0.001995,61.995832,0.002316,5.0582,0.002198,64.1683,0.002363,4.460309
run_absl_flat_hash_set,com-friendster,10000,9,0.001943,34.869719,0.002354,5.062186,0.002139,64.220092,0.002231,4.420191
run_absl_flat_hash_set,com-orkut.ungraph,100000,0,0.002976,0.339579,0.002864,0.044835,0.002873,3.542815,0.002874,0.011382
run_absl_flat_hash_set,com-orkut.ungraph,100000,1,0.003007,0.335728,0.003063,0.043326,0.003996,3.528301,0.002953,0.010765
run_absl_flat_hash_set,com-orkut.ungraph,100000,2,0.003182,0.338841,0.003097,0.042925,0.005634,3.542221,0.002954,0.010826
run_absl_flat_hash_set,com-orkut.ungraph,100000,3,0.00327,0.331608,0.003253,0.04279,0.004147,3.472295,0.002928,0.011962
run_absl_flat_hash_set,com-orkut.ungraph,100000,4,0.003281,0.331236,0.003258,0.043622,0.003622,3.446419,0.003015,0.010957
run_absl_flat_hash_set,com-orkut.ungraph,100000,5,0.003347,0.333994,0.003259,0.044118,0.003641,3.465095,0.002967,0.010796
run_absl_flat_hash_set,com-orkut.ungraph,100000,6,0.003393,0.332402,0.003163,0.043874,0.003581,3.460695,0.003025,0.010825
run_absl_flat_hash_set,com-orkut.ungraph,100000,7,0.003674,0.330812,0.00336,0.043495,0.003644,3.465331,0.003074,0.010519
run_absl_flat_hash_set,com-orkut.ungraph,100000,8,0.003399,0.331451,0.003617,0.046998,0.003428,3.442132,0.003042,0.0108
run_absl_flat_hash_set,com-orkut.ungraph,100000,9,0.003452,0.327979,0.003578,0.043369,0.003397,3.44405,0.002964,0.010684
run_absl_flat_hash_set,cit-Patents,100000,0,0.002892,0.165781,0.002812,0.023523,0.002675,4.592895,0.002771,0.019685
run_absl_flat_hash_set,cit-Patents,100000,1,0.003543,0.162651,0.003139,0.021654,0.003068,4.555073,0.00297,0.019229
run_absl_flat_hash_set,cit-Patents,100000,2,0.003252,0.16206,0.003056,0.021608,0.003151,4.586502,0.00299,0.019309
run_absl_flat_hash_set,cit-Patents,100000,3,0.003518,0.162745,0.003139,0.021797,0.003404,4.563243,0.002992,0.019331
run_absl_flat_hash_set,cit-Patents,100000,4,0.00336,0.162201,0.003217,0.021667,0.003216,4.532724,0.003103,0.019034
run_absl_flat_hash_set,cit-Patents,100000,5,0.003346,0.164086,0.003209,0.022313,0.003189,4.530653,0.003072,0.01914
run_absl_flat_hash_set,cit-Patents,100000,6,0.003282,0.165053,0.003278,0.022083,0.003089,4.539544,0.003082,0.019875
run_absl_flat_hash_set,cit-Patents,100000,7,0.003335,0.164818,0.003408,0.022738,0.003116,4.573691,0.003042,0.01978
run_absl_flat_hash_set,cit-Patents,100000,8,0.003851,0.169041,0.00335,0.021536,0.003205,4.540876,0.002996,0.019686
run_absl_flat_hash_set,cit-Patents,100000,9,0.003868,0.150771,0.003378,0.022049,0.003243,4.52343,0.003067,0.019575
run_absl_flat_hash_set,soc-LiveJournal1,100000,0,0.002551,0.192871,0.002812,0.03073,0.002541,4.827809,0.002605,0.014201
run_absl_flat_hash_set,soc-LiveJournal1,100000,1,0.003084,0.202155,0.003023,0.030904,0.003386,4.748885,0.002855,0.012898
run_absl_flat_hash_set,soc-LiveJournal1,100000,2,0.003387,0.200884,0.002999,0.036176,0.003214,4.733107,0.002979,0.012537
run_absl_flat_hash_set,soc-LiveJournal1,100000,3,0.003248,0.192114,0.002884,0.030855,0.003351,4.768681,0.002713,0.012562
run_absl_flat_hash_set,soc-LiveJournal1,100000,4,0.003309,0.200427,0.003133,0.030869,0.002811,4.72791,0.002904,0.012683
run_absl_flat_hash_set,soc-LiveJournal1,100000,5,0.00336,0.201026,0.002943,0.03097,0.002903,4.710113,0.002767,0.012755
run_absl_flat_hash_set,soc-LiveJournal1,100000,6,0.00565,0.204043,0.003139,0.030648,0.002815,4.70522,0.002785,0.012705
run_absl_flat_hash_set,soc-LiveJournal1,100000,7,0.00369,0.197494,0.003078,0.03124,0.003053,4.740211,0.00283,0.012719
run_absl_flat_hash_set,soc-LiveJournal1,100000,8,0.003723,0.191181,0.003185,0.030544,0.002908,4.74206,0.00274,0.012611
run_absl_flat_hash_set,soc-LiveJournal1,100000,9,0.003668,0.193999,0.003232,0.030907,0.002923,4.717,0.002829,0.012663
run_absl_flat_hash_set,twitter-unique-undir,100000,0,0.004137,9.301346,0.004215,1.329034,0.003595,58.4585,0.008092,0.24252
run_absl_flat_hash_set,twitter-unique-undir,100000,1,0.004993,8.778116,0.003814,1.307199,0.011201,58.561373,0.008487,0.175129
run_absl_flat_hash_set,twitter-unique-undir,100000,2,0.005266,8.673361,0.003649,1.280518,0.005325,58.276345,0.007836,0.174713
run_absl_flat_hash_set,twitter-unique-undir,100000,3,0.005313,8.643071,0.003672,1.296755,0.003899,57.769729,0.009221,0.176526
run_absl_flat_hash_set,twitter-unique-undir,100000,4,0.005153,8.664595,0.003519,1.258372,0.003144,57.666719,0.010698,0.177452
run_absl_flat_hash_set,twitter-unique-undir,100000,5,0.005524,8.663002,0.003731,1.319808,0.003316,57.815291,0.011064,0.175249
run_absl_flat_hash_set,twitter-unique-undir,100000,6,0.005308,8.666426,0.003741,1.306355,0.003661,57.351524,0.013645,0.176382
run_absl_flat_hash_set,twitter-unique-undir,100000,7,0.005242,8.655552,0.003683,1.298267,0.003634,56.477656,0.012046,0.175562
run_absl_flat_hash_set,twitter-unique-undir,100000,8,0.005404,8.639537,0.004321,1.305194,0.003717,56.327105,0.011952,0.174053
run_absl_flat_hash_set,twitter-unique-undir,100000,9,0.005618,8.663495,0.004045,1.322042,0.003524,56.3785,0.012018,0.175727
run_absl_flat_hash_set,com-friendster,100000,0,0.002969,73.233012,0.006545,5.581429,0.003021,57.369354,0.006882,4.237318
run_absl_flat_hash_set,com-friendster,100000,1,0.003648,80.333162,0.004845,4.942437,0.003453,57.297809,0.003986,4.003453
run_absl_flat_hash_set,com-friendster,100000,2,0.004091,78.850471,0.00481,4.966941,0.003787,56.80619,0.003985,4.002534
run_absl_flat_hash_set,com-friendster,100000,3,0.003755,78.294778,0.004776,4.88386,0.004859,56.136472,0.00386,4.006365
run_absl_flat_hash_set,com-friendster,100000,4,0.003502,88.377755,0.005267,4.972319,0.003634,55.417573,0.003881,3.992024
run_absl_flat_hash_set,com-friendster,100000,5,0.003579,88.955298,0.007552,5.023142,0.003296,55.340717,0.003981,3.981534
run_absl_flat_hash_set,com-friendster,100000,6,0.003621,89.367973,0.007075,4.992027,0.00365,55.533805,0.003892,4.022431
run_absl_flat_hash_set,com-friendster,100000,7,0.003485,84.534508,0.007806,5.082605,0.003451,55.69624,0.004096,4.018635
run_absl_flat_hash_set,com-friendster,100000,8,0.003464,86.251572,0.007275,5.069805,0.003455,55.344758,0.003908,4.001375
run_absl_flat_hash_set,com-friendster,100000,9,0.003662,37.279249,0.007528,5.008196,0.003777,55.002338,0.004685,4.020856
run_absl_flat_hash_set,com-orkut.ungraph,1000000,0,0.008303,0.321287,0.008456,0.045784,0.008131,3.440958,0.008254,0.010362
run_absl_flat_hash_set,com-orkut.ungraph,1000000,1,0.009669,0.323571,0.009572,0.045951,0.010747,3.407415,0.009323,0.010515
run_absl_flat_hash_set,com-orkut.ungraph,1000000,2,0.009602,0.327478,0.009533,0.046644,0.010058,3.352917,0.009361,0.010539
run_absl_flat_hash_set,com-orkut.ungraph,1000000,3,0.009931,0.322511,0.009724,0.046934,0.010257,3.421073,0.009537,0.010566
run_absl_flat_hash_set,com-orkut.ungraph,1000000,4,0.009728,0.329864,0.009599,0.046551,0.010602,3.402067,0.009469,0.010604
run_absl_flat_hash_set,com-orkut.ungraph,1000000,5,0.009669,0.33871,0.009778,0.047359,0.010764,3.403548,0.009269,0.010568
run_absl_flat_hash_set,com-orkut.ungraph,1000000,6,0.009643,0.337938,0.009548,0.04742,0.010254,3.388758,0.009417,0.010309
run_absl_flat_hash_set,com-orkut.ungraph,1000000,7,0.010107,0.339454,0.009641,0.047638,0.011086,3.404831,0.009602,0.012251
run_absl_flat_hash_set,com-orkut.ungraph,1000000,8,0.010683,0.336252,0.010211,0.047121,0.011886,3.392742,0.009935,0.010139
run_absl_flat_hash_set,com-orkut.ungraph,1000000,9,0.010794,0.338628,0.009448,0.048703,0.012146,3.3982,0.009518,0.010522
run_absl_flat_hash_set,cit-Patents,1000000,0,0.011648,0.153089,0.011144,0.02326,0.011278,5.003209,0.010764,0.0212
run_absl_flat_hash_set,cit-Patents,1000000,1,0.012792,0.163379,0.011873,0.023741,0.012603,4.955716,0.011702,0.021515
run_absl_flat_hash_set,cit-Patents,1000000,2,0.012747,0.17331,0.01185,0.024263,0.013233,4.873518,0.011859,0.021456
run_absl_flat_hash_set,cit-Patents,1000000,3,0.013105,0.180211,0.012102,0.025716,0.013789,4.796922,0.011862,0.019788
run_absl_flat_hash_set,cit-Patents,1000000,4,0.01312,0.182651,0.011988,0.025487,0.013632,4.716984,0.011753,0.020037
run_absl_flat_hash_set,cit-Patents,1000000,5,0.015416,0.190086,0.01216,0.025847,0.012722,4.669944,0.012192,0.019779
run_absl_flat_hash_set,cit-Patents,1000000,6,0.014844,0.202456,0.012328,0.026209,0.014222,4.668959,0.011789,0.020194
run_absl_flat_hash_set,cit-Patents,1000000,7,0.01608,0.217295,0.011847,0.026291,0.013118,4.632792,0.011714,0.019238
run_absl_flat_hash_set,cit-Patents,1000000,8,0.014821,0.212595,0.012268,0.027215,0.013097,4.599598,0.012368,0.018465
run_absl_flat_hash_set,cit-Patents,1000000,9,0.013732,0.191965,0.012583,0.028082,0.014218,4.63661,0.012337,0.018679
run_absl_flat_hash_set,soc-LiveJournal1,1000000,0,0.008436,0.177705,0.008076,0.035957,0.008037,4.805162,0.008649,0.015189
run_absl_flat_hash_set,soc-LiveJournal1,1000000,1,0.00908,0.182336,0.009198,0.031924,0.009901,4.9364,0.008988,0.014033
run_absl_flat_hash_set,soc-LiveJournal1,1000000,2,0.009171,0.186507,0.008889,0.032245,0.012028,4.781452,0.009046,0.013984
run_absl_flat_hash_set,soc-LiveJournal1,1000000,3,0.008968,0.19194,0.009198,0.032404,0.010134,4.791058,0.008751,0.013817
run_absl_flat_hash_set,soc-LiveJournal1,1000000,4,0.010509,0.201905,0.008699,0.033168,0.009997,4.771811,0.008672,0.014214
run_absl_flat_hash_set,soc-LiveJournal1,1000000,5,0.010071,0.195753,0.009501,0.034229,0.010198,4.828854,0.00917,0.014148
run_absl_flat_hash_set,soc-LiveJournal1,1000000,6,0.01014,0.202172,0.008976,0.034118,0.010134,4.778043,0.008932,0.014191
run_absl_flat_hash_set,soc-LiveJournal1,1000000,7,0.010511,0.207616,0.009375,0.034065,0.010272,4.783432,0.008955,0.013764
run_absl_flat_hash_set,soc-LiveJournal1,1000000,8,0.010848,0.208645,0.010476,0.034445,0.011387,4.778664,0.00941,0.014006
run_absl_flat_hash_set,soc-LiveJournal1,1000000,9,0.012877,0.216793,0.010234,0.034809,0.01046,4.804689,0.009635,0.015877
run_absl_flat_hash_set,twitter-unique-undir,1000000,0,0.030474,9.102558,0.032845,1.382192,0.031852,53.515702,0.046546,0.192202
run_absl_flat_hash_set,twitter-unique-undir,1000000,1,0.014472,9.12407,0.014936,1.371329,0.02492,52.870934,0.03743,0.182779
run_absl_flat_hash_set,twitter-unique-undir,1000000,2,0.015533,9.016127,0.014414,1.41491,0.01633,53.085443,0.029709,0.184918
run_absl_flat_hash_set,twitter-unique-undir,1000000,3,0.017493,8.999784,0.015592,1.39378,0.019439,52.601969,0.031535,0.190977
run_absl_flat_hash_set,twitter-unique-undir,1000000,4,0.017753,9.038155,0.013933,1.39957,0.014671,52.451474,0.040102,0.185701
run_absl_flat_hash_set,twitter-unique-undir,1000000,5,0.015753,9.03644,0.014828,1.410704,0.014667,52.012721,0.037782,0.185801
run_absl_flat_hash_set,twitter-unique-undir,1000000,6,0.015386,9.044976,0.016937,1.405213,0.015456,51.99261,0.036783,0.183194
run_absl_flat_hash_set,twitter-unique-undir,1000000,7,0.013974,9.071283,0.015116,1.394926,0.014036,52.007139,0.026193,0.186523
run_absl_flat_hash_set,twitter-unique-undir,1000000,8,0.016612,9.07472,0.017282,1.435215,0.014904,52.028424,0.040153,0.187366
run_absl_flat_hash_set,twitter-unique-undir,1000000,9,0.015786,9.041004,0.02,1.397855,0.013896,52.079077,0.028929,0.184327
run_absl_flat_hash_set,com-friendster,1000000,0,0.010197,66.941719,0.011306,5.934387,0.010079,88.956739,0.011288,3.987994
run_absl_flat_hash_set,com-friendster,1000000,1,0.010634,67.291542,0.011729,5.877486,0.010854,107.14643,0.010563,3.922598
run_absl_flat_hash_set,com-friendster,1000000,2,0.011746,67.214236,0.01209,5.813928,0.016305,122.084173,0.010455,3.929094
run_absl_flat_hash_set,com-friendster,1000000,3,0.011489,67.073599,0.012702,5.878212,0.012483,145.554687,0.010479,3.924966
run_absl_flat_hash_set,com-friendster,1000000,4,0.011574,66.758006,0.012022,5.85762,0.012741,117.852772,0.010533,3.919971
run_absl_flat_hash_set,com-friendster,1000000,5,0.011234,66.984062,0.012419,5.864789,0.011771,141.839542,0.010273,3.919284
run_absl_flat_hash_set,com-friendster,1000000,6,0.011225,67.196357,0.013058,5.914574,0.014568,112.800693,0.010487,3.9203
run_absl_flat_hash_set,com-friendster,1000000,7,0.011509,67.052652,0.012691,5.858851,0.012216,134.204697,0.010461,3.938493
run_absl_flat_hash_set,com-friendster,1000000,8,0.011284,67.169052,0.012897,5.951435,0.012227,122.290541,0.010743,3.921889
run_absl_flat_hash_set,com-friendster,1000000,9,0.0123,35.37608,0.013528,6.008063,0.01264,139.241157,0.011317,3.928407
run_dhb,com-orkut.ungraph,1,0,1e-06,0.693273,2e-06,0.081394,1e-06,3.100971,1e-06,0.01173
run_dhb,com-orkut.ungraph,1,1,4e-06,0.734324,3e-06,0.078413,4e-06,3.102884,3e-06,0.007942
run_dhb,com-orkut.ungraph,1,2,4e-06,0.74101,3e-06,0.078899,3e-06,3.126593,3e-06,0.00766
run_dhb,com-orkut.ungraph,1,3,5e-06,0.700843,3e-06,0.078703,3e-06,3.174522,2e-06,0.007651
run_dhb,com-orkut.ungraph,1,4,4e-06,0.718383,3e-06,0.078933,4e-06,3.157889,3e-06,0.007706
run_dhb,com-orkut.ungraph,1,5,4e-06,0.710361,3e-06,0.077917,5e-06,3.128471,3e-06,0.007795
run_dhb,com-orkut.ungraph,1,6,6e-06,0.748613,5e-06,0.078225,5e-06,3.146278,3e-06,0.007576
run_dhb,com-orkut.ungraph,1,7,4e-06,0.729269,3e-06,0.078572,4e-06,3.140991,3e-06,0.009212
run_dhb,com-orkut.ungraph,1,8,4e-06,0.681684,3e-06,0.078336,3e-06,3.135402,3e-06,0.008014
run_dhb,com-orkut.ungraph,1,9,8e-06,0.725189,7e-06,0.079028,6e-06,3.125142,8e-06,0.007572
run_dhb,cit-Patents,1,0,1e-06,0.197719,1e-06,0.030166,1e-06,4.586094,1e-06,0.019332
run_dhb,cit-Patents,1,1,5e-06,0.189067,3e-06,0.025019,7e-06,4.579069,5e-06,0.016671
run_dhb,cit-Patents,1,2,6e-06,0.181701,6e-06,0.024762,4e-06,4.592383,1e-05,0.016123
run_dhb,cit-Patents,1,3,5e-06,0.172501,3e-06,0.024628,5e-06,4.628632,3e-06,0.016087
run_dhb,cit-Patents,1,4,6e-06,0.183623,5e-06,0.024922,6e-06,4.60533,5e-06,0.016213
run_dhb,cit-Patents,1,5,3e-06,0.181271,3e-06,0.024788,4e-06,4.617516,5e-06,0.016119
run_dhb,cit-Patents,1,6,5e-06,0.175802,3e-06,0.024787,3e-06,4.602463,3e-06,0.016125
run_dhb,cit-Patents,1,7,5e-06,0.175938,3e-06,0.024523,3e-06,4.607607,3e-06,0.016045
run_dhb,cit-Patents,1,8,7e-06,0.172395,5e-06,0.025074,4e-06,4.602099,3e-06,0.018001
run_dhb,cit-Patents,1,9,5e-06,0.183781,5e-06,0.024475,3e-06,4.573525,2e-06,0.015915
run_dhb,soc-LiveJournal1,1,0,2e-06,0.471113,2e-06,0.046863,2e-06,4.746864,2e-06,0.01765
run_dhb,soc-LiveJournal1,1,1,5e-06,0.481237,4e-06,0.042759,4e-06,4.741252,4e-06,0.014931
run_dhb,soc-LiveJournal1,1,2,1.2e-05,0.472294,1e-05,0.042298,1.6e-05,4.765091,9e-06,0.014819
run_dhb,soc-LiveJournal1,1,3,8e-06,0.466997,8e-06,0.044175,5e-06,4.737201,5e-06,0.01352
run_dhb,soc-LiveJournal1,1,4,5e-06,0.45916,3e-06,0.042079,5e-06,4.734824,4e-06,0.01349
run_dhb,soc-LiveJournal1,1,5,4e-06,0.459343,5e-06,0.04216,5e-06,4.764568,4e-06,0.013404
run_dhb,soc-LiveJournal1,1,6,4e-06,0.460005,4e-06,0.042176,5e-06,4.674751,4e-06,0.013657
run_dhb,soc-LiveJournal1,1,7,7e-06,0.431858,5e-06,0.042029,4e-06,4.705831,5e-06,0.013442
run_dhb,soc-LiveJournal1,1,8,7e-06,0.414922,5e-06,0.041934,5e-06,4.666175,4e-06,0.013603
run_dhb,soc-LiveJournal1,1,9,5e-06,0.397675,3e-06,0.043419,8e-06,4.666856,3e-06,0.013645
run_dhb,twitter-unique-undir,1,0,1e-06,9.297664,2e-06,1.131589,2e-06,28.724179,2e-06,0.171927
run_dhb,twitter-unique-undir,1,1,6e-06,9.237578,5e-06,1.005271,4e-06,28.30994,7e-06,0.114123
run_dhb,twitter-unique-undir,1,2,4e-06,9.25586,4e-06,1.01559,3e-06,27.906796,4e-06,0.111024
run_dhb,twitter-unique-undir,1,3,4e-06,8.979786,7e-06,1.009073,5e-06,27.366632,7e-06,0.112477
run_dhb,twitter-unique-undir,1,4,6e-06,9.04591,4e-06,1.009063,6e-06,27.476292,3e-06,0.112707
run_dhb,twitter-unique-undir,1,5,8e-06,9.076932,4e-06,1.013092,4e-06,27.460091,3e-06,0.112271
run_dhb,twitter-unique-undir,1,6,1.5e-05,9.602168,5e-06,0.997744,5e-06,27.61631,3e-06,0.112165
run_dhb,twitter-unique-undir,1,7,6e-06,9.578211,6e-06,1.012301,5e-06,27.475458,4e-06,0.111691
run_dhb,twitter-unique-undir,1,8,1.1e-05,9.498553,4e-06,1.011575,9e-06,27.516686,3e-06,0.112976
run_dhb,twitter-unique-undir,1,9,8e-06,10.730092,4e-06,1.007174,5e-06,27.356965,4e-06,0.113738
run_dhb,com-friendster,1,0,2e-06,20.765456,5e-06,3.580883,3e-06,49.791958,3e-06,2.715552
run_dhb,com-friendster,1,1,6e-06,22.166896,3e-06,2.992767,1e-05,49.711896,3e-06,2.50782
run_dhb,com-friendster,1,2,1.1e-05,24.90298,3e-06,2.964571,4e-06,48.827059,3e-06,2.52316
run_dhb,com-friendster,1,3,1.1e-05,23.841426,3e-06,3.001447,4e-06,48.591099,3e-06,2.499778
run_dhb,com-friendster,1,4,8e-06,25.818882,3e-06,2.924616,4e-06,48.269972,4e-06,2.513235
run_dhb,com-friendster,1,5,1.2e-05,23.263774,5e-06,2.979855,4e-06,48.181046,3e-06,2.51754
run_dhb,com-friendster,1,6,6e-06,25.016914,3e-06,3.000473,3e-06,47.716394,4e-06,2.517092
run_dhb,com-friendster,1,7,6e-06,20.187379,4e-06,2.989367,4e-06,47.779845,4e-06,2.505624
run_dhb,com-friendster,1,8,1.3e-05,22.581826,4e-06,2.992535,6e-06,47.95855,3e-06,2.514293
run_dhb,com-friendster,1,9,1.1e-05,23.082157,3e-06,2.917081,5e-06,47.795848,4e-06,2.537542
run_dhb,com-orkut.ungraph,10,0,3e-06,0.679224,5e-06,0.081243,5e-06,3.131083,4e-06,0.011562
run_dhb,com-orkut.ungraph,10,1,1.2e-05,0.690365,9e-06,0.076583,1e-05,3.095913,8e-06,0.007638
run_dhb,com-orkut.ungraph,10,2,1.5e-05,0.710551,9e-06,0.077234,9e-06,3.106601,8e-06,0.007306
run_dhb,com-orkut.ungraph,10,3,1.6e-05,0.681675,1.5e-05,0.077591,1.4e-05,3.130807,1e-05,0.007285
run_dhb,com-orkut.ungraph,10,4,1e-05,0.718377,8e-06,0.076728,1.4e-05,3.153083,6e-06,0.007445
run_dhb,com-orkut.ungraph,10,5,1.4e-05,0.649261,1.2e-05,0.076418,2.3e-05,3.124465,8e-06,0.008495
run_dhb,com-orkut.ungraph,10,6,1.9e-05,0.65163,1e-05,0.076481,2.2e-05,3.115184,6e-06,0.007382
run_dhb,com-orkut.ungraph,10,7,1.4e-05,0.644798,1.3e-05,0.076535,2.2e-05,3.119758,8e-06,0.007386
run_dhb,com-orkut.ungraph,10,8,1.4e-05,0.683032,1.3e-05,0.07637,1.7e-05,3.137062,8e-06,0.00728
run_dhb,com-orkut.ungraph,10,9,1.9e-05,0.70747,1.6e-05,0.076302,2.7e-05,3.142397,1.2e-05,0.007267
run_dhb,cit-Patents,10,0,3.1e-05,0.19971,5e-06,0.031209,5e-06,4.48226,5e-06,0.019918
run_dhb,cit-Patents,10,1,1.6e-05,0.198679,8.9e-05,0.024489,2.4e-05,4.530413,1.1e-05,0.016614
run_dhb,cit-Patents,10,2,3.4e-05,0.200854,5.8e-05,0.024851,5.5e-05,4.51005,2.6e-05,0.016661
run_dhb,cit-Patents,10,3,4.9e-05,0.19996,7.1e-05,0.024499,4.6e-05,4.517706,1.8e-05,0.019393
run_dhb,cit-Patents,10,4,2.2e-05,0.198793,1.6e-05,0.02505,1.1e-05,4.486492,9e-06,0.016469
run_dhb,cit-Patents,10,5,1.5e-05,0.196933,1.3e-05,0.025074,1.1e-05,4.531167,1.3e-05,0.017342
run_dhb,cit-Patents,10,6,2.5e-05,0.193972,1.8e-05,0.024918,2.6e-05,4.477362,1.9e-05,0.016402
run_dhb,cit-Patents,10,7,0.000251,0.181608,0.000185,0.025251,0.000212,4.523777,0.000202,0.016342
run_dhb,cit-Patents,10,8,2.7e-05,0.192118,2.9e-05,0.0256,2.9e-05,4.544588,8.4e-05,0.016406
run_dhb,cit-Patents,10,9,2.1e-05,0.168725,1.1e-05,0.024683,1.6e-05,4.53982,1e-05,0.019588
run_dhb,soc-LiveJournal1,10,0,5e-06,0.466369,6e-06,0.048632,4e-06,4.779768,5e-06,0.017093
run_dhb,soc-LiveJournal1,10,1,1.7e-05,0.455423,1.4e-05,0.041068,9e-06,4.77099,1e-05,0.013864
run_dhb,soc-LiveJournal1,10,2,0.000166,0.455595,0.000119,0.041619,4.6e-05,4.786222,1.3e-05,0.015109
run_dhb,soc-LiveJournal1,10,3,1.4e-05,0.456157,1.4e-05,0.041269,6e-05,4.784436,1.2e-05,0.013906
run_dhb,soc-LiveJournal1,10,4,1.7e-05,0.459918,1.6e-05,0.041192,2.7e-05,4.778593,1.6e-05,0.014339
run_dhb,soc-LiveJournal1,10,5,3.7e-05,0.456543,2.7e-05,0.041084,3e-05,4.828035,3.2e-05,0.013909
run_dhb,soc-LiveJournal1,10,6,0.000187,0.455209,0.000147,0.041169,0.000203,4.79566,0.000108,0.013685
run_dhb,soc-LiveJournal1,10,7,6.4e-05,0.457938,1.6e-05,0.04266,6.2e-05,4.87256,3e-05,0.013639
run_dhb,soc-LiveJournal1,10,8,1.6e-05,0.456305,1.3e-05,0.041085,2.3e-05,4.855431,1e-05,0.013685
run_dhb,soc-LiveJournal1,10,9,1.4e-05,0.45618,2.7e-05,0.040734,4.3e-05,4.846926,1.9e-05,0.014346
run_dhb,twitter-unique-undir,10,0,1e-05,11.546311,1e-05,1.132255,1e-05,28.189921,1.3e-05,0.146839
run_dhb,twitter-unique-undir,10,1,2.1e-05,11.256855,1.6e-05,0.894431,2e-05,27.767138,1.8e-05,0.116481
run_dhb,twitter-unique-undir,10,2,1.4e-05,11.23473,1.8e-05,0.903769,1.9e-05,27.753828,1.6e-05,0.115607
run_dhb,twitter-unique-undir,10,3,1.6e-05,11.22803,1.5e-05,0.905687,2.2e-05,27.905674,1.7e-05,0.116035
run_dhb,twitter-unique-undir,10,4,1.9e-05,11.244694,1.6e-05,0.910891,1.6e-05,27.6568,1.9e-05,0.115424
run_dhb,twitter-unique-undir,10,5,1.8e-05,11.254341,1.8e-05,0.890569,1.7e-05,27.641604,2.4e-05,0.11713
run_dhb,twitter-unique-undir,10,6,2.2e-05,11.079784,1.7e-05,0.884257,2e-05,27.575376,1.9e-05,0.116271
run_dhb,twitter-unique-undir,10,7,2.6e-05,11.230906,1.8e-05,0.88205,2.1e-05,27.59971,1.9e-05,0.114188
run_dhb,twitter-unique-undir,10,8,2.7e-05,13.164467,2.3e-05,0.881633,3.4e-05,27.598952,5.2e-05,0.11537
run_dhb,twitter-unique-undir,10,9,3e-05,15.284567,2e-05,0.894514,1.7e-05,27.659959,2e-05,0.116166
run_dhb,com-friendster,10,0,1.7e-05,28.229912,1.1e-05,5.013205,6e-06,55.636066,2.5e-05,2.734778
run_dhb,com-friendster,10,1,2.2e-05,29.305413,1.3e-05,4.70465,1.7e-05,54.946125,1.3e-05,2.036234
run_dhb,com-friendster,10,2,2.1e-05,29.766876,1.5e-05,4.64064,1.7e-05,54.736156,2.5e-05,2.055225
run_dhb,com-friendster,10,3,1.9e-05,32.586177,1.7e-05,4.739441,1.8e-05,54.916639,1.9e-05,2.037962
run_dhb,com-friendster,10,4,3e-05,29.442674,1.6e-05,4.677113,2.2e-05,54.606197,2.9e-05,2.039133
run_dhb,com-friendster,10,5,0.000113,22.313792,0.000134,4.725681,6.4e-05,54.417451,6e-05,2.044137
run_dhb,com-friendster,10,6,1.7e-05,29.801451,2.2e-05,4.704076,3.8e-05,53.019885,3e-05,2.048378
run_dhb,com-friendster,10,7,2.1e-05,25.559423,1.5e-05,4.704067,2.2e-05,52.726309,1.9e-05,2.040476
run_dhb,com-friendster,10,8,2.3e-05,25.69618,2e-05,4.720899,1.8e-05,53.328804,2.4e-05,2.041474
run_dhb,com-friendster,10,9,6e-05,28.998224,3e-05,4.729452,3.2e-05,53.192536,2.7e-05,2.034566
run_dhb,com-orkut.ungraph,100,0,4.9e-05,0.718268,4.8e-05,0.084337,8.2e-05,3.13056,5.4e-05,0.01004
run_dhb,com-orkut.ungraph,100,1,9.7e-05,0.741745,7.7e-05,0.079829,9.4e-05,3.166319,5.7e-05,0.007929
run_dhb,com-orkut.ungraph,100,2,3.3e-05,0.708358,2.2e-05,0.079626,3.4e-05,3.166853,2.1e-05,0.007827
run_dhb,com-orkut.ungraph,100,3,6.8e-05,0.685549,7.2e-05,0.079395,6.9e-05,3.155404,4.8e-05,0.007635
run_dhb,com-orkut.ungraph,100,4,9.8e-05,0.731678,9.7e-05,0.080579,0.000168,3.153759,4.5e-05,0.007682
run_dhb,com-orkut.ungraph,100,5,9e-05,0.708581,0.000112,0.079855,0.000132,3.149352,6.8e-05,0.007579
run_dhb,com-orkut.ungraph,100,6,6.5e-05,0.694333,6.7e-05,0.079622,8.8e-05,3.144139,4.5e-05,0.008865
run_dhb,com-orkut.ungraph,100,7,9.8e-05,0.732034,8.6e-05,0.079885,0.000106,3.15389,6.2e-05,0.00753
run_dhb,com-orkut.ungraph,100,8,3.2e-05,0.747215,2.6e-05,0.079483,5e-05,3.155027,2.4e-05,0.007542
run_dhb,com-orkut.ungraph,100,9,3.4e-05,0.725867,2.5e-05,0.079745,7.7e-05,3.229127,2.2e-05,0.007439
run_dhb,cit-Patents,100,0,0.000178,0.197682,0.000224,0.030819,0.000235,4.605685,0.000158,0.020027
run_dhb,cit-Patents,100,1,0.000336,0.194685,0.000286,0.025539,0.000451,4.583589,0.000282,0.016155
run_dhb,cit-Patents,100,2,0.000307,0.197348,0.00031,0.025015,0.000325,4.634869,0.000288,0.01681
run_dhb,cit-Patents,100,3,0.000264,0.193798,0.000249,0.025434,0.000279,4.713121,0.000273,0.016316
run_dhb,cit-Patents,100,4,0.000464,0.194906,0.000372,0.024967,0.000672,4.656207,0.000422,0.016103
run_dhb,cit-Patents,100,5,0.000314,0.195238,0.000315,0.024299,0.000409,4.605834,0.000332,0.016568
run_dhb,cit-Patents,100,6,0.00027,0.19758,0.000247,0.02483,0.000463,4.625342,0.000213,0.016089
run_dhb,cit-Patents,100,7,0.000228,0.199761,0.000259,0.025116,0.000291,4.586613,0.00016,0.016032
run_dhb,cit-Patents,100,8,0.000408,0.201518,0.000446,0.025362,0.000602,4.575272,0.000295,0.015945
run_dhb,cit-Patents,100,9,0.000504,0.183725,0.000334,0.026343,0.000522,4.588788,0.000348,0.016311
run_dhb,soc-LiveJournal1,100,0,9.3e-05,0.467067,0.000189,0.047156,0.000107,4.702967,0.000104,0.016513
run_dhb,soc-LiveJournal1,100,1,0.000243,0.465287,0.00026,0.042766,0.000276,4.709893,9.1e-05,0.013931
run_dhb,soc-LiveJournal1,100,2,0.000286,0.458063,0.000275,0.041559,0.000309,4.743416,0.000275,0.013633
run_dhb,soc-LiveJournal1,100,3,0.000386,0.458481,0.000321,0.04235,0.000429,4.726312,0.000249,0.013683
run_dhb,soc-LiveJournal1,100,4,0.000229,0.460199,0.000182,0.04168,0.000206,4.692696,0.000165,0.013787
run_dhb,soc-LiveJournal1,100,5,0.0002,0.45967,0.000139,0.041447,0.000217,4.733652,0.000126,0.013644
run_dhb,soc-LiveJournal1,100,6,0.000369,0.460875,0.000298,0.041891,0.000557,4.695348,0.00031,0.013649
run_dhb,soc-LiveJournal1,100,7,0.000251,0.462018,0.000246,0.04159,0.000317,4.644291,0.000235,0.015204
run_dhb,soc-LiveJournal1,100,8,0.000293,0.46185,0.000244,0.042007,0.000325,4.638294,0.000171,0.013712
run_dhb,soc-LiveJournal1,100,9,0.000162,0.461607,0.00016,0.042372,0.000345,4.64767,0.000102,0.013838
run_dhb,twitter-unique-undir,100,0,2.9e-05,9.412722,2.9e-05,1.090256,2.3e-05,28.519336,3.1e-05,0.170755
run_dhb,twitter-unique-undir,100,1,0.000188,9.04554,0.000151,0.99309,7.3e-05,28.17928,0.000157,0.112756
run_dhb,twitter-unique-undir,100,2,0.000179,8.868686,0.0002,0.978461,9.7e-05,28.1331,0.000188,0.111789
run_dhb,twitter-unique-undir,100,3,0.000564,8.720885,0.0001,0.968583,0.000105,28.177683,0.000245,0.113057
run_dhb,twitter-unique-undir,100,4,0.000143,8.699365,0.000224,0.96765,0.000156,28.042255,0.000327,0.113799
run_dhb,twitter-unique-undir,100,5,0.00024,8.692407,0.00025,0.969762,0.000112,27.963396,0.000293,0.112483
run_dhb,twitter-unique-undir,100,6,0.000128,8.575101,0.000111,0.962499,0.000108,27.896256,0.000146,0.112181
run_dhb,twitter-unique-undir,100,7,0.000118,8.567223,0.000127,0.958723,0.000116,28.021289,0.000204,0.111556
run_dhb,twitter-unique-undir,100,8,8.1e-05,8.588221,4.3e-05,0.95796,4.9e-05,27.980675,0.000164,0.112293
run_dhb,twitter-unique-undir,100,9,0.000287,8.12736,0.00024,0.961253,0.000118,27.935093,0.000255,0.11525
run_dhb,com-friendster,100,0,0.000164,56.871229,0.000188,4.102652,0.000139,54.882556,9.5e-05,2.505594
run_dhb,com-friendster,100,1,0.000251,60.242571,0.000219,3.776129,0.000162,54.717279,0.000118,2.162152
run_dhb,com-friendster,100,2,0.000238,72.482055,0.000173,3.741109,0.000145,54.529643,9.3e-05,2.174049
run_dhb,com-friendster,100,3,0.000182,76.79639,0.0001,3.739846,0.000135,53.804565,5.9e-05,2.153513
run_dhb,com-friendster,100,4,0.000323,68.724717,0.000204,3.734731,0.000191,52.651246,0.000119,2.169161
run_dhb,com-friendster,100,5,0.000217,57.472734,0.000229,3.733664,0.000159,53.383138,0.00013,2.165909
run_dhb,com-friendster,100,6,0.000144,64.352569,0.000112,3.682885,8.1e-05,53.860219,7.4e-05,2.198793
run_dhb,com-friendster,100,7,0.000224,56.511741,0.000307,3.716854,0.000227,54.228344,0.000118,2.181526
run_dhb,com-friendster,100,8,0.000234,67.662551,0.000272,3.744713,0.000229,53.915433,0.000131,2.206826
run_dhb,com-friendster,100,9,0.000255,27.282626,0.000281,3.778667,0.000203,53.777228,0.000128,2.18826
run_dhb,com-orkut.ungraph,1000,0,0.00038,0.772025,0.000348,0.083072,0.000347,3.143832,0.000341,0.010192
run_dhb,com-orkut.ungraph,1000,1,0.000577,0.771429,0.000576,0.07998,0.0005,3.095951,0.000312,0.008175
run_dhb,com-orkut.ungraph,1000,2,0.00045,0.767398,0.000489,0.079795,0.000431,3.107956,0.000313,0.008012
run_dhb,com-orkut.ungraph,1000,3,0.000389,0.766556,0.000313,0.080102,0.00034,3.122364,0.000233,0.007877
run_dhb,com-orkut.ungraph,1000,4,0.000418,0.764828,0.000378,0.079805,0.000441,3.11493,0.000331,0.007825
run_dhb,com-orkut.ungraph,1000,5,0.000481,0.76241,0.000491,0.079896,0.00054,3.168001,0.000419,0.007761
run_dhb,com-orkut.ungraph,1000,6,0.000492,0.769,0.000316,0.080618,0.000482,3.152334,0.000251,0.008599
run_dhb,com-orkut.ungraph,1000,7,0.000396,0.762536,0.000328,0.079623,0.000472,3.12381,0.000283,0.008058
run_dhb,com-orkut.ungraph,1000,8,0.000449,0.764732,0.000336,0.079584,0.000473,3.150332,0.000314,0.00763
run_dhb,com-orkut.ungraph,1000,9,0.000458,0.754223,0.000436,0.079503,0.000572,3.130274,0.000334,0.007764
run_dhb,cit-Patents,1000,0,0.000902,0.190805,0.000881,0.028396,0.001042,4.568436,0.000884,0.020231
run_dhb,cit-Patents,1000,1,0.001013,0.193701,0.000975,0.027175,0.00143,4.568383,0.00098,0.017015
run_dhb,cit-Patents,1000,2,0.000919,0.187164,0.000913,0.026004,0.001145,4.541309,0.000676,0.01649
run_dhb,cit-Patents,1000,3,0.00093,0.183319,0.000757,0.02553,0.00142,4.553275,0.000621,0.018287
run_dhb,cit-Patents,1000,4,0.000776,0.18479,0.000668,0.027719,0.001062,4.548724,0.000631,0.01756
run_dhb,cit-Patents,1000,5,0.000888,0.183242,0.000692,0.024983,0.000887,4.567424,0.000595,0.015817
run_dhb,cit-Patents,1000,6,0.000568,0.185467,0.000423,0.024954,0.000735,4.557831,0.000335,0.015735
run_dhb,cit-Patents,1000,7,0.000484,0.191204,0.000542,0.025103,0.000807,4.569786,0.000421,0.01608
run_dhb,cit-Patents,1000,8,0.000529,0.192896,0.000396,0.025656,0.00062,4.582893,0.000333,0.015734
run_dhb,cit-Patents,1000,9,0.000555,0.187403,0.000479,0.024466,0.000697,4.54838,0.000334,0.015897
run_dhb,soc-LiveJournal1,1000,0,0.000799,0.463591,0.000708,0.046168,0.000734,4.684316,0.000656,0.016677
run_dhb,soc-LiveJournal1,1000,1,0.000722,0.453584,0.000722,0.042512,0.000852,4.71159,0.000656,0.014134
run_dhb,soc-LiveJournal1,1000,2,0.00088,0.452304,0.000642,0.041588,0.000971,4.728879,0.000571,0.013763
run_dhb,soc-LiveJournal1,1000,3,0.000741,0.456041,0.000701,0.041422,0.001013,4.696849,0.000512,0.013498
run_dhb,soc-LiveJournal1,1000,4,0.000672,0.456272,0.000583,0.040779,0.000931,4.694797,0.000514,0.01395
run_dhb,soc-LiveJournal1,1000,5,0.000562,0.454101,0.000678,0.040671,0.001077,4.642094,0.000495,0.013985
run_dhb,soc-LiveJournal1,1000,6,0.000504,0.453909,0.000491,0.041039,0.000972,4.606591,0.000419,0.013696
run_dhb,soc-LiveJournal1,1000,7,0.000706,0.449083,0.000595,0.0422,0.000967,4.599489,0.000672,0.013758
run_dhb,soc-LiveJournal1,1000,8,0.00063,0.453236,0.000614,0.041576,0.001086,4.592519,0.000605,0.013754
run_dhb,soc-LiveJournal1,1000,9,0.00059,0.454052,0.000657,0.040732,0.000843,4.608529,0.000466,0.013489
run_dhb,twitter-unique-undir,1000,0,0.000481,10.675246,0.00048,1.10479,0.000347,30.334014,0.000496,0.168435
run_dhb,twitter-unique-undir,1000,1,0.000701,10.5202,0.000818,0.964257,0.000552,30.143454,0.000704,0.109477
run_dhb,twitter-unique-undir,1000,2,0.000689,10.335281,0.000657,0.955497,0.000513,30.247402,0.000583,0.108159
run_dhb,twitter-unique-undir,1000,3,0.000644,10.162714,0.000664,0.957814,0.000834,30.164105,0.000604,0.107332
run_dhb,twitter-unique-undir,1000,4,0.000643,10.067713,0.00058,0.961292,0.000617,29.856128,0.000634,0.107919
run_dhb,twitter-unique-undir,1000,5,0.000738,11.44423,0.000498,0.939302,0.000548,29.871433,0.000607,0.109211
run_dhb,twitter-unique-undir,1000,6,0.000625,9.942246,0.000566,0.925391,0.000591,29.775812,0.000612,0.107689
run_dhb,twitter-unique-undir,1000,7,0.000578,10.351965,0.000584,0.923668,0.000509,29.82751,0.000534,0.107718
run_dhb,twitter-unique-undir,1000,8,0.000767,9.266395,0.000558,0.928857,0.000523,29.789833,0.000455,0.10726
run_dhb,twitter-unique-undir,1000,9,0.000736,9.129828,0.000472,0.924459,0.000536,29.825845,0.000592,0.108714
run_dhb,com-friendster,1000,0,0.000591,58.524913,0.00067,4.329766,0.00053,48.959161,0.000609,3.467691
run_dhb,com-friendster,1000,1,0.000802,57.76491,0.000657,3.475635,0.000725,49.015567,0.000536,2.475393
run_dhb,com-friendster,1000,2,0.000804,57.611605,0.000535,3.49543,0.000534,48.713351,0.000635,2.478344
run_dhb,com-friendster,1000,3,0.000642,57.822944,0.000664,3.520679,0.000648,47.665893,0.000652,2.481878
run_dhb,com-friendster,1000,4,0.000761,57.614836,0.000583,3.568081,0.000574,47.013905,0.000496,2.474846
run_dhb,com-friendster,1000,5,0.000847,57.636631,0.000633,3.544298,0.000577,46.721326,0.000498,2.483149
run_dhb,com-friendster,1000,6,0.000764,57.549642,0.000597,3.475176,0.000528,46.900976,0.000617,2.464446
run_dhb,com-friendster,1000,7,0.000722,57.654946,0.000758,3.507402,0.000813,47.763483,0.001367,2.473471
run_dhb,com-friendster,1000,8,0.00064,27.736837,0.00058,3.47442,0.00058,48.376045,0.000639,2.496293
run_dhb,com-friendster,1000,9,0.000628,31.508354,0.000524,3.518633,0.000525,51.094788,0.000469,2.490675
run_dhb,com-orkut.ungraph,10000,0,0.003752,0.814427,0.003044,0.081513,0.003316,3.134017,0.002966,0.012341
run_dhb,com-orkut.ungraph,10000,1,0.002919,0.812898,0.00309,0.079435,0.003419,3.158771,0.002762,0.008068
run_dhb,com-orkut.ungraph,10000,2,0.00295,0.812723,0.002786,0.079701,0.003742,3.147742,0.002613,0.007784
run_dhb,com-orkut.ungraph,10000,3,0.002805,0.811894,0.002719,0.07971,0.00345,3.115414,0.002549,0.007555
run_dhb,com-orkut.ungraph,10000,4,0.002769,0.80821,0.002664,0.079539,0.003294,3.118098,0.002521,0.007585
run_dhb,com-orkut.ungraph,10000,5,0.002603,0.807574,0.00244,0.079462,0.002948,3.137493,0.002419,0.007664
run_dhb,com-orkut.ungraph,10000,6,0.002597,0.804276,0.00247,0.07924,0.003062,3.136278,0.002271,0.007657
run_dhb,com-orkut.ungraph,10000,7,0.002471,0.808969,0.002415,0.079888,0.00343,3.143237,0.002337,0.007884
run_dhb,com-orkut.ungraph,10000,8,0.00268,0.804145,0.002452,0.079224,0.003474,3.14199,0.002345,0.007644
run_dhb,com-orkut.ungraph,10000,9,0.002477,0.786124,0.002395,0.078758,0.0033,3.120634,0.002306,0.007635
run_dhb,cit-Patents,10000,0,0.003989,0.201948,0.004003,0.028932,0.003919,4.568026,0.00387,0.018819
run_dhb,cit-Patents,10000,1,0.003129,0.205322,0.003123,0.026639,0.003517,4.559994,0.002894,0.016403
run_dhb,cit-Patents,10000,2,0.002877,0.204577,0.002678,0.027119,0.003443,4.571223,0.00254,0.016938
run_dhb,cit-Patents,10000,3,0.002452,0.20536,0.00249,0.026823,0.002988,4.592403,0.002311,0.016299
run_dhb,cit-Patents,10000,4,0.002346,0.201238,0.002368,0.027161,0.002614,4.555659,0.002234,0.016851
run_dhb,cit-Patents,10000,5,0.00219,0.198815,0.002211,0.026524,0.002653,4.567039,0.002154,0.016594
run_dhb,cit-Patents,10000,6,0.002181,0.204182,0.002175,0.027609,0.002612,4.548493,0.00213,0.016396
run_dhb,cit-Patents,10000,7,0.002239,0.197895,0.002141,0.026538,0.002496,4.540068,0.002133,0.016313
run_dhb,cit-Patents,10000,8,0.002195,0.196662,0.00215,0.027549,0.002439,4.538162,0.002109,0.016348
run_dhb,cit-Patents,10000,9,0.002135,0.184277,0.002274,0.026531,0.002602,4.5466,0.002124,0.016361
run_dhb,soc-LiveJournal1,10000,0,0.004196,0.458269,0.004171,0.046541,0.003864,4.701956,0.003962,0.016251
run_dhb,soc-LiveJournal1,10000,1,0.003341,0.451048,0.003374,0.044521,0.003279,4.72976,0.003003,0.014531
run_dhb,soc-LiveJournal1,10000,2,0.002899,0.446887,0.002823,0.042457,0.003537,4.717666,0.002612,0.014213
run_dhb,soc-LiveJournal1,10000,3,0.002605,0.449371,0.00256,0.042649,0.003835,4.694824,0.002462,0.014116
run_dhb,soc-LiveJournal1,10000,4,0.002575,0.448632,0.002645,0.042764,0.003025,4.676548,0.002359,0.014227
run_dhb,soc-LiveJournal1,10000,5,0.002415,0.451124,0.002336,0.042394,0.002847,4.676811,0.002201,0.013915
run_dhb,soc-LiveJournal1,10000,6,0.002289,0.450323,0.002319,0.04364,0.002643,4.670803,0.002074,0.014368
run_dhb,soc-LiveJournal1,10000,7,0.002206,0.451336,0.002199,0.042651,0.002826,4.672823,0.002182,0.014202
run_dhb,soc-LiveJournal1,10000,8,0.002241,0.450144,0.002352,0.042555,0.002756,4.656508,0.002168,0.01401
run_dhb,soc-LiveJournal1,10000,9,0.002189,0.449678,0.003121,0.042528,0.002792,4.684399,0.002161,0.014193
run_dhb,twitter-unique-undir,10000,0,0.003939,9.236819,0.003947,1.164807,0.003389,27.384389,0.004028,0.174399
run_dhb,twitter-unique-undir,10000,1,0.003332,8.95551,0.003377,0.943126,0.003107,27.131521,0.00351,0.098387
run_dhb,twitter-unique-undir,10000,2,0.003322,8.803381,0.00334,0.92918,0.003518,27.281659,0.003382,0.099509
run_dhb,twitter-unique-undir,10000,3,0.003403,8.714673,0.003448,0.924767,0.003821,27.560425,0.003308,0.098133
run_dhb,twitter-unique-undir,10000,4,0.003317,8.462385,0.003731,0.896772,0.003636,26.94915,0.003165,0.099188
run_dhb,twitter-unique-undir,10000,5,0.002913,8.214774,0.002883,0.902559,0.003583,26.809168,0.002958,0.098879
run_dhb,twitter-unique-undir,10000,6,0.003048,8.064587,0.002841,0.907696,0.003571,26.831098,0.002733,0.098728
run_dhb,twitter-unique-undir,10000,7,0.003199,7.845762,0.002976,0.891834,0.003356,26.64108,0.002906,0.101068
run_dhb,twitter-unique-undir,10000,8,0.003392,7.579963,0.002995,0.896511,0.003575,26.515418,0.002739,0.098433
run_dhb,twitter-unique-undir,10000,9,0.003514,7.514888,0.002827,0.898846,0.003497,26.547912,0.002538,0.098478
run_dhb,com-friendster,10000,0,0.003852,48.495814,0.00376,3.930864,0.003729,48.936057,0.004351,3.235048
run_dhb,com-friendster,10000,1,0.004358,47.511427,0.003729,3.214357,0.00412,49.634245,0.004125,1.85726
run_dhb,com-friendster,10000,2,0.004082,56.975718,0.003553,3.220733,0.003626,49.618672,0.004412,1.816128
run_dhb,com-friendster,10000,3,0.003951,68.659418,0.003296,3.243533,0.003786,50.052098,0.004087,1.842721
run_dhb,com-friendster,10000,4,0.00418,62.396357,0.003536,3.25832,0.003938,49.471148,0.00351,1.851794
run_dhb,com-friendster,10000,5,0.003805,56.97189,0.0034,3.180112,0.004572,50.04039,0.003661,1.857777
run_dhb,com-friendster,10000,6,0.003963,58.740931,0.003485,3.288209,0.0052,48.760781,0.003643,1.842524
run_dhb,com-friendster,10000,7,0.004043,56.996596,0.003391,3.239518,0.004246,48.645202,0.003548,1.826296
run_dhb,com-friendster,10000,8,0.00356,59.918273,0.003213,3.236669,0.004349,47.987712,0.00356,1.858849
run_dhb,com-friendster,10000,9,0.003825,27.823476,0.003051,3.254036,0.004726,48.403083,0.003149,1.840563
run_dhb,com-orkut.ungraph,100000,0,0.006897,0.756057,0.006007,0.081154,0.007531,3.112709,0.00643,0.011129
run_dhb,com-orkut.ungraph,100000,1,0.004318,0.744274,0.004118,0.079955,0.00442,3.080602,0.004362,0.008281
run_dhb,com-orkut.ungraph,100000,2,0.004169,0.740629,0.003888,0.079867,0.004046,3.100098,0.003759,0.00814
run_dhb,com-orkut.ungraph,100000,3,0.003785,0.746619,0.003622,0.080496,0.004007,3.070584,0.003598,0.008262
run_dhb,com-orkut.ungraph,100000,4,0.003878,0.742255,0.003551,0.080195,0.003749,3.087286,0.003873,0.008008
run_dhb,com-orkut.ungraph,100000,5,0.003875,0.740911,0.003378,0.080112,0.004077,3.092983,0.003554,0.008001
run_dhb,com-orkut.ungraph,100000,6,0.003535,0.748027,0.003379,0.07997,0.004829,3.138455,0.003309,0.007983
run_dhb,com-orkut.ungraph,100000,7,0.004121,0.743454,0.003284,0.080172,0.007948,3.167629,0.003232,0.00829
run_dhb,com-orkut.ungraph,100000,8,0.003955,0.741435,0.003334,0.080001,0.009053,3.161525,0.003339,0.007892
run_dhb,com-orkut.ungraph,100000,9,0.004234,0.662552,0.00334,0.079935,0.010129,3.130007,0.00325,0.00804
run_dhb,cit-Patents,100000,0,0.005999,0.19351,0.005915,0.028456,0.005647,4.635657,0.006257,0.017678
run_dhb,cit-Patents,100000,1,0.004696,0.192472,0.004916,0.026423,0.005117,4.615817,0.006155,0.017555
run_dhb,cit-Patents,100000,2,0.004717,0.192987,0.004783,0.025782,0.004833,4.641104,0.00498,0.017137
run_dhb,cit-Patents,100000,3,0.004933,0.192874,0.004946,0.026177,0.004697,4.619431,0.005104,0.016618
run_dhb,cit-Patents,100000,4,0.004894,0.194553,0.005514,0.025893,0.005123,4.627561,0.005043,0.016152
run_dhb,cit-Patents,100000,5,0.004635,0.198209,0.004911,0.026031,0.004846,4.654012,0.004963,0.016248
run_dhb,cit-Patents,100000,6,0.004668,0.198022,0.004723,0.02617,0.005057,4.622659,0.004954,0.016479
run_dhb,cit-Patents,100000,7,0.004592,0.201042,0.004794,0.025778,0.004938,4.609521,0.004937,0.016515
run_dhb,cit-Patents,100000,8,0.004793,0.19424,0.006662,0.026099,0.004835,4.61133,0.004894,0.016262
run_dhb,cit-Patents,100000,9,0.004741,0.188795,0.004742,0.027184,0.005121,4.638318,0.006845,0.016589
run_dhb,soc-LiveJournal1,100000,0,0.007318,0.429304,0.007161,0.047505,0.007783,4.770178,0.006668,0.016136
run_dhb,soc-LiveJournal1,100000,1,0.003794,0.426317,0.003749,0.046671,0.004311,4.70017,0.003526,0.014559
run_dhb,soc-LiveJournal1,100000,2,0.003726,0.430335,0.003534,0.044639,0.004986,4.731454,0.003312,0.015372
run_dhb,soc-LiveJournal1,100000,3,0.003227,0.43173,0.003389,0.044346,0.00752,4.753882,0.003183,0.01401
run_dhb,soc-LiveJournal1,100000,4,0.003487,0.435217,0.003361,0.045984,0.006686,4.757388,0.003049,0.014009
run_dhb,soc-LiveJournal1,100000,5,0.003538,0.433455,0.003463,0.044244,0.006477,4.735442,0.003071,0.014105
run_dhb,soc-LiveJournal1,100000,6,0.003458,0.42317,0.003527,0.045448,0.0053,4.712288,0.003082,0.013871
run_dhb,soc-LiveJournal1,100000,7,0.003799,0.411824,0.003644,0.044045,0.006105,4.717969,0.003072,0.014021
run_dhb,soc-LiveJournal1,100000,8,0.003327,0.412313,0.003463,0.045706,0.006996,4.852595,0.003037,0.014141
run_dhb,soc-LiveJournal1,100000,9,0.003519,0.416516,0.003356,0.044588,0.008512,4.723116,0.003192,0.015559
run_dhb,twitter-unique-undir,100000,0,0.008684,10.739101,0.010457,1.216185,0.008309,28.330188,0.010412,0.181104
run_dhb,twitter-unique-undir,100000,1,0.004819,10.695061,0.006579,1.046538,0.004919,28.035212,0.007192,0.108242
run_dhb,twitter-unique-undir,100000,2,0.004718,10.446542,0.005616,1.026629,0.00653,27.238022,0.006448,0.107237
run_dhb,twitter-unique-undir,100000,3,0.005097,10.103639,0.006656,0.999467,0.010233,27.135663,0.006816,0.106099
run_dhb,twitter-unique-undir,100000,4,0.006048,9.528861,0.005865,1.008216,0.010799,26.761001,0.005995,0.107066
run_dhb,twitter-unique-undir,100000,5,0.006028,9.146432,0.00576,0.997986,0.010635,26.913282,0.006373,0.107937
run_dhb,twitter-unique-undir,100000,6,0.007703,8.869062,0.005869,0.999932,0.009399,26.845167,0.006095,0.106656
run_dhb,twitter-unique-undir,100000,7,0.007554,8.897958,0.005778,0.985605,0.008209,26.751791,0.005736,0.106777
run_dhb,twitter-unique-undir,100000,8,0.009219,12.73756,0.006684,1.000866,0.007914,26.838533,0.005726,0.109525
run_dhb,twitter-unique-undir,100000,9,0.011065,14.321762,0.007027,0.988796,0.009216,26.706291,0.005475,0.110576
run_dhb,com-friendster,100000,0,0.008824,54.680064,0.008798,3.826128,0.008728,49.636088,0.012507,3.158774
run_dhb,com-friendster,100000,1,0.008247,53.253436,0.006428,3.300346,0.009576,49.304936,0.008272,1.983458
run_dhb,com-friendster,100000,2,0.007207,52.738731,0.005748,3.33365,0.007883,52.238237,0.006757,1.972022
run_dhb,com-friendster,100000,3,0.006428,57.933098,0.005211,3.303586,0.007129,65.960499,0.00688,1.979909
run_dhb,com-friendster,100000,4,0.007017,50.908405,0.005106,3.334096,0.006512,58.392264,0.006685,1.986494
run_dhb,com-friendster,100000,5,0.00659,60.695962,0.004938,3.273869,0.00693,59.120445,0.006331,1.972005
run_dhb,com-friendster,100000,6,0.006529,50.641915,0.005386,3.278084,0.011653,62.041427,0.007088,1.982746
run_dhb,com-friendster,100000,7,0.006431,51.784633,0.005179,3.321054,0.008935,61.425439,0.008261,1.962818
run_dhb,com-friendster,100000,8,0.00651,53.137755,0.004748,3.276295,0.008263,51.330696,0.008938,2.004874
run_dhb,com-friendster,100000,9,0.006415,26.059785,0.00467,3.303376,0.008907,60.388999,0.007703,1.95956
run_dhb,com-orkut.ungraph,1000000,0,0.014323,0.709684,0.014476,0.076749,0.015091,3.071795,0.013873,0.009068
run_dhb,com-orkut.ungraph,1000000,1,0.010349,0.707899,0.009802,0.076875,0.011291,3.084564,0.009806,0.008622
run_dhb,com-orkut.ungraph,1000000,2,0.00978,0.706971,0.009385,0.076977,0.0134,3.124458,0.0096,0.008724
run_dhb,com-orkut.ungraph,1000000,3,0.009725,0.707897,0.00958,0.077248,0.015247,3.085711,0.009493,0.008648
run_dhb,com-orkut.ungraph,1000000,4,0.009751,0.707029,0.009409,0.077099,0.013621,3.063681,0.00939,0.008556
run_dhb,com-orkut.ungraph,1000000,5,0.009893,0.705337,0.009341,0.077088,0.013869,3.064037,0.009542,0.00844
run_dhb,com-orkut.ungraph,1000000,6,0.010045,0.706845,0.009603,0.077211,0.015649,3.066217,0.009441,0.008279
run_dhb,com-orkut.ungraph,1000000,7,0.009937,0.705901,0.009451,0.077637,0.01482,3.066391,0.009497,0.008476
run_dhb,com-orkut.ungraph,1000000,8,0.010547,0.705149,0.009628,0.077171,0.014737,3.097945,0.009267,0.008456
run_dhb,com-orkut.ungraph,1000000,9,0.010099,0.686473,0.009787,0.07807,0.016016,3.094321,0.009491,0.010169
run_dhb,cit-Patents,1000000,0,0.036198,0.161211,0.026022,0.026228,0.025397,4.92717,0.025777,0.02093
run_dhb,cit-Patents,1000000,1,0.036493,0.168081,0.025134,0.025564,0.025328,4.849766,0.024607,0.020382
run_dhb,cit-Patents,1000000,2,0.036535,0.171895,0.02528,0.026188,0.024972,4.832139,0.024948,0.019734
run_dhb,cit-Patents,1000000,3,0.036339,0.170378,0.025592,0.025444,0.026603,4.743744,0.025303,0.018182
run_dhb,cit-Patents,1000000,4,0.036804,0.174014,0.026626,0.025493,0.028407,4.697607,0.02587,0.017544
run_dhb,cit-Patents,1000000,5,0.036418,0.178528,0.025299,0.026212,0.027748,4.697954,0.024604,0.017119
run_dhb,cit-Patents,1000000,6,0.035985,0.179973,0.025321,0.025853,0.027416,4.610428,0.025363,0.016373
run_dhb,cit-Patents,1000000,7,0.03594,0.179229,0.024586,0.025119,0.027178,4.582492,0.025567,0.016186
run_dhb,cit-Patents,1000000,8,0.036858,0.179576,0.025159,0.028153,0.026481,4.534617,0.025332,0.015909
run_dhb,cit-Patents,1000000,9,0.036855,0.176861,0.025204,0.026126,0.026644,4.503205,0.025259,0.015592
run_dhb,soc-LiveJournal1,1000000,0,0.014756,0.34671,0.01355,0.039002,0.014099,4.641585,0.012917,0.013186
run_dhb,soc-LiveJournal1,1000000,1,0.01319,0.344482,0.011909,0.039282,0.012765,4.664131,0.01134,0.012844
run_dhb,soc-LiveJournal1,1000000,2,0.012876,0.341097,0.011772,0.03896,0.013944,4.681039,0.011082,0.012742
run_dhb,soc-LiveJournal1,1000000,3,0.012631,0.342148,0.01176,0.039035,0.013833,4.699058,0.010821,0.01269
run_dhb,soc-LiveJournal1,1000000,4,0.012915,0.34422,0.011732,0.038968,0.014308,4.701313,0.010966,0.012415
run_dhb,soc-LiveJournal1,1000000,5,0.01277,0.344386,0.011393,0.039272,0.014277,4.705125,0.011006,0.012324
run_dhb,soc-LiveJournal1,1000000,6,0.013022,0.340367,0.0116,0.038859,0.014609,4.661662,0.010969,0.01247
run_dhb,soc-LiveJournal1,1000000,7,0.012423,0.342751,0.011442,0.038934,0.014269,4.702962,0.012751,0.012442
run_dhb,soc-LiveJournal1,1000000,8,0.012678,0.341664,0.01168,0.038768,0.014116,4.761355,0.011007,0.012116
run_dhb,soc-LiveJournal1,1000000,9,0.012829,0.343111,0.011832,0.0391,0.01589,4.779193,0.010939,0.011953
run_dhb,twitter-unique-undir,1000000,0,0.025273,7.933735,0.028214,1.113206,0.028205,30.351137,0.030094,0.133319
run_dhb,twitter-unique-undir,1000000,1,0.019145,7.775322,0.033399,1.034474,0.022393,30.226761,0.022294,0.108136
run_dhb,twitter-unique-undir,1000000,2,0.024036,7.823142,0.02098,1.029975,0.018737,29.846789,0.020986,0.110571
run_dhb,twitter-unique-undir,1000000,3,0.038187,7.803151,0.020503,1.0188,0.034607,29.557063,0.02218,0.109911
run_dhb,twitter-unique-undir,1000000,4,0.041273,7.845336,0.029944,1.00061,0.048431,28.960527,0.021985,0.110773
run_dhb,twitter-unique-undir,1000000,5,0.042431,7.862977,0.025341,1.000089,0.042202,28.716559,0.021306,0.106916
run_dhb,twitter-unique-undir,1000000,6,0.044909,7.940881,0.052017,0.988468,0.04319,28.768111,0.022188,0.108042
run_dhb,twitter-unique-undir,1000000,7,0.044854,7.788833,0.025028,0.986628,0.03377,28.916012,0.020332,0.108062
run_dhb,twitter-unique-undir,1000000,8,0.069609,8.604217,0.044505,0.989827,0.056303,29.393314,0.024093,0.109843
run_dhb,twitter-unique-undir,1000000,9,0.062322,8.267289,0.039196,0.975527,0.045071,29.322003,0.024427,0.108583
run_dhb,com-friendster,1000000,0,0.017891,66.852636,0.054045,6.543555,0.02121,46.184219,0.018067,2.176728
run_dhb,com-friendster,1000000,1,0.027031,73.109025,0.035921,3.359298,0.022828,45.673321,0.013453,1.937418
run_dhb,com-friendster,1000000,2,0.026003,84.336359,0.037468,3.33438,0.022656,46.075127,0.012322,1.926838
run_dhb,com-friendster,1000000,3,0.027462,95.657368,0.043051,3.305815,0.022813,50.324547,0.012777,1.924268
run_dhb,com-friendster,1000000,4,0.041874,92.935027,0.043646,3.271401,0.038371,51.238686,0.012572,1.933029
run_dhb,com-friendster,1000000,5,0.038313,97.403505,0.045965,3.307155,0.032856,50.694943,0.014094,1.918211
run_dhb,com-friendster,1000000,6,0.033895,82.090216,0.048619,3.317652,0.029403,55.374924,0.013546,1.912628
run_dhb,com-friendster,1000000,7,0.032886,81.23996,0.050109,3.275114,0.043981,53.026561,0.014102,1.917195
run_dhb,com-friendster,1000000,8,0.0305,101.08814,0.056766,3.208816,0.031142,54.177326,0.014388,1.927792
run_dhb,com-friendster,1000000,9,0.031961,51.544467,0.057027,3.199491,0.042311,57.607682,0.014941,1.936493
run_ppcsr,com-orkut.ungraph,1,0,4e-06,0.300595,3.6e-05,0.051024,3e-06,3.544703,3e-06,0.008693
run_ppcsr,com-orkut.ungraph,1,1,2e-06,0.313375,2e-06,0.050143,2e-06,3.532941,2e-06,0.007091
run_ppcsr,com-orkut.ungraph,1,2,1.223825,0.569506,1.206774,0.058174,1.72714,3.622157,1.41189,0.008998
run_ppcsr,com-orkut.ungraph,1,3,3e-06,0.51779,3e-06,0.057102,7e-06,7.092018,3e-06,0.008889
run_ppcsr,com-orkut.ungraph,1,4,6e-06,0.52426,3e-06,0.056234,7e-06,5.58842,3e-06,0.008736
run_ppcsr,com-orkut.ungraph,1,5,4e-06,0.491812,3e-06,0.057959,3e-06,4.584316,2e-06,0.008691
run_ppcsr,com-orkut.ungraph,1,6,8e-06,0.483721,3e-06,0.056639,6e-06,3.581151,3e-06,0.00871
run_ppcsr,com-orkut.ungraph,1,7,7e-06,0.476724,2e-06,0.057114,7e-06,3.682916,2e-06,0.00874
run_ppcsr,com-orkut.ungraph,1,8,5e-06,0.497434,2e-06,0.05764,7e-06,3.599334,2e-06,0.008762
run_ppcsr,com-orkut.ungraph,1,9,1e-05,0.489084,3e-06,0.057575,6e-06,3.617435,2e-06,0.008669
run_ppcsr,cit-Patents,1,0,2e-06,0.250345,1e-06,0.038489,1e-06,5.528867,1e-06,0.019156
run_ppcsr,cit-Patents,1,1,3e-06,0.235306,2e-06,0.036629,2e-06,5.436385,2e-06,0.018052
run_ppcsr,cit-Patents,1,2,2e-06,0.255374,2e-06,0.036725,2e-06,5.459594,2e-06,0.017863
run_ppcsr,cit-Patents,1,3,2e-06,0.252698,2e-06,0.036776,2e-06,5.558961,2e-06,0.017852
run_ppcsr,cit-Patents,1,4,3e-06,0.24158,3e-06,0.036892,1e-05,5.598345,3e-06,0.018224
run_ppcsr,cit-Patents,1,5,2e-06,0.254438,2e-06,0.037943,1e-05,5.536239,2e-06,0.018634
run_ppcsr,cit-Patents,1,6,3e-06,0.237463,2e-06,0.03688,1e-05,5.597898,2e-06,0.019692
run_ppcsr,cit-Patents,1,7,4e-06,0.224879,2e-06,0.036492,1.2e-05,5.859098,3e-06,0.018807
run_ppcsr,cit-Patents,1,8,3e-06,0.245327,2e-06,0.036324,7e-06,5.424052,3e-06,0.018167
run_ppcsr,cit-Patents,1,9,9e-06,0.240581,3e-06,0.036568,1e-05,5.40707,3e-06,0.018209
run_ppcsr,soc-LiveJournal1,1,0,1e-06,0.323955,1e-06,0.040601,1e-06,5.299093,1e-06,0.01658
run_ppcsr,soc-LiveJournal1,1,1,2e-06,0.319769,2e-06,0.040209,3e-06,7.341158,2e-06,0.015962
run_ppcsr,soc-LiveJournal1,1,2,3e-06,0.324715,3e-06,0.040093,5e-06,5.796643,3e-06,0.015829
run_ppcsr,soc-LiveJournal1,1,3,3e-06,0.316877,3e-06,0.039622,5e-06,5.254375,3e-06,0.015591
run_ppcsr,soc-LiveJournal1,1,4,4e-06,0.303275,3e-06,0.040029,6e-06,5.240306,3e-06,0.015631
run_ppcsr,soc-LiveJournal1,1,5,4e-06,0.303458,2e-06,0.039462,4e-06,5.249648,2e-06,0.015562
run_ppcsr,soc-LiveJournal1,1,6,3e-06,0.304787,3e-06,0.040467,5e-06,5.195756,3e-06,0.015501
run_ppcsr,soc-LiveJournal1,1,7,1e-05,0.306329,2e-06,0.04015,5e-06,5.317208,3e-06,0.015472
run_ppcsr,soc-LiveJournal1,1,8,1e-05,0.305609,2e-06,0.039908,5e-06,5.410043,3e-06,0.015526
run_ppcsr,soc-LiveJournal1,1,9,3e-06,0.299025,2e-06,0.040131,5e-06,5.256311,2e-06,0.015647
run_ppcsr,twitter-unique-undir,1,0,1e-06,13.260626,1e-06,1.135442,1e-06,30.330847,1e-06,0.104703
run_ppcsr,twitter-unique-undir,1,1,4e-06,12.882818,3e-06,1.132491,4e-06,31.468562,4e-06,0.103724
run_ppcsr,twitter-unique-undir,1,2,5e-06,12.54975,3e-06,1.134234,4e-06,31.974449,3e-06,0.105145
run_ppcsr,twitter-unique-undir,1,3,4e-06,12.134639,3e-06,1.150595,3e-06,32.47435,3e-06,0.10461
run_ppcsr,twitter-unique-undir,1,4,4e-06,12.027136,3e-06,1.139408,3e-06,31.806611,3e-06,0.104562
run_ppcsr,twitter-unique-undir,1,5,5e-06,13.610473,3e-06,1.15611,7e-06,29.631386,3e-06,0.106798
run_ppcsr,twitter-unique-undir,1,6,6e-06,12.107082,3e-06,1.139765,3e-06,29.650283,3e-06,0.104273
run_ppcsr,twitter-unique-undir,1,7,7e-06,11.53639,3e-06,1.141221,6e-06,29.28202,3e-06,0.103865
run_ppcsr,twitter-unique-undir,1,8,7e-06,11.483479,4e-06,1.133107,7e-06,33.166516,5e-06,0.104403
run_ppcsr,twitter-unique-undir,1,9,6e-06,11.466509,3e-06,1.131141,6e-06,31.141495,4e-06,0.103666
run_ppcsr,com-orkut.ungraph,10,0,2.357535,0.463829,2.414909,0.064186,2.377974,3.633303,2.52566,0.008424
run_ppcsr,com-orkut.ungraph,10,1,1.1e-05,0.500708,1.1e-05,0.062808,1.2e-05,3.589778,9e-06,0.007311
run_ppcsr,com-orkut.ungraph,10,2,1e-05,0.494094,1e-05,0.062938,1.5e-05,3.545449,8e-06,0.007153
run_ppcsr,com-orkut.ungraph,10,3,1.1e-05,0.496555,1e-05,0.063389,1.3e-05,3.583807,8e-06,0.007093
run_ppcsr,com-orkut.ungraph,10,4,1.1e-05,0.528913,1e-05,0.061855,1.2e-05,4.580209,7e-06,0.007527
run_ppcsr,com-orkut.ungraph,10,5,1e-05,0.49682,1.2e-05,0.063069,2.1e-05,3.927536,9e-06,0.006995
run_ppcsr,com-orkut.ungraph,10,6,1.4e-05,0.515744,1.1e-05,0.062108,2.6e-05,5.557031,8e-06,0.007089
run_ppcsr,com-orkut.ungraph,10,7,1e-05,0.530561,1e-05,0.062725,2.2e-05,3.529813,8e-06,0.00701
run_ppcsr,com-orkut.ungraph,10,8,1e-05,0.518738,1e-05,0.063504,3.5e-05,3.543985,9e-06,0.007018
run_ppcsr,com-orkut.ungraph,10,9,1.2e-05,0.493776,1e-05,0.062678,3.7e-05,7.107089,8e-06,0.00697
run_ppcsr,cit-Patents,10,0,7e-06,0.31821,7e-06,0.052198,7e-06,5.290445,8e-06,0.01928
run_ppcsr,cit-Patents,10,1,1.6e-05,0.29591,1e-05,0.054636,1.1e-05,5.293795,1.1e-05,0.018056
run_ppcsr,cit-Patents,10,2,1e-05,0.301679,1e-05,0.053283,1.8e-05,5.17269,9e-06,0.018004
run_ppcsr,cit-Patents,10,3,1.1e-05,0.304485,1.1e-05,0.054222,2.2e-05,5.290188,1e-05,0.018017
run_ppcsr,cit-Patents,10,4,1e-05,0.310842,1e-05,0.053541,1.4e-05,5.125379,9e-06,0.018068
run_ppcsr,cit-Patents,10,5,1.1e-05,0.321813,1e-05,0.054566,1.8e-05,5.328355,1e-05,0.018164
run_ppcsr,cit-Patents,10,6,1e-05,0.313673,1.1e-05,0.053413,2.2e-05,5.049149,9e-06,0.018072
run_ppcsr,cit-Patents,10,7,1e-05,0.313519,1e-05,0.052826,2.3e-05,5.25572,9e-06,0.018058
run_ppcsr,cit-Patents,10,8,1e-05,0.315199,1e-05,0.053047,2.9e-05,5.081372,9e-06,0.018106
run_ppcsr,cit-Patents,10,9,1.1e-05,0.317928,1e-05,0.052184,3e-05,5.190225,1e-05,0.018049
run_ppcsr,soc-LiveJournal1,10,0,8e-06,0.242263,9e-06,0.037319,9e-06,5.103981,8e-06,0.020513
run_ppcsr,soc-LiveJournal1,10,1,1e-05,0.256158,1.1e-05,0.036886,1.1e-05,4.968582,1e-05,0.015668
run_ppcsr,soc-LiveJournal1,10,2,1.1e-05,0.257253,1.2e-05,0.039248,1.1e-05,4.99936,1e-05,0.015901
run_ppcsr,soc-LiveJournal1,10,3,1e-05,0.255016,1.1e-05,0.040555,2.1e-05,5.028972,9e-06,0.015603
run_ppcsr,soc-LiveJournal1,10,4,1.1e-05,0.262583,1.4e-05,0.039735,2.2e-05,4.962688,8e-06,0.014422
run_ppcsr,soc-LiveJournal1,10,5,1.3e-05,0.254686,1.3e-05,0.038246,3.9e-05,5.230003,8e-06,0.015469
run_ppcsr,soc-LiveJournal1,10,6,1.2e-05,0.25271,1.3e-05,0.038044,2.3e-05,4.995607,9e-06,0.015343
run_ppcsr,soc-LiveJournal1,10,7,1e-05,0.261084,1.3e-05,0.039369,2.5e-05,5.103777,9e-06,0.013917
run_ppcsr,soc-LiveJournal1,10,8,1.4e-05,0.262446,1.5e-05,0.037864,2.5e-05,5.020774,8e-06,0.013943
run_ppcsr,soc-LiveJournal1,10,9,4.4e-05,0.249853,1.7e-05,0.040903,2.6e-05,4.980123,1.1e-05,0.015026
run_ppcsr,twitter-unique-undir,10,0,7e-06,12.545144,8e-06,0.989966,7e-06,26.496659,9e-06,0.102048
run_ppcsr,twitter-unique-undir,10,1,2.2e-05,12.252847,1.2e-05,1.00119,1.1e-05,25.00718,1e-05,0.0966
run_ppcsr,twitter-unique-undir,10,2,3e-05,11.939016,1.1e-05,1.008187,1.4e-05,24.567476,1.1e-05,0.097169
run_ppcsr,twitter-unique-undir,10,3,2.1e-05,12.37108,1e-05,0.999271,2.2e-05,24.614986,1e-05,0.097153
run_ppcsr,twitter-unique-undir,10,4,2.2e-05,11.882432,1e-05,0.999435,1.5e-05,25.564245,1e-05,0.096949
run_ppcsr,twitter-unique-undir,10,5,2.8e-05,10.615444,1.2e-05,0.987901,1.4e-05,24.391008,1.1e-05,0.096181
run_ppcsr,twitter-unique-undir,10,6,3e-05,10.546055,1.2e-05,0.997955,1.7e-05,24.674996,9e-06,0.096787
run_ppcsr,twitter-unique-undir,10,7,6.7e-05,10.558163,1.1e-05,1.000315,1.7e-05,25.535421,1e-05,0.096976
run_ppcsr,twitter-unique-undir,10,8,5.5e-05,10.40549,1.1e-05,1.001182,2.5e-05,28.988359,1.2e-05,0.096
run_ppcsr,twitter-unique-undir,10,9,2.6e-05,10.188428,1.1e-05,1.004568,2.2e-05,28.241351,1.1e-05,0.096808
run_ppcsr,com-orkut.ungraph,100,0,2.058564,0.47729,1.778642,0.068627,2.541892,3.744514,2.035945,0.009003
run_ppcsr,com-orkut.ungraph,100,1,1.5e-05,0.487788,1.7e-05,0.066705,1.5e-05,3.64451,1.5e-05,0.007846
run_ppcsr,com-orkut.ungraph,100,2,1.4e-05,0.513174,1.4e-05,0.067562,1.5e-05,3.638366,1.2e-05,0.007826
run_ppcsr,com-orkut.ungraph,100,3,1.4e-05,0.550607,1.3e-05,0.067692,1.5e-05,3.640397,1.2e-05,0.007716
run_ppcsr,com-orkut.ungraph,100,4,1.3e-05,0.548101,1.5e-05,0.067134,3.8e-05,3.644765,1.2e-05,0.007841
run_ppcsr,com-orkut.ungraph,100,5,1.5e-05,0.525782,1.4e-05,0.066796,0.000108,3.918775,1.2e-05,0.007814
run_ppcsr,com-orkut.ungraph,100,6,1.4e-05,0.553602,1.4e-05,0.067397,2.1e-05,3.741005,1.2e-05,0.007777
run_ppcsr,com-orkut.ungraph,100,7,1.3e-05,0.559091,1.4e-05,0.066788,0.000124,3.784815,1.2e-05,0.007749
run_ppcsr,com-orkut.ungraph,100,8,1.3e-05,0.526631,1.4e-05,0.067436,0.000147,4.497383,1.2e-05,0.007865
run_ppcsr,com-orkut.ungraph,100,9,1.3e-05,0.517145,1.3e-05,0.067054,2.5e-05,4.222007,1.2e-05,0.007769
run_ppcsr,cit-Patents,100,0,1.2e-05,0.265886,1.2e-05,0.037403,2.3e-05,5.511361,1.3e-05,0.020318
run_ppcsr,cit-Patents,100,1,1.5e-05,0.254753,1.4e-05,0.037174,1.9e-05,5.510036,2.9e-05,0.016974
run_ppcsr,cit-Patents,100,2,2.2e-05,0.253529,1.4e-05,0.037398,1.9e-05,5.521048,3.5e-05,0.016895
run_ppcsr,cit-Patents,100,3,1.5e-05,0.251916,1.5e-05,0.03674,0.000429,5.693375,3.4e-05,0.018537
run_ppcsr,cit-Patents,100,4,1.7e-05,0.262887,1.4e-05,0.037858,5.1e-05,5.627608,0.000357,0.018727
run_ppcsr,cit-Patents,100,5,1.8e-05,0.250928,1.3e-05,0.038499,2.4e-05,5.711154,4.4e-05,0.018483
run_ppcsr,cit-Patents,100,6,1.8e-05,0.250524,1.4e-05,0.037743,4.4e-05,5.652029,4.4e-05,0.021111
run_ppcsr,cit-Patents,100,7,1.7e-05,0.246254,1.4e-05,0.038104,4.1e-05,5.752124,4.7e-05,0.018871
run_ppcsr,cit-Patents,100,8,1.8e-05,0.268487,1.4e-05,0.03762,4e-05,5.79005,4.7e-05,0.019378
run_ppcsr,cit-Patents,100,9,1.8e-05,0.249331,1.4e-05,0.036989,0.000764,5.645071,4.7e-05,0.018211
run_ppcsr,soc-LiveJournal1,100,0,4e-05,0.297639,5.3e-05,0.03657,1.3e-05,5.211651,2.5e-05,0.017464
run_ppcsr,soc-LiveJournal1,100,1,2.3e-05,0.289741,1.4e-05,0.03648,2.7e-05,5.348598,1.3e-05,0.016543
run_ppcsr,soc-LiveJournal1,100,2,3.7e-05,0.283107,1.4e-05,0.03628,4.7e-05,5.195231,1.3e-05,0.016341
run_ppcsr,soc-LiveJournal1,100,3,4.6e-05,0.280026,1.4e-05,0.036626,2.7e-05,5.307687,1.3e-05,0.016395
run_ppcsr,soc-LiveJournal1,100,4,5.3e-05,0.283576,1.4e-05,0.036353,2.4e-05,5.328724,1.3e-05,0.016518
run_ppcsr,soc-LiveJournal1,100,5,5.6e-05,0.277657,1.4e-05,0.036297,2.9e-05,5.226275,1.4e-05,0.016336
run_ppcsr,soc-LiveJournal1,100,6,4.4e-05,0.279642,1.3e-05,0.037113,3e-05,5.409035,1.3e-05,0.016467
run_ppcsr,soc-LiveJournal1,100,7,4.7e-05,0.280054,1.3e-05,0.036718,0.000409,5.502325,1.3e-05,0.016278
run_ppcsr,soc-LiveJournal1,100,8,4.2e-05,0.273865,1.5e-05,0.03649,0.000449,5.223246,1.4e-05,0.016305
run_ppcsr,soc-LiveJournal1,100,9,4.4e-05,0.274081,1.4e-05,0.036827,4.9e-05,5.182542,1.4e-05,0.016464
run_ppcsr,twitter-unique-undir,100,0,1.3e-05,9.435403,1.6e-05,1.225171,1.4e-05,34.806537,1.8e-05,0.093964
run_ppcsr,twitter-unique-undir,100,1,2.2e-05,9.065698,1.6e-05,1.213489,2.2e-05,33.945193,1.6e-05,0.092966
run_ppcsr,twitter-unique-undir,100,2,3e-05,8.855552,1.9e-05,1.220017,2.4e-05,32.123838,1.8e-05,0.092595
run_ppcsr,twitter-unique-undir,100,3,2.5e-05,8.7913,1.6e-05,1.209878,0.000252,32.790781,1.6e-05,0.092919
run_ppcsr,twitter-unique-undir,100,4,2.3e-05,8.800574,1.7e-05,1.218637,6.1e-05,32.59224,7.4e-05,0.092915
run_ppcsr,twitter-unique-undir,100,5,2.3e-05,8.765765,1.6e-05,1.211097,6.6e-05,33.134907,1.6e-05,0.092698
run_ppcsr,twitter-unique-undir,100,6,2.6e-05,8.731084,1.7e-05,1.206881,3.9e-05,32.641009,1.6e-05,0.092727
run_ppcsr,twitter-unique-undir,100,7,4e-05,8.716287,1.6e-05,1.216607,9.5e-05,32.106431,1.6e-05,0.092436
run_ppcsr,twitter-unique-undir,100,8,4.7e-05,9.219829,1.6e-05,1.20712,5.6e-05,32.173469,1.8e-05,0.092473
run_ppcsr,twitter-unique-undir,100,9,0.000107,8.59161,1.6e-05,1.207209,0.000472,32.787874,1.6e-05,0.092566
run_ppcsr,com-orkut.ungraph,1000,0,3.315377,0.598375,3.165806,0.070483,3.154871,3.680682,3.199259,0.009497
run_ppcsr,com-orkut.ungraph,1000,1,0.000175,0.630445,6.5e-05,0.068314,5.4e-05,3.62538,0.000116,0.008084
run_ppcsr,com-orkut.ungraph,1000,2,0.000208,0.62049,6.9e-05,0.069523,4.3e-05,3.517449,3.9e-05,0.009069
run_ppcsr,com-orkut.ungraph,1000,3,0.000396,0.664007,6.1e-05,0.06904,7.8e-05,3.517149,5e-05,0.008029
run_ppcsr,com-orkut.ungraph,1000,4,0.000367,0.626877,4.4e-05,0.069326,4.4e-05,3.517941,5e-05,0.008034
run_ppcsr,com-orkut.ungraph,1000,5,0.000174,0.586045,5.6e-05,0.068668,4.6e-05,3.494859,0.000186,0.008026
run_ppcsr,com-orkut.ungraph,1000,6,0.000418,0.590007,5.7e-05,0.069677,7.1e-05,3.559923,7.9e-05,0.008005
run_ppcsr,com-orkut.ungraph,1000,7,0.000656,0.574197,7.3e-05,0.068811,0.000413,8.235317,5.8e-05,0.008056
run_ppcsr,com-orkut.ungraph,1000,8,0.00076,0.593451,8.7e-05,0.069003,0.000127,4.410932,6.7e-05,0.008011
run_ppcsr,com-orkut.ungraph,1000,9,0.000955,0.577014,0.000101,0.069546,0.000487,3.559783,4.4e-05,0.008006
run_ppcsr,cit-Patents,1000,0,3.1e-05,0.293861,3.2e-05,0.04394,3.4e-05,5.334273,2.9e-05,0.018958
run_ppcsr,cit-Patents,1000,1,3.8e-05,0.294206,4.4e-05,0.046349,5.2e-05,5.322356,4e-05,0.017682
run_ppcsr,cit-Patents,1000,2,5e-05,0.279644,9.7e-05,0.042785,4e-05,5.294451,5.6e-05,0.017594
run_ppcsr,cit-Patents,1000,3,6.3e-05,0.281488,0.000145,0.039201,4.4e-05,5.344994,4.2e-05,0.017546
run_ppcsr,cit-Patents,1000,4,4.1e-05,0.2804,0.000103,0.040188,4.1e-05,5.411579,3.1e-05,0.017478
run_ppcsr,cit-Patents,1000,5,6.7e-05,0.275344,0.000104,0.039944,4.2e-05,5.409103,3.1e-05,0.017508
run_ppcsr,cit-Patents,1000,6,4.7e-05,0.283467,0.000116,0.040529,0.000135,5.445588,4.7e-05,0.017567
run_ppcsr,cit-Patents,1000,7,7.7e-05,0.281566,0.000109,0.040945,0.000218,5.557123,4.1e-05,0.017543
run_ppcsr,cit-Patents,1000,8,0.000521,0.276052,9.9e-05,0.041192,0.000928,5.510494,3.1e-05,0.017526
run_ppcsr,cit-Patents,1000,9,0.000308,0.266345,0.000102,0.039997,0.000499,5.357591,3.1e-05,0.017489
run_ppcsr,soc-LiveJournal1,1000,0,3.5e-05,0.310231,3.4e-05,0.040973,3.2e-05,5.287377,3.7e-05,0.01696
run_ppcsr,soc-LiveJournal1,1000,1,5.2e-05,0.309765,5.2e-05,0.040858,4.9e-05,5.188092,4.8e-05,0.015749
run_ppcsr,soc-LiveJournal1,1000,2,7.3e-05,0.311267,7.5e-05,0.041326,0.000575,5.430381,7.2e-05,0.015672
run_ppcsr,soc-LiveJournal1,1000,3,8.9e-05,0.300066,5e-05,0.041094,9.5e-05,5.158915,4.2e-05,0.015485
run_ppcsr,soc-LiveJournal1,1000,4,8.2e-05,0.296036,5.2e-05,0.040877,0.000593,5.31167,4.7e-05,0.01538
run_ppcsr,soc-LiveJournal1,1000,5,0.000106,0.298167,7.5e-05,0.04142,8.3e-05,5.17236,6.1e-05,0.015935
run_ppcsr,soc-LiveJournal1,1000,6,0.000134,0.285443,8e-05,0.041467,8.9e-05,5.266201,7.9e-05,0.01545
run_ppcsr,soc-LiveJournal1,1000,7,8.2e-05,0.291356,3.8e-05,0.040812,7.7e-05,5.07398,4.8e-05,0.016275
run_ppcsr,soc-LiveJournal1,1000,8,8.1e-05,0.279704,8.2e-05,0.040605,8.7e-05,5.067925,6.5e-05,0.015922
run_ppcsr,soc-LiveJournal1,1000,9,0.000117,0.276023,6.4e-05,0.040628,9.2e-05,5.129732,8.4e-05,0.016048
run_ppcsr,twitter-unique-undir,1000,0,0.000102,8.944111,8.5e-05,1.076729,0.000536,25.361705,0.000208,0.100559
run_ppcsr,twitter-unique-undir,1000,1,0.00015,8.910737,0.000117,1.054688,0.00012,24.359149,0.000122,0.099047
run_ppcsr,twitter-unique-undir,1000,2,0.000106,8.70461,0.000109,1.066112,0.000557,24.172953,0.000323,0.099692
run_ppcsr,twitter-unique-undir,1000,3,0.000166,8.36667,0.000112,1.062072,0.000151,23.597633,0.000243,0.099553
run_ppcsr,twitter-unique-undir,1000,4,0.000186,7.829345,0.000108,1.068001,0.000192,24.301148,0.000141,0.099358
run_ppcsr,twitter-unique-undir,1000,5,0.000125,7.713764,0.000106,1.053132,0.000619,23.883544,0.000203,0.098931
run_ppcsr,twitter-unique-undir,1000,6,0.000218,7.686664,0.000107,1.057361,0.000628,23.645793,0.000176,0.098946
run_ppcsr,twitter-unique-undir,1000,7,0.000174,7.873063,0.000109,1.068187,0.000355,28.865517,0.000135,0.098636
run_ppcsr,twitter-unique-undir,1000,8,0.000208,7.781468,0.000966,1.058701,0.001158,30.895831,0.000237,0.099709
run_ppcsr,twitter-unique-undir,1000,9,0.000185,7.447102,0.000123,1.069692,0.0006,27.585736,0.000196,0.098831
run_ppcsr,com-orkut.ungraph,10000,0,3.148526,0.576735,3.079802,0.064928,3.119655,3.611115,3.147449,0.009381
run_ppcsr,com-orkut.ungraph,10000,1,0.000247,0.565986,0.000266,0.065281,0.000349,3.575347,0.00027,0.008364
run_ppcsr,com-orkut.ungraph,10000,2,0.000613,0.564151,0.00026,0.064835,0.000443,3.853471,0.000258,0.008237
run_ppcsr,com-orkut.ungraph,10000,3,0.000266,0.56435,0.000291,0.064629,0.000651,6.67302,0.000282,0.008217
run_ppcsr,com-orkut.ungraph,10000,4,0.000554,0.560962,0.000271,0.065045,0.000662,3.893247,0.000265,0.008108
run_ppcsr,com-orkut.ungraph,10000,5,0.000589,0.55905,0.000294,0.065385,0.000794,3.51005,0.000261,0.008341
run_ppcsr,com-orkut.ungraph,10000,6,0.000862,0.581177,0.00028,0.066087,0.000456,3.503523,0.000265,0.008164
run_ppcsr,com-orkut.ungraph,10000,7,0.000828,0.57277,0.0003,0.065513,0.000435,3.582181,0.000253,0.008235
run_ppcsr,com-orkut.ungraph,10000,8,0.001288,0.578019,0.000286,0.065846,0.000867,3.576932,0.000261,0.00819
run_ppcsr,com-orkut.ungraph,10000,9,0.001391,0.516985,0.000281,0.065505,0.000797,3.546577,0.000256,0.008238
run_ppcsr,cit-Patents,10000,0,0.000158,0.269635,0.000164,0.052988,0.000185,5.537463,0.000143,0.01892
run_ppcsr,cit-Patents,10000,1,0.000229,0.27139,0.000217,0.051052,0.000216,5.473268,0.00019,0.017386
run_ppcsr,cit-Patents,10000,2,0.000242,0.270655,0.000186,0.051167,0.000544,5.670006,0.000172,0.01731
run_ppcsr,cit-Patents,10000,3,0.000231,0.269031,0.000217,0.05148,0.001032,5.429974,0.000188,0.017286
run_ppcsr,cit-Patents,10000,4,0.000214,0.26461,0.000321,0.050905,0.00092,5.634672,0.000184,0.017309
run_ppcsr,cit-Patents,10000,5,0.00023,0.265886,0.000199,0.051734,0.00077,5.523504,0.000168,0.017275
run_ppcsr,cit-Patents,10000,6,0.000216,0.266063,0.000215,0.051581,0.001064,5.47822,0.000177,0.017262
run_ppcsr,cit-Patents,10000,7,0.00023,0.268467,0.000189,0.051202,0.00037,5.364909,0.000177,0.01719
run_ppcsr,cit-Patents,10000,8,0.000222,0.269045,0.000194,0.050304,0.00039,5.33293,0.000159,0.017361
run_ppcsr,cit-Patents,10000,9,0.000219,0.270271,0.000203,0.052064,0.000333,5.423545,0.000167,0.01729
run_ppcsr,soc-LiveJournal1,10000,0,0.000445,0.343335,0.000187,0.037922,0.00016,5.3018,0.000251,0.01802
run_ppcsr,soc-LiveJournal1,10000,1,0.000335,0.329529,0.000239,0.037751,0.000396,5.318692,0.000304,0.016845
run_ppcsr,soc-LiveJournal1,10000,2,0.000326,0.33136,0.000286,0.038122,0.000608,5.42208,0.000305,0.01664
run_ppcsr,soc-LiveJournal1,10000,3,0.000316,0.330944,0.000256,0.037996,0.001023,5.370209,0.00031,0.016682
run_ppcsr,soc-LiveJournal1,10000,4,0.000328,0.330205,0.000234,0.037511,0.001601,5.570083,0.000284,0.01652
run_ppcsr,soc-LiveJournal1,10000,5,0.000335,0.328455,0.000246,0.038127,0.001497,5.497629,0.000314,0.016568
run_ppcsr,soc-LiveJournal1,10000,6,0.000334,0.331421,0.000249,0.037823,0.000788,5.349276,0.000287,0.016484
run_ppcsr,soc-LiveJournal1,10000,7,0.000879,0.329612,0.000216,0.038584,0.001135,5.346111,0.000285,0.016512
run_ppcsr,soc-LiveJournal1,10000,8,0.001001,0.338938,0.000204,0.038092,0.000571,5.298747,0.0003,0.016557
run_ppcsr,soc-LiveJournal1,10000,9,0.001168,0.325355,0.000214,0.037852,0.001143,5.324614,0.000273,0.016481
run_ppcsr,twitter-unique-undir,10000,0,0.00042,11.149385,0.000355,1.014227,0.00029,30.322291,0.000785,0.108633
run_ppcsr,twitter-unique-undir,10000,1,0.000543,10.864609,0.000843,1.019978,0.000996,29.593598,0.000815,0.106048
run_ppcsr,twitter-unique-undir,10000,2,0.00066,10.582826,0.000838,1.005271,0.001679,32.007821,0.000799,0.10595
run_ppcsr,twitter-unique-undir,10000,3,0.000747,10.874287,0.00045,1.010273,0.001387,28.118525,0.000773,0.10585
run_ppcsr,twitter-unique-undir,10000,4,0.000746,11.285809,0.000405,1.008733,0.001026,26.683608,0.000808,0.106251
run_ppcsr,twitter-unique-undir,10000,5,0.000719,9.792385,0.000416,1.016774,0.000424,26.167376,0.000778,0.10699
run_ppcsr,twitter-unique-undir,10000,6,0.000847,9.615937,0.000407,1.014003,0.0009,26.165541,0.000895,0.106025
run_ppcsr,twitter-unique-undir,10000,7,0.000809,9.611897,0.00041,1.021548,0.00092,26.583115,0.000808,0.106009
run_ppcsr,twitter-unique-undir,10000,8,0.00079,9.600095,0.000442,1.01631,0.000915,25.9898,0.00088,0.105862
run_ppcsr,twitter-unique-undir,10000,9,0.000738,9.311735,0.000409,1.011687,0.000943,26.400606,0.000772,0.10623
run_ppcsr,com-orkut.ungraph,100000,0,2.307746,0.580832,2.024283,0.065162,2.06398,3.687039,2.102396,0.009727
run_ppcsr,com-orkut.ungraph,100000,1,0.002743,0.571688,0.002842,0.064965,0.002785,3.785961,0.002477,0.008784
run_ppcsr,com-orkut.ungraph,100000,2,0.002602,0.577786,0.002675,0.065842,0.006133,7.708158,0.002381,0.008937
run_ppcsr,com-orkut.ungraph,100000,3,0.002585,0.58988,0.002366,0.067137,0.006344,4.611015,0.002347,0.008782
run_ppcsr,com-orkut.ungraph,100000,4,0.002486,0.577514,0.002646,0.067384,0.004389,3.643734,0.002389,0.008834
run_ppcsr,com-orkut.ungraph,100000,5,0.002351,0.567327,0.003033,0.065662,0.003921,3.655035,0.002351,0.00888
run_ppcsr,com-orkut.ungraph,100000,6,0.002337,0.569245,0.003255,0.067173,0.003608,3.689148,0.002338,0.008872
run_ppcsr,com-orkut.ungraph,100000,7,0.002315,0.576779,0.003059,0.067796,0.003341,3.685837,0.002327,0.008929
run_ppcsr,com-orkut.ungraph,100000,8,0.003043,0.572405,0.00302,0.066469,0.003395,3.719542,0.002359,0.008874
run_ppcsr,com-orkut.ungraph,100000,9,0.00234,0.580308,0.00319,0.067102,0.003555,3.70537,0.002291,0.008893
run_ppcsr,cit-Patents,100000,0,0.002412,0.220719,0.001517,0.039253,0.002236,5.477187,0.002893,0.024812
run_ppcsr,cit-Patents,100000,1,0.002424,0.216888,0.001733,0.038156,0.002267,5.466858,0.002762,0.023795
run_ppcsr,cit-Patents,100000,2,0.002502,0.202808,0.001764,0.037519,0.002273,5.361604,0.002859,0.023262
run_ppcsr,cit-Patents,100000,3,0.002401,0.197967,0.001454,0.03663,0.004459,5.455996,0.002733,0.02354
run_ppcsr,cit-Patents,100000,4,0.002349,0.201201,0.001501,0.037345,0.002261,5.371072,0.002827,0.023065
run_ppcsr,cit-Patents,100000,5,0.002425,0.191612,0.001455,0.036851,0.001849,5.401174,0.002729,0.023051
run_ppcsr,cit-Patents,100000,6,0.002198,0.190849,0.001555,0.03747,0.002569,5.502327,0.002719,0.023304
run_ppcsr,cit-Patents,100000,7,0.002204,0.192527,0.001456,0.036824,0.00575,5.38225,0.002794,0.023192
run_ppcsr,cit-Patents,100000,8,0.002409,0.199746,0.001451,0.036976,0.003182,5.402073,0.002734,0.023678
run_ppcsr,cit-Patents,100000,9,0.002437,0.199203,0.001448,0.037051,0.003384,5.473202,0.002927,0.023645
run_ppcsr,soc-LiveJournal1,100000,0,0.002123,0.302912,0.001946,0.037674,0.001812,5.289778,0.002576,0.016515
run_ppcsr,soc-LiveJournal1,100000,1,0.004414,0.293655,0.001914,0.037211,0.008241,5.117983,0.002541,0.015262
run_ppcsr,soc-LiveJournal1,100000,2,0.003239,0.294924,0.001492,0.037379,0.00334,5.075232,0.002518,0.015188
run_ppcsr,soc-LiveJournal1,100000,3,0.002204,0.299244,0.00151,0.037577,0.006614,5.202271,0.002507,0.014986
run_ppcsr,soc-LiveJournal1,100000,4,0.003267,0.304113,0.001523,0.037223,0.003589,5.057768,0.002473,0.01511
run_ppcsr,soc-LiveJournal1,100000,5,0.002191,0.289385,0.001955,0.037988,0.002086,5.234876,0.002462,0.015019
run_ppcsr,soc-LiveJournal1,100000,6,0.00231,0.280591,0.001938,0.038091,0.003836,5.253918,0.002444,0.015185
run_ppcsr,soc-LiveJournal1,100000,7,0.002275,0.27079,0.001499,0.037295,0.001931,5.332313,0.00252,0.014989
run_ppcsr,soc-LiveJournal1,100000,8,0.002,0.260987,0.00152,0.038824,0.002103,5.134234,0.002501,0.01505
run_ppcsr,soc-LiveJournal1,100000,9,0.001868,0.262977,0.002416,0.040656,0.004005,5.104251,0.002527,0.015151
run_ppcsr,twitter-unique-undir,100000,0,0.00377,12.781305,0.002798,1.081883,0.003598,28.423089,0.005649,0.106754
run_ppcsr,twitter-unique-undir,100000,1,0.003911,12.683691,0.003327,1.079062,0.003309,28.1712,0.00564,0.103306
run_ppcsr,twitter-unique-undir,100000,2,0.003928,12.123941,0.003348,1.071741,0.002339,25.755547,0.005548,0.103818
run_ppcsr,twitter-unique-undir,100000,3,0.005286,11.557202,0.003201,1.077017,0.002343,26.609144,0.005577,0.103364
run_ppcsr,twitter-unique-undir,100000,4,0.005512,11.340917,0.003025,1.089977,0.002962,25.27108,0.005553,0.10358
run_ppcsr,twitter-unique-undir,100000,5,0.005383,11.318578,0.003005,1.071366,0.00308,25.837465,0.0056,0.1038
run_ppcsr,twitter-unique-undir,100000,6,0.005312,11.303175,0.003088,1.075858,0.003272,25.431466,0.005667,0.102427
run_ppcsr,twitter-unique-undir,100000,7,0.005469,11.13434,0.003435,1.077172,0.003256,25.769422,0.005688,0.102185
run_ppcsr,twitter-unique-undir,100000,8,0.005282,10.797251,0.00311,1.079525,0.003548,33.498278,0.005954,0.101802
run_ppcsr,twitter-unique-undir,100000,9,0.005139,10.773057,0.003116,1.065652,0.004195,31.594493,0.006156,0.102803
run_ppcsr,com-orkut.ungraph,1000000,0,0.013732,0.285824,0.012167,0.050159,0.01296,4.787225,0.016323,0.007777
run_ppcsr,com-orkut.ungraph,1000000,1,0.012849,0.293167,0.009661,0.051349,0.020317,3.562405,0.014916,0.007806
run_ppcsr,com-orkut.ungraph,1000000,2,0.012979,0.29183,0.009743,0.047047,0.010208,3.535187,0.013941,0.008549
run_ppcsr,com-orkut.ungraph,1000000,3,0.012571,0.288262,0.009522,0.047719,0.01027,3.734837,0.014974,0.007796
run_ppcsr,com-orkut.ungraph,1000000,4,0.012638,0.283757,0.009513,0.047968,0.015288,4.128722,0.014131,0.007759
run_ppcsr,com-orkut.ungraph,1000000,5,0.01239,0.278844,0.009518,0.0478,0.017644,3.573809,0.01404,0.007614
run_ppcsr,com-orkut.ungraph,1000000,6,0.01247,0.275175,0.009541,0.047613,0.010469,3.654941,0.014085,0.007636
run_ppcsr,com-orkut.ungraph,1000000,7,0.012424,0.275906,0.009298,0.047138,0.010832,3.697218,0.014127,0.007647
run_ppcsr,com-orkut.ungraph,1000000,8,0.012464,0.281397,0.009584,0.048341,0.010572,3.557479,0.014162,0.007662
run_ppcsr,com-orkut.ungraph,1000000,9,0.011958,0.266894,0.009599,0.049077,0.01006,3.530132,0.014189,0.007632
run_ppcsr,cit-Patents,1000000,0,0.018913,0.197887,0.018167,0.032569,0.027629,6.312543,0.018745,0.023734
run_ppcsr,cit-Patents,1000000,1,0.016463,0.185546,0.016116,0.032331,0.02576,6.283165,0.018245,0.024487
run_ppcsr,cit-Patents,1000000,2,0.016439,0.178741,0.016675,0.032299,0.024333,5.99227,0.018801,0.024589
run_ppcsr,cit-Patents,1000000,3,0.016137,0.179126,0.017183,0.034214,0.026269,5.838703,0.019701,0.022921
run_ppcsr,cit-Patents,1000000,4,0.017585,0.1783,0.017604,0.032428,0.026255,5.826444,0.020973,0.022528
run_ppcsr,cit-Patents,1000000,5,0.019288,0.183771,0.019527,0.032217,0.031285,5.975099,0.023596,0.022067
run_ppcsr,cit-Patents,1000000,6,0.027534,0.181341,0.024155,0.032203,0.042269,5.56851,0.029429,0.021635
run_ppcsr,cit-Patents,1000000,7,0.427257,0.217544,0.402273,0.03681,0.429229,5.645785,0.428104,0.021476
run_ppcsr,cit-Patents,1000000,8,0.012294,0.220643,0.011359,0.037436,0.02324,5.638307,0.01225,0.024789
run_ppcsr,cit-Patents,1000000,9,0.012964,0.232071,0.01146,0.037754,0.024127,5.612776,0.012974,0.026032
run_ppcsr,soc-LiveJournal1,1000000,0,0.023454,0.293818,0.016982,0.038224,0.019139,5.263059,0.027106,0.021659
run_ppcsr,soc-LiveJournal1,1000000,1,0.019864,0.27053,0.014162,0.036815,0.016282,5.151822,0.026187,0.02014
run_ppcsr,soc-LiveJournal1,1000000,2,0.018089,0.273396,0.014017,0.036875,0.016271,5.28661,0.025765,0.020587
run_ppcsr,soc-LiveJournal1,1000000,3,0.017789,0.261614,0.013899,0.036909,0.02612,5.136233,0.026029,0.021296
run_ppcsr,soc-LiveJournal1,1000000,4,0.018096,0.25651,0.013916,0.037756,0.018638,5.621958,0.02558,0.019381
run_ppcsr,soc-LiveJournal1,1000000,5,0.016978,0.263066,0.01388,0.037986,0.025072,5.401508,0.025855,0.0199
run_ppcsr,soc-LiveJournal1,1000000,6,0.022383,0.26364,0.014006,0.038415,0.029339,5.267385,0.025742,0.01896
run_ppcsr,soc-LiveJournal1,1000000,7,0.017283,0.258272,0.013851,0.037998,0.02785,5.324593,0.025452,0.018515
run_ppcsr,soc-LiveJournal1,1000000,8,0.017322,0.260189,0.013916,0.037585,0.020806,5.285585,0.025567,0.018892
run_ppcsr,soc-LiveJournal1,1000000,9,0.016566,0.247908,0.013926,0.037917,0.022075,5.097501,0.025535,0.018765
run_ppcsr,twitter-unique-undir,1000000,0,0.029071,11.736292,0.019633,1.014921,0.019556,29.206892,0.047715,0.087918
run_ppcsr,twitter-unique-undir,1000000,1,0.029848,11.553531,0.019784,1.024209,0.019553,28.54994,0.046848,0.087982
run_ppcsr,twitter-unique-undir,1000000,2,0.027592,11.397228,0.019493,1.017265,0.019278,28.500428,0.046893,0.087684
run_ppcsr,twitter-unique-undir,1000000,3,0.037422,10.709511,0.019569,1.014052,0.019629,29.580968,0.047514,0.087287
run_ppcsr,twitter-unique-undir,1000000,4,0.037099,10.373147,0.01949,1.01711,0.019776,30.24401,0.047091,0.087597
run_ppcsr,twitter-unique-undir,1000000,5,0.034079,11.284326,0.01967,1.0052,0.020942,29.81976,0.04708,0.086741
run_ppcsr,twitter-unique-undir,1000000,6,0.03473,10.188712,0.019467,1.029582,0.022892,29.5084,0.047891,0.087292
run_ppcsr,twitter-unique-undir,1000000,7,0.027723,9.934087,0.019494,1.022747,0.027192,32.444146,0.046861,0.087004
run_ppcsr,twitter-unique-undir,1000000,8,0.026913,9.9249,0.019619,1.024555,0.026987,32.891397,0.047266,0.087299
run_ppcsr,twitter-unique-undir,1000000,9,0.02453,9.919163,0.020515,1.014743,0.0238,29.938715,0.047514,0.085356
run_std_set,com-orkut.ungraph,1,0,6e-06,2.019096,5e-06,0.167484,6e-06,3.786546,8e-06,0.02075
run_std_set,com-orkut.ungraph,1,1,1.6e-05,1.953488,1e-05,0.160872,1.2e-05,3.768104,1e-05,0.012395
run_std_set,com-orkut.ungraph,1,2,1e-05,1.792319,1e-05,0.161752,8e-06,3.775277,9e-06,0.012474
run_std_set,com-orkut.ungraph,1,3,1.5e-05,1.770159,1.1e-05,0.168182,9e-06,3.78688,8e-06,0.01475
run_std_set,com-orkut.ungraph,1,4,1.3e-05,1.737135,1.1e-05,0.165166,8e-06,3.789399,1e-05,0.012216
run_std_set,com-orkut.ungraph,1,5,1.5e-05,1.708928,1e-05,0.161905,9e-06,3.79533,8e-06,0.013944
run_std_set,com-orkut.ungraph,1,6,1.3e-05,1.645507,8e-06,0.161606,9e-06,3.788268,8e-06,0.013027
run_std_set,com-orkut.ungraph,1,7,1.6e-05,1.544101,1e-05,0.163112,1.1e-05,3.803551,9e-06,0.012023
run_std_set,com-orkut.ungraph,1,8,1.6e-05,1.499799,1e-05,0.161497,1.1e-05,3.80143,1.1e-05,0.012292
run_std_set,com-orkut.ungraph,1,9,1.7e-05,1.38932,1.1e-05,0.160754,1e-05,3.789102,1e-05,0.012144
run_std_set,cit-Patents,1,0,7e-06,0.397683,5e-06,0.04971,6e-06,4.626038,7e-06,0.051173
run_std_set,cit-Patents,1,1,1.2e-05,0.386682,9e-06,0.041775,8e-06,4.667395,9e-06,0.042747
run_std_set,cit-Patents,1,2,1.3e-05,0.371107,8e-06,0.045435,8e-06,4.67085,8e-06,0.042743
run_std_set,cit-Patents,1,3,1.3e-05,0.386053,8e-06,0.041554,8e-06,4.656875,8e-06,0.043768
run_std_set,cit-Patents,1,4,1.3e-05,0.386466,9e-06,0.041346,9e-06,4.70539,9e-06,0.04137
run_std_set,cit-Patents,1,5,1.2e-05,0.38787,9e-06,0.04229,1e-05,4.632435,1e-05,0.042595
run_std_set,cit-Patents,1,6,1.1e-05,0.358936,1e-05,0.041172,1.2e-05,4.614255,8e-06,0.041762
run_std_set,cit-Patents,1,7,1.1e-05,0.380115,1e-05,0.04228,8e-06,4.584416,1e-05,0.040553
run_std_set,cit-Patents,1,8,1.1e-05,0.362542,8e-06,0.042189,8e-06,4.562872,8e-06,0.042139
run_std_set,cit-Patents,1,9,1.6e-05,0.388318,9e-06,0.041332,8e-06,4.631192,8e-06,0.041321
run_std_set,soc-LiveJournal1,1,0,6e-06,0.852573,6e-06,0.067522,6e-06,4.924787,7e-06,0.033696
run_std_set,soc-LiveJournal1,1,1,1.2e-05,0.808217,8e-06,0.065542,8e-06,4.99275,9e-06,0.030853
run_std_set,soc-LiveJournal1,1,2,1.2e-05,0.803199,8e-06,0.065429,9e-06,4.986947,9e-06,0.030769
run_std_set,soc-LiveJournal1,1,3,1.4e-05,0.783223,8e-06,0.0658,8e-06,4.95262,8e-06,0.030614
run_std_set,soc-LiveJournal1,1,4,1.3e-05,0.786826,8e-06,0.066181,8e-06,4.952018,8e-06,0.030158
run_std_set,soc-LiveJournal1,1,5,1.1e-05,0.765187,8e-06,0.065401,7e-06,4.964115,1e-05,0.03065
run_std_set,soc-LiveJournal1,1,6,9e-06,0.774473,8e-06,0.065749,9e-06,4.975428,9e-06,0.030141
run_std_set,soc-LiveJournal1,1,7,1.2e-05,0.735707,7e-06,0.065541,8e-06,5.009824,7e-06,0.030492
run_std_set,soc-LiveJournal1,1,8,1.6e-05,0.711773,8e-06,0.066337,8e-06,4.998211,1.1e-05,0.030604
run_std_set,soc-LiveJournal1,1,9,1.4e-05,0.66809,9e-06,0.067227,8e-06,4.973287,8e-06,0.03114
run_std_set,twitter-unique-undir,1,0,6e-06,23.231355,7e-06,3.12785,7e-06,47.777484,1.1e-05,0.338376
run_std_set,twitter-unique-undir,1,1,1.1e-05,22.434856,1.1e-05,3.062119,1e-05,47.639318,1e-05,0.136429
run_std_set,twitter-unique-undir,1,2,1.2e-05,22.338457,1.1e-05,3.065016,1e-05,47.555943,9e-06,0.134399
run_std_set,twitter-unique-undir,1,3,2.7e-05,24.523631,1.1e-05,3.083671,1e-05,47.500937,9e-06,0.135816
run_std_set,twitter-unique-undir,1,4,1.2e-05,28.877648,1.1e-05,3.110886,1e-05,47.786525,1e-05,0.131707
run_std_set,twitter-unique-undir,1,5,1.2e-05,28.560009,1e-05,3.062156,9e-06,47.666765,9e-06,0.127387
run_std_set,twitter-unique-undir,1,6,2e-05,25.769006,1.1e-05,3.13406,9e-06,47.754943,9e-06,0.126534
run_std_set,twitter-unique-undir,1,7,1.1e-05,27.668254,1e-05,3.052714,9e-06,47.657132,8e-06,0.128354
run_std_set,twitter-unique-undir,1,8,2.1e-05,32.879258,1.3e-05,3.047735,9e-06,47.654847,1.1e-05,0.131514
run_std_set,twitter-unique-undir,1,9,2e-05,30.71535,1.2e-05,3.061174,9e-06,47.775866,1e-05,0.127963
run_std_set,com-friendster,1,0,7e-06,51.417063,7e-06,8.163835,7e-06,67.364088,8e-06,5.516933
run_std_set,com-friendster,1,1,1.6e-05,50.730522,1.1e-05,8.101273,1e-05,67.385542,1.3e-05,4.902042
run_std_set,com-friendster,1,2,2.3e-05,66.174978,1.2e-05,7.989933,1e-05,71.22202,1.5e-05,4.91911
run_std_set,com-friendster,1,3,1.5e-05,58.548594,1.1e-05,7.996616,1e-05,73.918386,1.2e-05,4.921492
run_std_set,com-friendster,1,4,1.7e-05,58.125941,1.1e-05,8.01874,1e-05,73.053803,1.1e-05,4.915446
run_std_set,com-friendster,1,5,1.5e-05,57.313804,1.1e-05,8.11299,1e-05,71.723267,1.1e-05,4.922164
run_std_set,com-friendster,1,6,1.4e-05,55.477713,1e-05,7.950951,9e-06,71.794956,1.1e-05,4.905816
run_std_set,com-friendster,1,7,1.6e-05,57.191994,1.3e-05,8.025835,1e-05,74.589241,1.2e-05,4.875015
run_std_set,com-friendster,1,8,1.5e-05,63.48011,1.1e-05,7.932472,9e-06,76.425088,1.2e-05,4.897574
run_std_set,com-friendster,1,9,1.6e-05,66.034819,1.3e-05,7.913109,1e-05,80.505396,1.3e-05,4.858281
run_std_set,com-orkut.ungraph,10,0,2.1e-05,1.833862,1.9e-05,0.154849,1.7e-05,3.886747,7.6e-05,0.030418
run_std_set,com-orkut.ungraph,10,1,4.7e-05,1.724008,3.3e-05,0.148441,2.9e-05,3.8606,2.5e-05,0.012667
run_std_set,com-orkut.ungraph,10,2,3.6e-05,1.641984,3.3e-05,0.147111,2.8e-05,3.846883,2.3e-05,0.012673
run_std_set,com-orkut.ungraph,10,3,3.4e-05,1.634461,2.9e-05,0.149974,2.8e-05,3.872546,2.4e-05,0.012452
run_std_set,com-orkut.ungraph,10,4,3.6e-05,1.615519,3e-05,0.148299,2.9e-05,3.868439,2.7e-05,0.012603
run_std_set,com-orkut.ungraph,10,5,4e-05,1.671292,3e-05,0.149975,2.8e-05,3.861214,2.4e-05,0.012802
run_std_set,com-orkut.ungraph,10,6,3.6e-05,1.665787,3e-05,0.151214,3.1e-05,3.841094,2.5e-05,0.012741
run_std_set,com-orkut.ungraph,10,7,9.2e-05,1.635898,3.1e-05,0.148658,2.9e-05,3.850034,2.8e-05,0.012641
run_std_set,com-orkut.ungraph,10,8,4.9e-05,1.672288,3.1e-05,0.149564,2.8e-05,3.852364,2.5e-05,0.012602
run_std_set,com-orkut.ungraph,10,9,4e-05,1.666818,2.8e-05,0.149546,3.1e-05,3.854895,2.5e-05,0.012626
run_std_set,cit-Patents,10,0,2.5e-05,0.365409,1.7e-05,0.047529,1.9e-05,4.742205,2.1e-05,0.044513
run_std_set,cit-Patents,10,1,8.8e-05,0.369209,2.4e-05,0.041051,2.9e-05,4.725383,2.4e-05,0.04087
run_std_set,cit-Patents,10,2,3.3e-05,0.366366,2.5e-05,0.040898,2.9e-05,4.719696,2.4e-05,0.040813
run_std_set,cit-Patents,10,3,3.2e-05,0.378191,2.4e-05,0.040984,7.3e-05,4.703812,2.3e-05,0.041445
run_std_set,cit-Patents,10,4,6.3e-05,0.34313,2.4e-05,0.040971,2.5e-05,4.675001,2.4e-05,0.04147
run_std_set,cit-Patents,10,5,4.3e-05,0.327603,2.2e-05,0.042006,2.5e-05,4.659646,2.3e-05,0.041868
run_std_set,cit-Patents,10,6,3.8e-05,0.327904,2.7e-05,0.041009,2.5e-05,4.598139,2.1e-05,0.043035
run_std_set,cit-Patents,10,7,6.8e-05,0.315831,2.5e-05,0.040818,2.4e-05,4.664743,2.6e-05,0.041854
run_std_set,cit-Patents,10,8,3.6e-05,0.291976,2.5e-05,0.04069,2.4e-05,4.665338,2.5e-05,0.040405
run_std_set,cit-Patents,10,9,7.7e-05,0.298968,2.4e-05,0.041248,2.8e-05,4.681128,2.3e-05,0.041028
run_std_set,soc-LiveJournal1,10,0,1.9e-05,0.872732,2.3e-05,0.065386,2.2e-05,5.094403,2.3e-05,0.035739
run_std_set,soc-LiveJournal1,10,1,3.7e-05,0.848652,2.8e-05,0.061867,2.9e-05,5.078044,2.4e-05,0.030183
run_std_set,soc-LiveJournal1,10,2,3.4e-05,0.827217,2.6e-05,0.063642,2.6e-05,5.076323,2.5e-05,0.030815
run_std_set,soc-LiveJournal1,10,3,3.6e-05,0.812902,3.2e-05,0.062683,2.8e-05,5.03954,2.2e-05,0.03085
run_std_set,soc-LiveJournal1,10,4,4.6e-05,0.791758,2.8e-05,0.063056,2.7e-05,5.035939,2.6e-05,0.030145
run_std_set,soc-LiveJournal1,10,5,4.1e-05,0.777483,2.8e-05,0.062937,2.7e-05,5.033849,2.5e-05,0.030383
run_std_set,soc-LiveJournal1,10,6,8.9e-05,0.740478,2.8e-05,0.063176,2.7e-05,5.020759,2.5e-05,0.030519
run_std_set,soc-LiveJournal1,10,7,4.1e-05,0.705555,2.3e-05,0.063248,2.9e-05,5.034915,2.6e-05,0.031805
run_std_set,soc-LiveJournal1,10,8,4.2e-05,0.649451,2.7e-05,0.062721,2.7e-05,5.096644,2.3e-05,0.029973
run_std_set,soc-LiveJournal1,10,9,4.7e-05,0.645372,2.5e-05,0.062796,2.5e-05,5.068989,2.5e-05,0.030329
run_std_set,twitter-unique-undir,10,0,2.4e-05,22.573043,2.2e-05,2.470003,2.3e-05,51.117397,0.010629,0.534798
run_std_set,twitter-unique-undir,10,1,6e-05,22.20014,3.7e-05,2.397095,2.9e-05,51.031194,0.004468,0.195284
run_std_set,twitter-unique-undir,10,2,4.9e-05,22.2635,3.8e-05,2.471013,3.4e-05,51.010288,3.7e-05,0.191143
run_std_set,twitter-unique-undir,10,3,5.6e-05,27.026415,3.4e-05,2.422723,2.9e-05,51.23566,4e-05,0.192291
run_std_set,twitter-unique-undir,10,4,4.3e-05,28.340839,3.4e-05,2.524492,2.8e-05,51.007156,0.002582,0.194697
run_std_set,twitter-unique-undir,10,5,6e-05,28.564181,3.4e-05,2.452023,2.9e-05,51.128737,3.8e-05,0.191692
run_std_set,twitter-unique-undir,10,6,4.4e-05,33.159134,3.5e-05,2.40337,2.9e-05,50.990889,3.7e-05,0.188887
run_std_set,twitter-unique-undir,10,7,5e-05,31.171065,3.7e-05,2.3998,2.9e-05,51.003784,4.1e-05,0.19055
run_std_set,twitter-unique-undir,10,8,5.4e-05,38.432172,3.7e-05,2.466643,3.4e-05,50.999961,4.2e-05,0.190456
run_std_set,twitter-unique-undir,10,9,6.3e-05,33.087648,3.7e-05,2.447183,2.9e-05,50.916427,3.4e-05,0.192202
run_std_set,com-friendster,10,0,2.2e-05,37.577466,2.2e-05,6.829425,2.3e-05,56.938537,8.2e-05,5.610217
run_std_set,com-friendster,10,1,3.8e-05,42.452855,2.9e-05,6.752348,3.1e-05,56.926017,3.4e-05,5.04894
run_std_set,com-friendster,10,2,3.6e-05,45.693276,3.1e-05,6.824871,2.9e-05,56.895972,3.1e-05,5.087074
run_std_set,com-friendster,10,3,3.6e-05,39.419789,2.9e-05,6.846498,3e-05,56.805378,3.4e-05,5.049867
run_std_set,com-friendster,10,4,3.6e-05,44.975966,3.1e-05,6.792138,2.9e-05,56.941863,3e-05,5.062343
run_std_set,com-friendster,10,5,3.7e-05,43.194952,2.9e-05,6.743929,2.9e-05,56.907283,2.6e-05,5.06543
run_std_set,com-friendster,10,6,3.5e-05,47.392722,2.7e-05,6.716499,2.9e-05,56.900139,3.1e-05,5.082394
run_std_set,com-friendster,10,7,4e-05,55.445164,2.9e-05,6.798393,3e-05,56.814332,2.7e-05,5.071305
run_std_set,com-friendster,10,8,4.2e-05,54.219895,2.9e-05,6.695105,3e-05,56.970819,3.3e-05,5.092932
run_std_set,com-friendster,10,9,4.3e-05,53.262969,2.7e-05,6.718541,3.1e-05,56.772852,6.5e-05,5.036721
run_std_set,com-orkut.ungraph,100,0,3.5e-05,2.225786,3.1e-05,0.148615,2.6e-05,3.834411,2.6e-05,0.020601
run_std_set,com-orkut.ungraph,100,1,7.4e-05,2.201205,4.2e-05,0.147242,4.5e-05,3.831025,2.9e-05,0.013297
run_std_set,com-orkut.ungraph,100,2,7.8e-05,2.235222,5.1e-05,0.145801,3.4e-05,3.831298,2.9e-05,0.013516
run_std_set,com-orkut.ungraph,100,3,0.000183,2.200219,4.2e-05,0.14748,3.6e-05,3.846652,3.1e-05,0.013041
run_std_set,com-orkut.ungraph,100,4,0.000139,1.985006,5e-05,0.145193,3.4e-05,3.862153,3.2e-05,0.013251
run_std_set,com-orkut.ungraph,100,5,0.000117,1.938277,4.7e-05,0.148227,6.3e-05,3.847289,2.9e-05,0.01373
run_std_set,com-orkut.ungraph,100,6,5.6e-05,1.905954,4.7e-05,0.148839,0.000103,3.873598,2.9e-05,0.013363
run_std_set,com-orkut.ungraph,100,7,8.4e-05,1.749783,4.8e-05,0.147359,3.8e-05,3.885715,3.5e-05,0.013232
run_std_set,com-orkut.ungraph,100,8,6e-05,1.591183,4.8e-05,0.143548,4.5e-05,3.891413,3.3e-05,0.013204
run_std_set,com-orkut.ungraph,100,9,8e-05,1.553881,4.3e-05,0.144192,4.8e-05,3.843936,3.4e-05,0.013405
run_std_set,cit-Patents,100,0,3e-05,0.488305,2.4e-05,0.056978,2.4e-05,4.599913,2.5e-05,0.042886
run_std_set,cit-Patents,100,1,4.2e-05,0.478006,3.7e-05,0.038685,3.5e-05,4.61722,3.1e-05,0.039236
run_std_set,cit-Patents,100,2,6e-05,0.4715,3e-05,0.038561,3.6e-05,4.58927,3e-05,0.041265
run_std_set,cit-Patents,100,3,4.8e-05,0.473691,3.7e-05,0.03778,3.3e-05,4.662209,3.3e-05,0.038926
run_std_set,cit-Patents,100,4,4.6e-05,0.471533,3.3e-05,0.038077,3.8e-05,4.596284,3.2e-05,0.037631
run_std_set,cit-Patents,100,5,4.3e-05,0.471622,3.8e-05,0.039017,3.7e-05,4.609815,3.4e-05,0.037579
run_std_set,cit-Patents,100,6,4.2e-05,0.486069,2.9e-05,0.03815,3e-05,4.673229,2.9e-05,0.039172
run_std_set,cit-Patents,100,7,7.5e-05,0.488454,3.4e-05,0.038876,3.7e-05,4.650851,3.2e-05,0.037685
run_std_set,cit-Patents,100,8,0.000131,0.470085,3.2e-05,0.038519,3.5e-05,4.628718,3.1e-05,0.041306
run_std_set,cit-Patents,100,9,4.4e-05,0.438771,3e-05,0.040948,3.8e-05,4.645017,3.4e-05,0.037671
run_std_set,soc-LiveJournal1,100,0,2.4e-05,0.800018,2.8e-05,0.091802,2.3e-05,5.065243,3e-05,0.034484
run_std_set,soc-LiveJournal1,100,1,4.8e-05,0.777715,4.1e-05,0.088444,4.4e-05,5.082321,3.4e-05,0.030185
run_std_set,soc-LiveJournal1,100,2,6.9e-05,0.783569,3.9e-05,0.087748,4.1e-05,5.045337,3.4e-05,0.030482
run_std_set,soc-LiveJournal1,100,3,5.8e-05,0.783355,4.2e-05,0.089011,4.2e-05,5.015203,3e-05,0.029959
run_std_set,soc-LiveJournal1,100,4,0.000122,0.788861,3.3e-05,0.088784,3.8e-05,5.043548,3.1e-05,0.03013
run_std_set,soc-LiveJournal1,100,5,5.5e-05,0.743067,3.2e-05,0.088365,6e-05,5.095665,3.1e-05,0.029849
run_std_set,soc-LiveJournal1,100,6,5.9e-05,0.665597,3.1e-05,0.089798,4.1e-05,4.998585,3.6e-05,0.030043
run_std_set,soc-LiveJournal1,100,7,5.6e-05,0.638791,3.5e-05,0.088714,3.9e-05,4.994923,2.9e-05,0.030235
run_std_set,soc-LiveJournal1,100,8,6.6e-05,0.636001,3.2e-05,0.086864,3.7e-05,5.020093,3e-05,0.030258
run_std_set,soc-LiveJournal1,100,9,5.5e-05,0.638099,3.2e-05,0.087211,3.5e-05,5.001863,3.1e-05,0.030072
run_std_set,twitter-unique-undir,100,0,3.4e-05,23.579288,2.7e-05,2.45975,3.2e-05,47.246016,5.2e-05,0.706214
run_std_set,twitter-unique-undir,100,1,5e-05,20.765063,4e-05,2.46404,4.2e-05,47.149838,5.4e-05,0.210513
run_std_set,twitter-unique-undir,100,2,5.3e-05,19.073332,3.9e-05,2.408053,3.9e-05,47.195531,0.000232,0.213197
run_std_set,twitter-unique-undir,100,3,5.3e-05,19.058141,3.6e-05,2.415581,4.1e-05,47.3567,0.000147,0.213004
run_std_set,twitter-unique-undir,100,4,5.5e-05,19.115979,3.9e-05,2.439014,4.8e-05,47.164315,0.000129,0.209353
run_std_set,twitter-unique-undir,100,5,6e-05,19.19223,4.1e-05,2.398129,4.4e-05,47.190799,7e-05,0.211273
run_std_set,twitter-unique-undir,100,6,5e-05,19.221025,4e-05,2.394019,4e-05,47.115429,0.000103,0.209712
run_std_set,twitter-unique-undir,100,7,5.4e-05,20.770847,3.7e-05,2.474337,4e-05,50.251312,0.000125,0.211511
run_std_set,twitter-unique-undir,100,8,5.6e-05,19.371258,4.6e-05,2.423327,4.1e-05,47.094383,0.000111,0.21162
run_std_set,twitter-unique-undir,100,9,8.5e-05,19.458577,4e-05,2.428408,4.3e-05,47.262828,8.1e-05,0.206287
run_std_set,com-friendster,100,0,2.6e-05,84.8987,3.2e-05,6.680082,2.6e-05,63.17248,3.4e-05,4.614565
run_std_set,com-friendster,100,1,5.6e-05,150.834083,3.9e-05,6.698165,3.6e-05,63.099569,3.8e-05,3.951218
run_std_set,com-friendster,100,2,5.9e-05,148.155822,4.1e-05,6.643807,3.9e-05,63.2394,0.000104,3.972223
run_std_set,com-friendster,100,3,0.000106,150.865403,3.7e-05,6.616761,4.1e-05,70.449464,5.5e-05,3.950379
run_std_set,com-friendster,100,4,0.000114,164.164614,3.8e-05,6.681798,3.6e-05,71.274614,4.1e-05,3.919631
run_std_set,com-friendster,100,5,5.9e-05,156.316512,3.9e-05,6.671537,3.7e-05,69.928538,4.4e-05,3.981272
run_std_set,com-friendster,100,6,0.00017,172.511124,3.8e-05,6.700456,3.6e-05,76.084503,4.6e-05,3.94244
run_std_set,com-friendster,100,7,8.6e-05,153.236334,3.8e-05,6.772958,3.7e-05,74.891379,4.2e-05,3.952615
run_std_set,com-friendster,100,8,0.000127,166.142655,3.7e-05,6.69628,3.9e-05,80.610202,4.8e-05,3.96497
run_std_set,com-friendster,100,9,5.8e-05,93.760006,3.8e-05,6.64671,4.2e-05,70.391701,5.1e-05,3.940957
run_std_set,com-orkut.ungraph,1000,0,0.000106,2.162974,7e-05,0.15761,7e-05,3.848813,7.7e-05,0.019384
run_std_set,com-orkut.ungraph,1000,1,9.1e-05,2.086547,8.7e-05,0.152924,8.9e-05,3.845958,8.5e-05,0.012552
run_std_set,com-orkut.ungraph,1000,2,0.000101,1.979957,8.1e-05,0.154659,8.3e-05,3.891035,7.7e-05,0.013332
run_std_set,com-orkut.ungraph,1000,3,0.0001,1.811457,7.9e-05,0.15235,0.000102,3.873895,8.1e-05,0.012765
run_std_set,com-orkut.ungraph,1000,4,0.000114,1.559306,0.000104,0.152584,9.3e-05,3.859182,8.1e-05,0.012335
run_std_set,com-orkut.ungraph,1000,5,0.000129,1.420413,9.1e-05,0.150215,0.000181,3.84769,8.2e-05,0.012428
run_std_set,com-orkut.ungraph,1000,6,0.000132,1.368729,8.6e-05,0.150204,0.000102,3.872955,8.2e-05,0.012376
run_std_set,com-orkut.ungraph,1000,7,0.000138,1.355122,8.6e-05,0.152631,9.9e-05,3.860295,8.4e-05,0.012326
run_std_set,com-orkut.ungraph,1000,8,0.00014,1.356526,8.2e-05,0.151701,9.5e-05,3.857377,8.1e-05,0.014416
run_std_set,com-orkut.ungraph,1000,9,0.000138,1.312601,8.4e-05,0.152868,9.5e-05,3.843382,8.2e-05,0.01215
run_std_set,cit-Patents,1000,0,6.8e-05,0.576812,6.6e-05,0.073131,6.6e-05,4.763746,7.2e-05,0.045255
run_std_set,cit-Patents,1000,1,9e-05,0.570551,7.9e-05,0.071884,0.00018,4.626008,7.9e-05,0.040047
run_std_set,cit-Patents,1000,2,8.2e-05,0.574484,7.9e-05,0.074576,0.000161,4.654004,8.3e-05,0.040164
run_std_set,cit-Patents,1000,3,8.6e-05,0.578947,8e-05,0.073431,0.000163,4.619161,8.1e-05,0.040031
run_std_set,cit-Patents,1000,4,8.4e-05,0.580904,8.2e-05,0.072043,9.9e-05,4.608064,7.5e-05,0.041908
run_std_set,cit-Patents,1000,5,0.000142,0.584508,7.6e-05,0.072873,0.000107,4.62143,7.8e-05,0.042858
run_std_set,cit-Patents,1000,6,0.000161,0.579746,7.9e-05,0.072494,0.000193,4.613777,7.7e-05,0.040523
run_std_set,cit-Patents,1000,7,8.2e-05,0.573986,7.8e-05,0.071949,0.000101,4.657679,7.5e-05,0.040122
run_std_set,cit-Patents,1000,8,8.7e-05,0.57603,7.8e-05,0.072643,0.000247,4.610413,7.5e-05,0.041758
run_std_set,cit-Patents,1000,9,0.000152,0.55551,7.6e-05,0.072265,9.9e-05,4.615443,7.8e-05,0.040297
run_std_set,soc-LiveJournal1,1000,0,7.8e-05,0.750338,6.9e-05,0.104287,7.1e-05,5.025353,7.4e-05,0.033473
run_std_set,soc-LiveJournal1,1000,1,9.3e-05,0.743151,9e-05,0.091349,9e-05,5.136436,8.1e-05,0.031301
run_std_set,soc-LiveJournal1,1000,2,0.000102,0.748892,8.7e-05,0.087998,0.000167,5.073139,8.4e-05,0.030703
run_std_set,soc-LiveJournal1,1000,3,0.000105,0.748477,8.7e-05,0.089533,0.000101,4.992837,8.3e-05,0.031164
run_std_set,soc-LiveJournal1,1000,4,0.000117,0.736105,8.8e-05,0.088122,0.000107,5.010855,7.8e-05,0.032394
run_std_set,soc-LiveJournal1,1000,5,0.000124,0.664464,8.9e-05,0.087853,0.000124,5.065465,7.9e-05,0.031156
run_std_set,soc-LiveJournal1,1000,6,0.000149,0.629896,9.3e-05,0.08754,0.000131,4.999555,7.9e-05,0.031091
run_std_set,soc-LiveJournal1,1000,7,0.000137,0.600886,8.7e-05,0.087664,0.000119,5.007641,7.8e-05,0.030979
run_std_set,soc-LiveJournal1,1000,8,0.00014,0.564096,8.7e-05,0.085994,0.000118,5.047531,0.00013,0.032312
run_std_set,soc-LiveJournal1,1000,9,0.000175,0.563918,8.8e-05,0.086737,0.000189,5.148415,8.3e-05,0.031189
run_std_set,twitter-unique-undir,1000,0,0.000137,22.375533,8.3e-05,2.496343,7.9e-05,48.996697,0.00011,0.565816
run_std_set,twitter-unique-undir,1000,1,0.000119,21.369764,0.000101,2.464665,9.4e-05,49.110641,0.000114,0.212383
run_std_set,twitter-unique-undir,1000,2,0.000117,21.353739,9.9e-05,2.491613,0.000117,49.096708,0.000121,0.212697
run_std_set,twitter-unique-undir,1000,3,0.000132,21.372221,0.000107,2.457849,0.000125,49.030048,0.000124,0.213076
run_std_set,twitter-unique-undir,1000,4,0.000133,21.381795,0.000109,2.474166,0.00011,48.927205,0.000119,0.215052
run_std_set,twitter-unique-undir,1000,5,0.000128,21.476194,0.000104,2.463131,0.000114,48.925328,0.000124,0.213912
run_std_set,twitter-unique-undir,1000,6,0.00013,21.448364,0.000113,2.462092,0.000173,48.970993,0.000144,0.210727
run_std_set,twitter-unique-undir,1000,7,0.000134,21.448201,9.7e-05,2.457676,0.00016,48.881463,0.000122,0.213706
run_std_set,twitter-unique-undir,1000,8,0.000231,21.425259,0.000107,2.418854,0.000128,48.94363,0.000133,0.214937
run_std_set,twitter-unique-undir,1000,9,0.000139,21.466484,0.000113,2.53006,0.000126,48.844957,0.000144,0.210404
run_std_set,com-friendster,1000,0,7.2e-05,80.122186,7.3e-05,6.206883,6.9e-05,59.854577,8.1e-05,5.153495
run_std_set,com-friendster,1000,1,0.000106,105.004867,9.9e-05,6.033092,9.6e-05,78.304194,0.000107,3.457399
run_std_set,com-friendster,1000,2,0.000164,120.915602,0.000107,6.104999,9.6e-05,79.672678,0.000146,3.232106
run_std_set,com-friendster,1000,3,0.000109,122.157026,9.2e-05,6.189225,9.1e-05,91.674989,0.00013,3.255293
run_std_set,com-friendster,1000,4,0.000187,121.625279,9e-05,6.20472,9.2e-05,99.935169,0.000136,3.39909
run_std_set,com-friendster,1000,5,0.000147,121.950505,9.9e-05,6.282408,9.1e-05,100.902479,0.00012,3.372757
run_std_set,com-friendster,1000,6,0.000117,119.976551,9.4e-05,6.143179,0.000113,100.320843,0.000129,3.383952
run_std_set,com-friendster,1000,7,0.000118,119.1455,9.6e-05,6.141867,9.2e-05,101.080518,0.000106,3.289016
run_std_set,com-friendster,1000,8,0.000117,58.475641,9.2e-05,6.016274,0.000104,104.92362,0.000196,3.482938
run_std_set,com-friendster,1000,9,0.000119,69.72367,9.5e-05,6.090056,9.7e-05,103.063286,0.000131,3.292406
run_std_set,com-orkut.ungraph,10000,0,0.00219,1.774895,0.002197,0.159182,0.002243,3.780691,0.002402,0.041924
run_std_set,com-orkut.ungraph,10000,1,0.002115,1.774579,0.002198,0.156383,0.002133,3.783199,0.002382,0.012697
run_std_set,com-orkut.ungraph,10000,2,0.002141,1.729037,0.002156,0.157277,0.00218,3.806244,0.002357,0.012356
run_std_set,com-orkut.ungraph,10000,3,0.002261,1.56611,0.002135,0.1572,0.002145,3.809431,0.002484,0.012448
run_std_set,com-orkut.ungraph,10000,4,0.002495,1.443232,0.00213,0.154254,0.002142,3.795315,0.002428,0.012269
run_std_set,com-orkut.ungraph,10000,5,0.002655,1.404362,0.002114,0.155137,0.002141,3.797775,0.002387,0.012283
run_std_set,com-orkut.ungraph,10000,6,0.002782,1.397671,0.002167,0.157506,0.002127,3.779012,0.00235,0.012741
run_std_set,com-orkut.ungraph,10000,7,0.002748,1.404556,0.002136,0.154375,0.002152,3.785063,0.002467,0.01366
run_std_set,com-orkut.ungraph,10000,8,0.00271,1.405577,0.002138,0.155435,0.002154,3.799316,0.002594,0.012233
run_std_set,com-orkut.ungraph,10000,9,0.002799,1.398228,0.002129,0.155818,0.002136,3.786453,0.002368,0.011903
run_std_set,cit-Patents,10000,0,0.002315,0.423555,0.002306,0.032858,0.002321,4.682101,0.002405,0.044095
run_std_set,cit-Patents,10000,1,0.002179,0.391202,0.002307,0.032815,0.002346,4.652122,0.002235,0.040963
run_std_set,cit-Patents,10000,2,0.002534,0.382865,0.002289,0.033243,0.002301,4.619943,0.002217,0.041064
run_std_set,cit-Patents,10000,3,0.002438,0.389207,0.002238,0.03283,0.002307,4.626665,0.002211,0.04094
run_std_set,cit-Patents,10000,4,0.002535,0.383589,0.002253,0.033077,0.002241,4.60573,0.002228,0.040715
run_std_set,cit-Patents,10000,5,0.002329,0.382662,0.002242,0.032928,0.002275,4.639701,0.002218,0.042586
run_std_set,cit-Patents,10000,6,0.002342,0.370507,0.002223,0.032902,0.00229,4.633513,0.002216,0.040926
run_std_set,cit-Patents,10000,7,0.002496,0.349396,0.002357,0.033798,0.00222,4.641962,0.002218,0.043272
run_std_set,cit-Patents,10000,8,0.002479,0.342635,0.002342,0.033056,0.002156,4.605663,0.002216,0.041044
run_std_set,cit-Patents,10000,9,0.002654,0.337106,0.002419,0.033226,0.002132,4.624794,0.00223,0.04118
run_std_set,soc-LiveJournal1,10000,0,0.00228,1.090933,0.002223,0.064971,0.00224,4.952657,0.002237,0.034321
run_std_set,soc-LiveJournal1,10000,1,0.002078,1.078587,0.002172,0.062374,0.002132,4.948469,0.002119,0.030399
run_std_set,soc-LiveJournal1,10000,2,0.002173,1.013998,0.002177,0.06138,0.002129,4.939743,0.002146,0.030635
run_std_set,soc-LiveJournal1,10000,3,0.002171,0.922038,0.003036,0.061743,0.00211,4.92196,0.002124,0.030475
run_std_set,soc-LiveJournal1,10000,4,0.002294,0.876991,0.002174,0.062024,0.002139,4.926416,0.002136,0.030686
run_std_set,soc-LiveJournal1,10000,5,0.002314,0.806861,0.002123,0.061566,0.002088,4.978952,0.002113,0.031044
run_std_set,soc-LiveJournal1,10000,6,0.002634,0.714014,0.002173,0.061039,0.002133,4.923663,0.002154,0.030759
run_std_set,soc-LiveJournal1,10000,7,0.002534,0.685817,0.002208,0.0619,0.002113,4.94194,0.002258,0.030806
run_std_set,soc-LiveJournal1,10000,8,0.002548,0.675905,0.002146,0.06126,0.002257,4.963655,0.00215,0.030854
run_std_set,soc-LiveJournal1,10000,9,0.002593,0.666827,0.002187,0.061084,0.002217,4.976808,0.002156,0.030543
run_std_set,twitter-unique-undir,10000,0,0.002064,22.556621,0.002099,2.301732,0.00209,42.485281,0.002169,0.357917
run_std_set,twitter-unique-undir,10000,1,0.002093,22.106705,0.002227,2.297897,0.002103,42.255204,0.00237,0.200559
run_std_set,twitter-unique-undir,10000,2,0.002057,31.736931,0.002227,2.312634,0.002291,42.355025,0.002356,0.198108
run_std_set,twitter-unique-undir,10000,3,0.002053,41.668793,0.002188,2.277171,0.002103,42.235022,0.002338,0.19747
run_std_set,twitter-unique-undir,10000,4,0.002096,40.072356,0.002187,2.294909,0.002067,42.106834,0.002316,0.195468
run_std_set,twitter-unique-undir,10000,5,0.002033,39.25159,0.002155,2.32507,0.001988,42.166045,0.00228,0.195586
run_std_set,twitter-unique-undir,10000,6,0.002063,38.972689,0.002249,2.326527,0.002065,42.128931,0.002547,0.196007
run_std_set,twitter-unique-undir,10000,7,0.002158,38.315209,0.002239,2.290109,0.002116,42.204744,0.002493,0.195567
run_std_set,twitter-unique-undir,10000,8,0.002141,37.586047,0.00218,2.285878,0.002121,42.287922,0.002592,0.197075
run_std_set,twitter-unique-undir,10000,9,0.002213,36.208147,0.002238,2.336702,0.002066,42.199776,0.002511,0.194772
run_std_set,com-friendster,10000,0,0.002395,74.926016,0.002378,6.751186,0.002441,47.019483,0.002485,4.434611
run_std_set,com-friendster,10000,1,0.00227,118.388576,0.002434,6.690986,0.002389,46.932247,0.002391,3.981097
run_std_set,com-friendster,10000,2,0.002292,107.093695,0.00244,6.754007,0.002248,47.494226,0.002338,3.974109
run_std_set,com-friendster,10000,3,0.002316,133.225812,0.002417,6.701486,0.002278,53.10531,0.002424,3.992548
run_std_set,com-friendster,10000,4,0.002322,132.9681,0.002444,6.628532,0.002264,57.762569,0.00251,4.010964
run_std_set,com-friendster,10000,5,0.002301,123.560384,0.002433,6.640083,0.002273,54.302799,0.002502,4.013674
run_std_set,com-friendster,10000,6,0.002341,127.573606,0.002444,6.540849,0.002259,56.54363,0.002525,4.01617
run_std_set,com-friendster,10000,7,0.002326,127.909528,0.002425,6.603591,0.002271,59.45727,0.002447,3.995538
run_std_set,com-friendster,10000,8,0.002254,123.063849,0.002439,6.628942,0.002274,58.467414,0.00242,4.010618
run_std_set,com-friendster,10000,9,0.002337,76.932893,0.002437,6.753221,0.002292,58.271513,0.002425,4.010245
run_std_set,com-orkut.ungraph,100000,0,0.003419,2.048761,0.003309,0.172675,0.003257,3.780873,0.003517,0.018698
run_std_set,com-orkut.ungraph,100000,1,0.003592,1.986468,0.003462,0.168586,0.003217,3.801419,0.003556,0.014096
run_std_set,com-orkut.ungraph,100000,2,0.004015,1.882547,0.003519,0.171207,0.003325,3.826357,0.003598,0.013741
run_std_set,com-orkut.ungraph,100000,3,0.004314,1.829446,0.003538,0.171663,0.003346,3.832027,0.003528,0.013747
run_std_set,com-orkut.ungraph,100000,4,0.004863,1.634551,0.003586,0.172909,0.003488,3.859037,0.003596,0.014228
run_std_set,com-orkut.ungraph,100000,5,0.005603,1.446866,0.003519,0.167988,0.003248,3.825266,0.003533,0.013943
run_std_set,com-orkut.ungraph,100000,6,0.006173,1.368005,0.003445,0.167974,0.003452,3.828851,0.003531,0.013777
run_std_set,com-orkut.ungraph,100000,7,0.006707,1.325209,0.003468,0.170056,0.003517,3.86868,0.003524,0.013936
run_std_set,com-orkut.ungraph,100000,8,0.00671,1.31321,0.00356,0.172592,0.003524,3.867484,0.00351,0.014477
run_std_set,com-orkut.ungraph,100000,9,0.006624,1.323784,0.00342,0.175362,0.003605,3.860524,0.003522,0.013975
run_std_set,cit-Patents,100000,0,0.003272,0.479111,0.00334,0.063315,0.003144,4.686493,0.003164,0.03853
run_std_set,cit-Patents,100000,1,0.003323,0.440585,0.003229,0.061642,0.003373,4.694936,0.003525,0.037826
run_std_set,cit-Patents,100000,2,0.003616,0.420422,0.003192,0.062878,0.003404,4.61242,0.003566,0.037402
run_std_set,cit-Patents,100000,3,0.003534,0.42201,0.003335,0.062044,0.003431,4.626854,0.003471,0.037303
run_std_set,cit-Patents,100000,4,0.003555,0.422354,0.003372,0.061257,0.003385,4.630585,0.003549,0.037412
run_std_set,cit-Patents,100000,5,0.003806,0.434022,0.003289,0.06078,0.003472,4.636364,0.003539,0.037155
run_std_set,cit-Patents,100000,6,0.003752,0.429582,0.003246,0.061968,0.003154,4.633026,0.003452,0.037854
run_std_set,cit-Patents,100000,7,0.003604,0.426981,0.003232,0.061238,0.003269,4.653744,0.003387,0.03776
run_std_set,cit-Patents,100000,8,0.003667,0.431489,0.003396,0.06509,0.003388,4.626461,0.003468,0.038062
run_std_set,cit-Patents,100000,9,0.003893,0.425871,0.003564,0.060405,0.003241,4.620256,0.004234,0.037692
run_std_set,soc-LiveJournal1,100000,0,0.003051,0.709061,0.003075,0.069872,0.003071,4.968364,0.005558,0.035868
run_std_set,soc-LiveJournal1,100000,1,0.003107,0.709393,0.003207,0.065273,0.003186,4.989476,0.003342,0.032764
run_std_set,soc-LiveJournal1,100000,2,0.00308,0.725485,0.003331,0.065387,0.003211,4.977355,0.003742,0.03249
run_std_set,soc-LiveJournal1,100000,3,0.003142,0.694731,0.003184,0.065649,0.003265,4.986401,0.003546,0.032079
run_std_set,soc-LiveJournal1,100000,4,0.003196,0.670738,0.003215,0.065252,0.003403,5.000522,0.003628,0.032183
run_std_set,soc-LiveJournal1,100000,5,0.003458,0.62927,0.003175,0.067823,0.003386,5.040513,0.003967,0.033735
run_std_set,soc-LiveJournal1,100000,6,0.003729,0.610167,0.003436,0.06812,0.003538,5.008896,0.004003,0.033255
run_std_set,soc-LiveJournal1,100000,7,0.003788,0.606268,0.003413,0.068683,0.003334,4.978272,0.004407,0.034739
run_std_set,soc-LiveJournal1,100000,8,0.003772,0.618672,0.004743,0.068136,0.003454,4.993064,0.004704,0.037805
run_std_set,soc-LiveJournal1,100000,9,0.003825,0.626753,0.003495,0.069939,0.003444,4.985688,0.00735,0.036296
run_std_set,twitter-unique-undir,100000,0,0.005714,31.861258,0.005779,2.973871,0.005667,47.425495,0.006338,0.400775
run_std_set,twitter-unique-undir,100000,1,0.006112,31.539343,0.006046,2.914259,0.005934,47.249545,0.006502,0.224203
run_std_set,twitter-unique-undir,100000,2,0.005514,58.158347,0.005698,2.935086,0.005601,46.997855,0.006396,0.222207
run_std_set,twitter-unique-undir,100000,3,0.007087,68.382784,0.005602,2.912617,0.005296,46.482877,0.006062,0.221526
run_std_set,twitter-unique-undir,100000,4,0.007101,68.01329,0.005084,2.901343,0.005929,46.618521,0.006081,0.223975
run_std_set,twitter-unique-undir,100000,5,0.007028,67.847859,0.005586,2.933008,0.005456,46.495938,0.006356,0.221816
run_std_set,twitter-unique-undir,100000,6,0.008225,66.80016,0.006778,2.933054,0.007317,46.47204,0.007601,0.221769
run_std_set,twitter-unique-undir,100000,7,0.006707,65.061805,0.005308,2.908234,0.004901,46.466074,0.005784,0.222619
run_std_set,twitter-unique-undir,100000,8,0.007001,64.790204,0.005496,2.928987,0.005254,46.416267,0.006137,0.220649
run_std_set,twitter-unique-undir,100000,9,0.00698,64.609437,0.005244,2.914511,0.005286,46.531071,0.006052,0.221424
run_std_set,com-friendster,100000,0,0.003835,72.636546,0.003828,5.787201,0.003872,49.358722,0.004702,4.560702
run_std_set,com-friendster,100000,1,0.004047,108.756524,0.004108,5.909935,0.003955,50.91081,0.004599,3.279362
run_std_set,com-friendster,100000,2,0.003992,124.143855,0.004105,5.871327,0.004005,51.793438,0.005155,3.197888
run_std_set,com-friendster,100000,3,0.004187,139.382604,0.004138,5.810102,0.003966,60.283155,0.004934,3.277299
run_std_set,com-friendster,100000,4,0.004079,138.33772,0.005103,5.935469,0.003999,73.821141,0.004593,3.318004
run_std_set,com-friendster,100000,5,0.004075,137.636796,0.004099,5.815629,0.003983,61.807545,0.00462,3.268392
run_std_set,com-friendster,100000,6,0.004048,140.534741,0.004103,5.743092,0.003954,73.704686,0.005066,3.332708
run_std_set,com-friendster,100000,7,0.004144,135.877373,0.004108,5.861626,0.003953,73.51186,0.004868,3.21129
run_std_set,com-friendster,100000,8,0.004348,132.81476,0.00409,5.944214,0.003965,75.100583,0.004851,3.307765
run_std_set,com-friendster,100000,9,0.004138,71.407781,0.004096,5.88692,0.003927,79.870559,0.007085,3.336604
run_std_set,com-orkut.ungraph,1000000,0,0.010344,1.861877,0.009529,0.153025,0.009151,3.905518,0.013024,0.01811
run_std_set,com-orkut.ungraph,1000000,1,0.010906,1.796186,0.009998,0.153338,0.009778,3.917353,0.019441,0.016549
run_std_set,com-orkut.ungraph,1000000,2,0.011425,1.737908,0.009777,0.153898,0.009612,3.919662,0.018168,0.015246
run_std_set,com-orkut.ungraph,1000000,3,0.011564,1.644432,0.009775,0.154523,0.009536,3.924178,0.022723,0.016969
run_std_set,com-orkut.ungraph,1000000,4,0.012037,1.64818,0.009907,0.158118,0.009485,3.935053,0.020422,0.015257
run_std_set,com-orkut.ungraph,1000000,5,0.012675,1.641542,0.009809,0.158323,0.009613,3.937759,0.019564,0.015473
run_std_set,com-orkut.ungraph,1000000,6,0.013157,1.642282,0.00988,0.159386,0.0094,3.943402,0.01847,0.016771
run_std_set,com-orkut.ungraph,1000000,7,0.012645,1.659073,0.010024,0.160389,0.009397,3.959625,0.020727,0.015389
run_std_set,com-orkut.ungraph,1000000,8,0.012564,1.660637,0.009848,0.161596,0.009396,3.956806,0.020802,0.01556
run_std_set,com-orkut.ungraph,1000000,9,0.012976,1.666134,0.010147,0.16283,0.009422,3.967005,0.021802,0.015026
run_std_set,cit-Patents,1000000,0,0.008411,0.303276,0.007883,0.029716,0.008329,5.01679,0.008566,0.046767
run_std_set,cit-Patents,1000000,1,0.008499,0.312442,0.008373,0.030426,0.008365,4.948694,0.010758,0.045263
run_std_set,cit-Patents,1000000,2,0.008654,0.330922,0.008554,0.031905,0.008626,4.898179,0.010584,0.044739
run_std_set,cit-Patents,1000000,3,0.011152,0.352877,0.008415,0.033238,0.008286,4.83223,0.011392,0.038896
run_std_set,cit-Patents,1000000,4,0.011256,0.346958,0.008618,0.034575,0.00837,4.786349,0.010669,0.038264
run_std_set,cit-Patents,1000000,5,0.011073,0.350193,0.008498,0.035758,0.008594,4.740749,0.010881,0.036961
run_std_set,cit-Patents,1000000,6,0.012507,0.345484,0.008404,0.037292,0.008592,4.707374,0.010648,0.035284
run_std_set,cit-Patents,1000000,7,0.011844,0.352546,0.008371,0.038347,0.008685,4.671615,0.01067,0.036307
run_std_set,cit-Patents,1000000,8,0.012645,0.369056,0.008559,0.04029,0.009,4.679614,0.011026,0.032395
run_std_set,cit-Patents,1000000,9,0.012048,0.355533,0.008485,0.041006,0.009094,4.640893,0.011396,0.031222
run_std_set,soc-LiveJournal1,1000000,0,0.009006,0.788397,0.009102,0.09922,0.008476,5.010565,0.009507,0.030066
run_std_set,soc-LiveJournal1,1000000,1,0.009348,0.744892,0.009737,0.100458,0.01038,5.119735,0.011829,0.029867
run_std_set,soc-LiveJournal1,1000000,2,0.00934,0.711654,0.00971,0.099764,0.0097,4.997635,0.011768,0.029672
run_std_set,soc-LiveJournal1,1000000,3,0.009406,0.717045,0.009847,0.099596,0.009728,5.028478,0.011828,0.028892
run_std_set,soc-LiveJournal1,1000000,4,0.009208,0.725828,0.009693,0.098397,0.010259,5.057362,0.011881,0.029449
run_std_set,soc-LiveJournal1,1000000,5,0.009394,0.737273,0.009767,0.095857,0.009908,5.030208,0.011852,0.029725
run_std_set,soc-LiveJournal1,1000000,6,0.009285,0.741021,0.0097,0.095574,0.009444,5.012161,0.013499,0.029978
run_std_set,soc-LiveJournal1,1000000,7,0.009306,0.734472,0.010795,0.095791,0.009461,5.052004,0.011845,0.029229
run_std_set,soc-LiveJournal1,1000000,8,0.010602,0.727871,0.009936,0.096696,0.010872,5.080012,0.011614,0.032038
run_std_set,soc-LiveJournal1,1000000,9,0.010736,0.743563,0.010675,0.098627,0.009496,5.025276,0.013087,0.032809
run_std_set,twitter-unique-undir,1000000,0,0.067473,22.693264,0.067324,2.315815,0.065814,42.434706,0.078768,0.417804
run_std_set,twitter-unique-undir,1000000,1,0.070402,24.844313,0.069853,2.311171,0.069808,42.564622,0.086343,0.233199
run_std_set,twitter-unique-undir,1000000,2,0.068624,35.452151,0.065796,2.333349,0.064002,42.546602,0.083665,0.23028
run_std_set,twitter-unique-undir,1000000,3,0.066893,42.086417,0.061828,2.314403,0.062167,42.634193,0.076407,0.23068
run_std_set,twitter-unique-undir,1000000,4,0.078961,43.975599,0.069831,2.284392,0.068939,42.574658,0.099789,0.235434
run_std_set,twitter-unique-undir,1000000,5,0.081121,43.523825,0.070621,2.352458,0.068335,42.615282,0.095196,0.233673
run_std_set,twitter-unique-undir,1000000,6,0.09474,43.142407,0.084964,2.308742,0.085018,42.732058,0.117742,0.232044
run_std_set,twitter-unique-undir,1000000,7,0.053459,41.946379,0.048923,2.355539,0.047653,42.793514,0.06529,0.22935
run_std_set,twitter-unique-undir,1000000,8,0.073629,41.312335,0.066413,2.301715,0.064213,42.8735,0.09258,0.228914
run_std_set,twitter-unique-undir,1000000,9,0.074842,41.231971,0.066614,2.312213,0.063571,43.173742,0.093221,0.232451
run_std_set,com-friendster,1000000,0,0.018686,82.271826,0.018499,7.540872,0.018203,75.59358,0.021676,5.013819
run_std_set,com-friendster,1000000,1,0.019126,103.452254,0.019013,7.591001,0.01882,75.435024,0.034006,4.714034
run_std_set,com-friendster,1000000,2,0.019552,122.155804,0.019026,7.552682,0.018895,75.508123,0.037632,4.695882
run_std_set,com-friendster,1000000,3,0.019813,122.045721,0.01888,7.532324,0.019329,75.456698,0.040989,4.674099
run_std_set,com-friendster,1000000,4,0.020142,123.668492,0.018899,7.710529,0.018738,75.340352,0.027681,4.662527
run_std_set,com-friendster,1000000,5,0.020197,124.49016,0.01887,7.686366,0.01887,75.540001,0.031961,4.653098
run_std_set,com-friendster,1000000,6,0.020787,116.92233,0.019026,7.437098,0.018559,75.687315,0.028011,4.665354
run_std_set,com-friendster,1000000,7,0.020413,109.527344,0.018941,7.576572,0.018732,75.381427,0.027787,4.659007
run_std_set,com-friendster,1000000,8,0.020203,109.737279,0.018942,7.597561,0.018626,75.278603,0.039396,4.650562
run_std_set,com-friendster,1000000,9,0.020084,60.225689,0.018843,7.526779,0.01874,75.011637,0.038317,4.622294
run_vector_cpam,com-orkut.ungraph,1,0,5e-06,0.22476,5e-06,0.037829,6e-06,3.131007,6e-06,0.005101
run_vector_cpam,com-orkut.ungraph,1,1,1.1e-05,0.224651,1e-05,0.037418,1e-05,3.11313,7e-06,0.004706
run_vector_cpam,com-orkut.ungraph,1,2,1.3e-05,0.227757,1.2e-05,0.037701,1.3e-05,3.196999,9e-06,0.004629
run_vector_cpam,com-orkut.ungraph,1,3,1.2e-05,0.217441,1.2e-05,0.037517,1.4e-05,3.140842,8e-06,0.004906
run_vector_cpam,com-orkut.ungraph,1,4,1.5e-05,0.222163,1.3e-05,0.037634,1.5e-05,3.161521,1e-05,0.004658
run_vector_cpam,com-orkut.ungraph,1,5,1.3e-05,0.228464,1.3e-05,0.037379,1.2e-05,3.121446,9e-06,0.00466
run_vector_cpam,com-orkut.ungraph,1,6,1e-05,0.221057,1e-05,0.037772,1.4e-05,3.211593,7e-06,0.004665
run_vector_cpam,com-orkut.ungraph,1,7,1.6e-05,0.21943,1.4e-05,0.037998,1.5e-05,3.13577,1e-05,0.004615
run_vector_cpam,com-orkut.ungraph,1,8,1.3e-05,0.22543,1.2e-05,0.038422,1.6e-05,3.121589,9e-06,0.006377
run_vector_cpam,com-orkut.ungraph,1,9,2.2e-05,0.223124,2.4e-05,0.037992,3e-05,3.108956,2.2e-05,0.00611
run_vector_cpam,cit-Patents,1,0,8e-06,0.153941,8e-06,0.0217,8e-06,4.713581,8e-06,0.008268
run_vector_cpam,cit-Patents,1,1,1.5e-05,0.151909,1.2e-05,0.023126,1.4e-05,4.683243,1.1e-05,0.008124
run_vector_cpam,cit-Patents,1,2,1.1e-05,0.131418,1e-05,0.021691,1e-05,4.683779,9e-06,0.008006
run_vector_cpam,cit-Patents,1,3,1.5e-05,0.129681,1.2e-05,0.021915,1.3e-05,4.671899,1.2e-05,0.007825
run_vector_cpam,cit-Patents,1,4,1.1e-05,0.137185,1e-05,0.021307,1e-05,4.668312,8e-06,0.00789
run_vector_cpam,cit-Patents,1,5,1.2e-05,0.149635,1.1e-05,0.021373,1.4e-05,4.670461,1e-05,0.010887
run_vector_cpam,cit-Patents,1,6,2.1e-05,0.137773,1.1e-05,0.021349,1.2e-05,4.675113,1.1e-05,0.007887
run_vector_cpam,cit-Patents,1,7,1.4e-05,0.146511,1.2e-05,0.02139,1.3e-05,4.665147,1.3e-05,0.010545
run_vector_cpam,cit-Patents,1,8,1.2e-05,0.152643,1.1e-05,0.021165,1.4e-05,4.677731,1.2e-05,0.008039
run_vector_cpam,cit-Patents,1,9,1.2e-05,0.139974,1.1e-05,0.021021,1.3e-05,4.691574,1.2e-05,0.008111
run_vector_cpam,soc-LiveJournal1,1,0,5e-06,0.180459,6e-06,0.024515,6e-06,4.868703,6e-06,0.007914
run_vector_cpam,soc-LiveJournal1,1,1,1.3e-05,0.17497,1.2e-05,0.024333,1.2e-05,4.783345,8e-06,0.006429
run_vector_cpam,soc-LiveJournal1,1,2,1.6e-05,0.180231,1.5e-05,0.023345,1.7e-05,4.884658,1.1e-05,0.006446
run_vector_cpam,soc-LiveJournal1,1,3,1.2e-05,0.180841,1e-05,0.023997,1.3e-05,4.814592,9e-06,0.006476
run_vector_cpam,soc-LiveJournal1,1,4,9e-06,0.181473,8e-06,0.024112,9e-06,4.834854,7e-06,0.006436
run_vector_cpam,soc-LiveJournal1,1,5,1.6e-05,0.181576,1.6e-05,0.024213,1.9e-05,4.772082,1.1e-05,0.007535
run_vector_cpam,soc-LiveJournal1,1,6,1.3e-05,0.179665,1e-05,0.024092,1e-05,4.784878,8e-06,0.006229
run_vector_cpam,soc-LiveJournal1,1,7,1.7e-05,0.177145,1.5e-05,0.024735,1.8e-05,4.812059,1.2e-05,0.00638
run_vector_cpam,soc-LiveJournal1,1,8,1.2e-05,0.18647,1.1e-05,0.024508,1.3e-05,4.811576,8e-06,0.006475
run_vector_cpam,soc-LiveJournal1,1,9,1.5e-05,0.180707,1.2e-05,0.024977,1.1e-05,4.792457,9e-06,0.006429
run_vector_cpam,twitter-unique-undir,1,0,3.7e-05,9.071381,4.3e-05,1.629794,3.9e-05,31.073393,5.5e-05,0.036026
run_vector_cpam,twitter-unique-undir,1,1,2.7e-05,9.49454,2.5e-05,1.638922,2.9e-05,30.297187,2.4e-05,0.035215
run_vector_cpam,twitter-unique-undir,1,2,1.4e-05,9.65261,1.2e-05,1.616985,1.2e-05,28.701527,1e-05,0.03598
run_vector_cpam,twitter-unique-undir,1,3,2.7e-05,9.461365,2.1e-05,1.629032,2.1e-05,28.828416,1.9e-05,0.03561
run_vector_cpam,twitter-unique-undir,1,4,3.3e-05,10.22737,2e-05,1.617409,1.9e-05,34.684332,1.7e-05,0.035896
run_vector_cpam,twitter-unique-undir,1,5,2.9e-05,11.209578,1.8e-05,1.610423,1.6e-05,36.694846,1.4e-05,0.035626
run_vector_cpam,twitter-unique-undir,1,6,1.9e-05,11.166861,2.1e-05,1.611332,1.7e-05,36.437456,1.7e-05,0.036072
run_vector_cpam,twitter-unique-undir,1,7,1.9e-05,11.204416,1.7e-05,1.612727,1.5e-05,30.19793,1.2e-05,0.035525
run_vector_cpam,twitter-unique-undir,1,8,2.5e-05,11.097944,1.6e-05,1.598203,1.6e-05,32.40403,1.5e-05,0.035591
run_vector_cpam,twitter-unique-undir,1,9,1.5e-05,11.296401,1.3e-05,1.607209,1.3e-05,34.835533,1.2e-05,0.035617
run_vector_cpam,com-friendster,1,0,1.4e-05,21.970179,1.7e-05,4.642529,1.1e-05,54.75253,3.4e-05,2.293322
run_vector_cpam,com-friendster,1,1,2.9e-05,19.840786,2.4e-05,4.417045,2.4e-05,59.840191,2.6e-05,1.509156
run_vector_cpam,com-friendster,1,2,3e-05,19.921703,2.4e-05,4.564649,2.3e-05,82.925135,2.3e-05,1.552054
run_vector_cpam,com-friendster,1,3,2.1e-05,19.999445,1.8e-05,4.419333,1.6e-05,76.845282,1.7e-05,1.521462
run_vector_cpam,com-friendster,1,4,1.7e-05,29.467365,1.5e-05,4.568263,1.3e-05,75.462615,1.3e-05,1.509597
run_vector_cpam,com-friendster,1,5,2.1e-05,27.970592,1.6e-05,4.666918,1.7e-05,72.851878,1.8e-05,1.499645
run_vector_cpam,com-friendster,1,6,1.8e-05,24.20021,1.3e-05,5.118828,1.2e-05,74.410231,1.1e-05,1.481995
run_vector_cpam,com-friendster,1,7,2e-05,28.780849,1.7e-05,5.070691,1.5e-05,73.904967,1.5e-05,1.464933
run_vector_cpam,com-friendster,1,8,1.7e-05,33.013724,1.3e-05,5.019983,1.4e-05,77.344801,1.3e-05,1.458272
run_vector_cpam,com-friendster,1,9,1.6e-05,36.779938,1.3e-05,5.390417,1.1e-05,71.709936,1.1e-05,1.4463
run_vector_cpam,com-orkut.ungraph,10,0,2e-05,0.235028,2e-05,0.038832,3.1e-05,3.14754,2.4e-05,0.008934
run_vector_cpam,com-orkut.ungraph,10,1,3.1e-05,0.225976,4.3e-05,0.038356,5.3e-05,3.273072,2.5e-05,0.004303
run_vector_cpam,com-orkut.ungraph,10,2,3.8e-05,0.233033,5.1e-05,0.037956,5.9e-05,3.140097,2.5e-05,0.004299
run_vector_cpam,com-orkut.ungraph,10,3,3.8e-05,0.222158,3.2e-05,0.037993,3.9e-05,3.101305,2e-05,0.004164
run_vector_cpam,com-orkut.ungraph,10,4,3e-05,0.233757,3.8e-05,0.038025,3.5e-05,3.137132,2e-05,0.004163
run_vector_cpam,com-orkut.ungraph,10,5,4.6e-05,0.21829,4.6e-05,0.038523,4.8e-05,3.104252,3e-05,0.00411
run_vector_cpam,com-orkut.ungraph,10,6,4.2e-05,0.232517,5.3e-05,0.037295,4.9e-05,3.090547,3.7e-05,0.00415
run_vector_cpam,com-orkut.ungraph,10,7,5.3e-05,0.229735,5e-05,0.040183,7.2e-05,3.095841,4.4e-05,0.004163
run_vector_cpam,com-orkut.ungraph,10,8,3.4e-05,0.214998,3.7e-05,0.037834,4.4e-05,3.122486,2.5e-05,0.004152
run_vector_cpam,com-orkut.ungraph,10,9,4.1e-05,0.23067,4.9e-05,0.039006,5.3e-05,3.115431,2.8e-05,0.004185
run_vector_cpam,cit-Patents,10,0,1.9e-05,0.164404,2.4e-05,0.02243,2.5e-05,4.683973,2.1e-05,0.008304
run_vector_cpam,cit-Patents,10,1,4e-05,0.160492,2.9e-05,0.021712,6.3e-05,4.637086,2.7e-05,0.007779
run_vector_cpam,cit-Patents,10,2,3.9e-05,0.157797,2.4e-05,0.021655,3.6e-05,4.63682,2.5e-05,0.007788
run_vector_cpam,cit-Patents,10,3,4.6e-05,0.161751,3.1e-05,0.021374,5.5e-05,4.646736,2.9e-05,0.00787
run_vector_cpam,cit-Patents,10,4,3.9e-05,0.165327,2.7e-05,0.021105,6.3e-05,4.658135,2.7e-05,0.010537
run_vector_cpam,cit-Patents,10,5,4.6e-05,0.165154,2.7e-05,0.021178,4e-05,4.639829,2.7e-05,0.007691
run_vector_cpam,cit-Patents,10,6,0.000204,0.166479,2.8e-05,0.022083,5.3e-05,4.639597,2.8e-05,0.010987
run_vector_cpam,cit-Patents,10,7,7.8e-05,0.156975,2.7e-05,0.021677,6.6e-05,4.628744,3.3e-05,0.007959
run_vector_cpam,cit-Patents,10,8,7.5e-05,0.156143,2.8e-05,0.021213,5.4e-05,4.634659,3e-05,0.007762
run_vector_cpam,cit-Patents,10,9,4e-05,0.156195,2.7e-05,0.021124,3.7e-05,4.659004,3e-05,0.007774
run_vector_cpam,soc-LiveJournal1,10,0,2.1e-05,0.182951,1.9e-05,0.023925,2.1e-05,4.781722,2.2e-05,0.008572
run_vector_cpam,soc-LiveJournal1,10,1,4.6e-05,0.181262,3.1e-05,0.024207,5.5e-05,4.762458,2.2e-05,0.00628
run_vector_cpam,soc-LiveJournal1,10,2,3.8e-05,0.186536,4.5e-05,0.023824,5.3e-05,4.810832,3.6e-05,0.006038
run_vector_cpam,soc-LiveJournal1,10,3,3.4e-05,0.185263,3.4e-05,0.023835,3.9e-05,4.715209,2.2e-05,0.007034
run_vector_cpam,soc-LiveJournal1,10,4,3.7e-05,0.182781,3.4e-05,0.02398,4.3e-05,4.715728,2.4e-05,0.006067
run_vector_cpam,soc-LiveJournal1,10,5,4.1e-05,0.179078,3e-05,0.024328,6.8e-05,4.709136,3e-05,0.006207
run_vector_cpam,soc-LiveJournal1,10,6,3.8e-05,0.178309,3.3e-05,0.023988,4.8e-05,4.740085,2.3e-05,0.00611
run_vector_cpam,soc-LiveJournal1,10,7,3.4e-05,0.179781,3.1e-05,0.024025,8.7e-05,4.745363,2.3e-05,0.006146
run_vector_cpam,soc-LiveJournal1,10,8,3.6e-05,0.181106,3.5e-05,0.023878,3.9e-05,4.704505,2.7e-05,0.006021
run_vector_cpam,soc-LiveJournal1,10,9,3.3e-05,0.175887,3e-05,0.024207,3.2e-05,4.741912,2.3e-05,0.006201
run_vector_cpam,twitter-unique-undir,10,0,6.3e-05,11.811344,6.1e-05,1.225486,5.4e-05,26.321945,6.1e-05,0.038599
run_vector_cpam,twitter-unique-undir,10,1,8.4e-05,11.052079,7.1e-05,1.210694,6.4e-05,30.78393,6e-05,0.037087
run_vector_cpam,twitter-unique-undir,10,2,6.8e-05,10.882589,5.8e-05,1.20979,6.3e-05,33.499664,5.4e-05,0.037235
run_vector_cpam,twitter-unique-undir,10,3,7.8e-05,11.285499,6.3e-05,1.216848,6.2e-05,33.473651,5.4e-05,0.038326
run_vector_cpam,twitter-unique-undir,10,4,0.000102,12.30864,7.8e-05,1.21354,8.3e-05,33.476913,6.8e-05,0.03701
run_vector_cpam,twitter-unique-undir,10,5,7.7e-05,12.107083,7.4e-05,1.214708,6.5e-05,35.672089,5.8e-05,0.037635
run_vector_cpam,twitter-unique-undir,10,6,7.7e-05,12.466509,6.2e-05,1.232773,5.8e-05,37.048143,5.6e-05,0.037031
run_vector_cpam,twitter-unique-undir,10,7,9.2e-05,13.301879,6.4e-05,1.197881,7.3e-05,36.501602,7.1e-05,0.037055
run_vector_cpam,twitter-unique-undir,10,8,0.0001,13.311451,8.6e-05,1.210637,8.2e-05,33.351292,8.5e-05,0.037669
run_vector_cpam,twitter-unique-undir,10,9,0.000102,13.461058,8.1e-05,1.190764,9.2e-05,26.171494,6.5e-05,0.037225
run_vector_cpam,com-friendster,10,0,3e-05,27.44379,2.9e-05,6.464863,3.2e-05,62.091498,4.6e-05,2.054343
run_vector_cpam,com-friendster,10,1,5.8e-05,28.959724,4.9e-05,8.16724,4e-05,80.569296,4.3e-05,1.396158
run_vector_cpam,com-friendster,10,2,0.00031,32.346059,4.9e-05,9.628305,4.6e-05,75.285882,4.5e-05,1.386208
run_vector_cpam,com-friendster,10,3,5.3e-05,33.418884,4e-05,9.504688,8.7e-05,70.273513,4.6e-05,1.377024
run_vector_cpam,com-friendster,10,4,8.3e-05,33.574501,4e-05,8.72759,3.8e-05,76.926167,9.3e-05,1.342953
run_vector_cpam,com-friendster,10,5,5.1e-05,23.801891,4.2e-05,8.63926,4.1e-05,86.611301,4.5e-05,1.35263
run_vector_cpam,com-friendster,10,6,6e-05,29.453288,4.8e-05,8.845462,4.5e-05,79.768358,4.5e-05,1.398816
run_vector_cpam,com-friendster,10,7,5.7e-05,34.238501,4.9e-05,9.855329,4.3e-05,79.585022,4.5e-05,1.421519
run_vector_cpam,com-friendster,10,8,4.6e-05,38.078206,3.9e-05,9.927994,3.8e-05,95.530707,4.2e-05,1.429014
run_vector_cpam,com-friendster,10,9,5.6e-05,36.521493,4.1e-05,10.99364,4.5e-05,86.89492,4.8e-05,1.435548
run_vector_cpam,com-orkut.ungraph,100,0,3.8e-05,0.229917,3.6e-05,0.038326,3.9e-05,3.028913,4.1e-05,0.006317
run_vector_cpam,com-orkut.ungraph,100,1,6.4e-05,0.23454,4.5e-05,0.03795,7e-05,3.063403,4.7e-05,0.004845
run_vector_cpam,com-orkut.ungraph,100,2,9.6e-05,0.229281,5.4e-05,0.038385,7.6e-05,3.023647,4.1e-05,0.004766
run_vector_cpam,com-orkut.ungraph,100,3,5.4e-05,0.238206,4.9e-05,0.039144,6.9e-05,3.127757,3.8e-05,0.006265
run_vector_cpam,com-orkut.ungraph,100,4,4.8e-05,0.236702,4.2e-05,0.038023,8.3e-05,3.084398,3.3e-05,0.005445
run_vector_cpam,com-orkut.ungraph,100,5,5.1e-05,0.22571,4.9e-05,0.038634,9.7e-05,3.054171,3.9e-05,0.004757
run_vector_cpam,com-orkut.ungraph,100,6,9.2e-05,0.233273,5.4e-05,0.039553,9e-05,3.019719,3.9e-05,0.004778
run_vector_cpam,com-orkut.ungraph,100,7,5.3e-05,0.231444,5.1e-05,0.038431,5.5e-05,3.030538,3.6e-05,0.004595
run_vector_cpam,com-orkut.ungraph,100,8,5.6e-05,0.236224,5e-05,0.038585,0.000142,3.064157,3.8e-05,0.004639
run_vector_cpam,com-orkut.ungraph,100,9,4.8e-05,0.231146,4.6e-05,0.03799,0.000172,3.051234,3.6e-05,0.004688
run_vector_cpam,cit-Patents,100,0,2.4e-05,0.159105,2.5e-05,0.022832,2.5e-05,4.684816,2.6e-05,0.008288
run_vector_cpam,cit-Patents,100,1,4.3e-05,0.162213,3.9e-05,0.022201,0.000181,4.657855,3.4e-05,0.007838
run_vector_cpam,cit-Patents,100,2,4e-05,0.163386,3.1e-05,0.022617,9.4e-05,4.630291,3e-05,0.008567
run_vector_cpam,cit-Patents,100,3,5.3e-05,0.158285,3.2e-05,0.021695,0.000102,4.630189,3.1e-05,0.007734
run_vector_cpam,cit-Patents,100,4,4.2e-05,0.158357,3.5e-05,0.021614,0.000146,4.651837,3.4e-05,0.011685
run_vector_cpam,cit-Patents,100,5,7.8e-05,0.158636,3.4e-05,0.021784,0.000127,4.625858,3.4e-05,0.007706
run_vector_cpam,cit-Patents,100,6,4.3e-05,0.155653,3.4e-05,0.022132,6.3e-05,4.638654,3.5e-05,0.007694
run_vector_cpam,cit-Patents,100,7,4e-05,0.154097,3.2e-05,0.021391,9.3e-05,4.627428,3.3e-05,0.010787
run_vector_cpam,cit-Patents,100,8,5e-05,0.153937,4.6e-05,0.021437,8.2e-05,4.623817,4.1e-05,0.007689
run_vector_cpam,cit-Patents,100,9,5.6e-05,0.154221,4.5e-05,0.021033,0.000127,4.650335,4e-05,0.007664
run_vector_cpam,soc-LiveJournal1,100,0,3e-05,0.176188,3.1e-05,0.023815,3e-05,4.796239,3e-05,0.008731
run_vector_cpam,soc-LiveJournal1,100,1,4.1e-05,0.173491,4e-05,0.023732,0.000112,4.875763,3.8e-05,0.006124
run_vector_cpam,soc-LiveJournal1,100,2,5.1e-05,0.173688,4.6e-05,0.023594,0.000173,4.805162,3.7e-05,0.006113
run_vector_cpam,soc-LiveJournal1,100,3,4.3e-05,0.173819,4.9e-05,0.024192,6.6e-05,4.783424,4.8e-05,0.006176
run_vector_cpam,soc-LiveJournal1,100,4,4.4e-05,0.174543,5.3e-05,0.023568,4.8e-05,4.761551,3.8e-05,0.006924
run_vector_cpam,soc-LiveJournal1,100,5,5.5e-05,0.174987,5.5e-05,0.023367,5.4e-05,4.775041,5.2e-05,0.006177
run_vector_cpam,soc-LiveJournal1,100,6,5.9e-05,0.172802,4.7e-05,0.023889,5.5e-05,4.782653,3.6e-05,0.006292
run_vector_cpam,soc-LiveJournal1,100,7,6.2e-05,0.172659,6.1e-05,0.024204,0.000152,4.828052,5.3e-05,0.0062
run_vector_cpam,soc-LiveJournal1,100,8,4.7e-05,0.170235,3.9e-05,0.023514,0.000169,4.835763,3.2e-05,0.006135
run_vector_cpam,soc-LiveJournal1,100,9,4.7e-05,0.175427,9.5e-05,0.024096,5.8e-05,4.811783,3.2e-05,0.006171
run_vector_cpam,twitter-unique-undir,100,0,7e-05,10.313225,6.2e-05,1.09482,7.3e-05,27.117901,6.2e-05,0.039857
run_vector_cpam,twitter-unique-undir,100,1,8.6e-05,10.374119,0.000101,1.087179,0.000126,30.669264,7.9e-05,0.038681
run_vector_cpam,twitter-unique-undir,100,2,0.000106,10.400184,0.000102,1.079904,0.000148,30.858038,7.2e-05,0.039746
run_vector_cpam,twitter-unique-undir,100,3,0.000183,10.330875,0.000103,1.089297,7.8e-05,28.494788,7.4e-05,0.038242
run_vector_cpam,twitter-unique-undir,100,4,8.7e-05,10.345875,8e-05,1.115497,8.1e-05,26.133783,7e-05,0.038621
run_vector_cpam,twitter-unique-undir,100,5,0.000126,10.177232,0.000114,1.082839,0.000115,26.106046,9.4e-05,0.039294
run_vector_cpam,twitter-unique-undir,100,6,0.000102,10.13252,0.000139,1.100684,7.7e-05,26.041812,6.6e-05,0.038499
run_vector_cpam,twitter-unique-undir,100,7,0.000133,10.997042,9.2e-05,1.097371,9e-05,25.926271,8.5e-05,0.038048
run_vector_cpam,twitter-unique-undir,100,8,9.2e-05,11.4285,7.2e-05,1.092499,6.4e-05,26.062932,6.3e-05,0.038234
run_vector_cpam,twitter-unique-undir,100,9,9.5e-05,11.439168,8.4e-05,1.088617,7.9e-05,26.011756,7e-05,0.03801
run_vector_cpam,com-friendster,100,0,4e-05,63.734417,3.7e-05,4.846236,4e-05,47.966846,4.3e-05,1.832831
run_vector_cpam,com-friendster,100,1,6.8e-05,92.442464,5.6e-05,4.904969,5.1e-05,51.649437,5.4e-05,1.519883
run_vector_cpam,com-friendster,100,2,7.7e-05,95.824815,5.6e-05,5.021085,5.3e-05,56.079479,5.5e-05,1.527266
run_vector_cpam,com-friendster,100,3,8.2e-05,98.962786,5.1e-05,4.876272,5.2e-05,64.377763,5.5e-05,1.519332
run_vector_cpam,com-friendster,100,4,8.7e-05,108.577459,6e-05,4.971336,6.5e-05,55.265587,5.9e-05,1.515438
run_vector_cpam,com-friendster,100,5,6.7e-05,109.041443,5.2e-05,4.93673,4.9e-05,62.109384,7.1e-05,1.526066
run_vector_cpam,com-friendster,100,6,7.3e-05,108.822016,4.9e-05,5.410188,5.3e-05,68.662996,4.7e-05,1.52444
run_vector_cpam,com-friendster,100,7,9.8e-05,107.288885,5e-05,5.667634,4.9e-05,65.308366,4.8e-05,1.508976
run_vector_cpam,com-friendster,100,8,7.1e-05,98.891122,4.8e-05,5.672812,5.2e-05,58.937836,5.6e-05,1.493913
run_vector_cpam,com-friendster,100,9,0.00013,49.279806,5.7e-05,5.784601,5.5e-05,58.48587,5.3e-05,1.474835
run_vector_cpam,com-orkut.ungraph,1000,0,9.3e-05,0.231484,8.2e-05,0.038222,9.6e-05,3.097165,0.000132,0.004913
run_vector_cpam,com-orkut.ungraph,1000,1,0.000119,0.230879,0.000115,0.037563,0.000129,3.098169,0.000111,0.004538
run_vector_cpam,com-orkut.ungraph,1000,2,0.000111,0.228575,0.000122,0.038296,0.00029,3.215638,9.7e-05,0.006654
run_vector_cpam,com-orkut.ungraph,1000,3,0.000121,0.231777,0.000118,0.038416,0.00021,3.134368,0.000157,0.005831
run_vector_cpam,com-orkut.ungraph,1000,4,0.000131,0.229078,0.000118,0.037996,0.00031,3.152552,0.000121,0.004319
run_vector_cpam,com-orkut.ungraph,1000,5,0.00011,0.231214,0.000107,0.038108,0.000214,3.1149,0.000104,0.004321
run_vector_cpam,com-orkut.ungraph,1000,6,0.000111,0.231972,0.000104,0.038377,0.000137,3.098124,0.000104,0.00432
run_vector_cpam,com-orkut.ungraph,1000,7,0.000122,0.229889,0.000114,0.037877,0.000128,3.103552,0.000107,0.004323
run_vector_cpam,com-orkut.ungraph,1000,8,0.000119,0.229315,0.000118,0.037923,0.000131,3.071483,0.000111,0.005921
run_vector_cpam,com-orkut.ungraph,1000,9,0.000118,0.228423,0.000113,0.037194,0.000129,3.09807,0.000108,0.004301
run_vector_cpam,cit-Patents,1000,0,7.9e-05,0.154671,7.9e-05,0.022614,9.1e-05,4.609742,8.3e-05,0.009749
run_vector_cpam,cit-Patents,1000,1,0.000106,0.152774,9.5e-05,0.021723,0.000124,4.615576,0.000168,0.009885
run_vector_cpam,cit-Patents,1000,2,0.000168,0.158039,9.9e-05,0.022413,0.000103,4.667905,9.8e-05,0.007631
run_vector_cpam,cit-Patents,1000,3,0.000111,0.156908,0.000103,0.022175,0.000235,4.628569,0.000115,0.007667
run_vector_cpam,cit-Patents,1000,4,0.000167,0.157574,0.000104,0.02226,0.000156,4.628041,0.000102,0.007626
run_vector_cpam,cit-Patents,1000,5,0.000138,0.156243,9.7e-05,0.022487,0.000125,4.645907,9.9e-05,0.010272
run_vector_cpam,cit-Patents,1000,6,0.000116,0.156067,9.4e-05,0.022133,0.00028,4.617961,0.0001,0.00769
run_vector_cpam,cit-Patents,1000,7,0.000164,0.156083,0.000105,0.022469,0.000112,4.605556,0.000117,0.007727
run_vector_cpam,cit-Patents,1000,8,0.000162,0.15744,0.000103,0.022867,0.000107,4.635501,0.000109,0.007694
run_vector_cpam,cit-Patents,1000,9,0.000157,0.134755,0.000109,0.021979,0.000396,4.606645,0.000105,0.007756
run_vector_cpam,soc-LiveJournal1,1000,0,0.000159,0.180318,8.9e-05,0.025137,9e-05,4.813055,0.000116,0.009552
run_vector_cpam,soc-LiveJournal1,1000,1,0.000297,0.180874,0.000113,0.023734,0.000139,4.799137,0.000103,0.006346
run_vector_cpam,soc-LiveJournal1,1000,2,0.000142,0.179799,0.000123,0.023498,0.000208,4.787008,0.000101,0.006197
run_vector_cpam,soc-LiveJournal1,1000,3,0.000187,0.179593,0.000123,0.023328,0.000132,4.761676,0.000112,0.006235
run_vector_cpam,soc-LiveJournal1,1000,4,0.000113,0.177491,0.000115,0.023971,0.000252,4.775291,0.000111,0.006199
run_vector_cpam,soc-LiveJournal1,1000,5,0.00011,0.178866,0.000109,0.023465,0.000215,4.775015,0.000105,0.006202
run_vector_cpam,soc-LiveJournal1,1000,6,0.000121,0.178655,0.000111,0.023864,0.000114,4.713947,0.000101,0.005973
run_vector_cpam,soc-LiveJournal1,1000,7,0.000108,0.176721,0.00011,0.02355,0.000174,4.765455,9.9e-05,0.006107
run_vector_cpam,soc-LiveJournal1,1000,8,0.000117,0.174148,0.000106,0.023069,0.000363,4.809118,9.8e-05,0.006202
run_vector_cpam,soc-LiveJournal1,1000,9,0.00013,0.179647,0.000113,0.026339,0.000127,4.760257,0.000101,0.006214
run_vector_cpam,twitter-unique-undir,1000,0,0.00015,9.429089,0.000145,1.071184,0.000149,29.161516,0.0002,0.039091
run_vector_cpam,twitter-unique-undir,1000,1,0.000173,9.389906,0.000185,1.084242,0.000161,29.234744,0.000136,0.035396
run_vector_cpam,twitter-unique-undir,1000,2,0.000186,9.540395,0.0002,1.088848,0.000181,29.090399,0.000162,0.035472
run_vector_cpam,twitter-unique-undir,1000,3,0.000258,9.50403,0.000199,1.063175,0.000181,29.196841,0.000159,0.036847
run_vector_cpam,twitter-unique-undir,1000,4,0.000224,9.192621,0.000204,1.061853,0.0002,29.38361,0.000178,0.035568
run_vector_cpam,twitter-unique-undir,1000,5,0.000306,9.229087,0.000233,1.064796,0.000232,29.65971,0.000196,0.035719
run_vector_cpam,twitter-unique-undir,1000,6,0.000261,9.222754,0.000225,1.07487,0.000222,31.586042,0.000194,0.036149
run_vector_cpam,twitter-unique-undir,1000,7,0.000216,9.864066,0.000188,1.069706,0.000172,30.721387,0.000831,0.036067
run_vector_cpam,twitter-unique-undir,1000,8,0.000244,9.989165,0.000218,1.063873,0.000273,29.391941,0.000178,0.035655
run_vector_cpam,twitter-unique-undir,1000,9,0.000243,10.452595,0.000203,1.063918,0.000187,29.135608,0.000172,0.035532
run_vector_cpam,com-friendster,1000,0,9e-05,59.719011,8.8e-05,4.410791,9.1e-05,47.517153,0.000214,1.645838
run_vector_cpam,com-friendster,1000,1,0.000131,72.789039,0.00012,4.183822,0.000111,51.741624,0.000123,1.356113
run_vector_cpam,com-friendster,1000,2,0.000194,77.642447,0.000131,4.292164,0.000174,60.683304,0.000178,1.355216
run_vector_cpam,com-friendster,1000,3,0.000269,81.986947,0.000117,4.170862,0.000148,68.259175,0.000115,1.355559
run_vector_cpam,com-friendster,1000,4,0.000187,69.459668,0.000124,4.246007,0.000119,68.377082,0.000117,1.364558
run_vector_cpam,com-friendster,1000,5,0.000164,61.625132,0.000121,4.141245,0.000114,65.956331,0.000123,1.328032
run_vector_cpam,com-friendster,1000,6,0.000133,62.290974,0.000122,4.28882,0.000122,62.233978,0.000114,1.331968
run_vector_cpam,com-friendster,1000,7,0.000146,68.221183,0.000116,4.412912,0.00012,61.195247,0.000121,1.334547
run_vector_cpam,com-friendster,1000,8,0.000158,36.861867,0.000139,4.158131,0.000124,44.406421,0.000124,1.351214
run_vector_cpam,com-friendster,1000,9,0.000212,38.548227,0.000121,4.056814,0.000119,59.81557,0.00012,1.328537
run_vector_cpam,com-orkut.ungraph,10000,0,0.002379,0.243715,0.00252,0.039537,0.002395,3.123114,0.002652,0.005407
run_vector_cpam,com-orkut.ungraph,10000,1,0.002353,0.243402,0.002557,0.040569,0.002674,3.145987,0.002278,0.004396
run_vector_cpam,com-orkut.ungraph,10000,2,0.002345,0.246206,0.002272,0.03985,0.002367,3.081982,0.002265,0.005666
run_vector_cpam,com-orkut.ungraph,10000,3,0.00239,0.246373,0.002446,0.039233,0.002242,3.093884,0.002267,0.00432
run_vector_cpam,com-orkut.ungraph,10000,4,0.002363,0.247626,0.002387,0.042146,0.00223,3.077114,0.002277,0.004259
run_vector_cpam,com-orkut.ungraph,10000,5,0.002386,0.243333,0.002666,0.040605,0.002341,3.149227,0.00225,0.004415
run_vector_cpam,com-orkut.ungraph,10000,6,0.002431,0.244336,0.00241,0.040355,0.00228,3.095458,0.002265,0.004982
run_vector_cpam,com-orkut.ungraph,10000,7,0.002456,0.247904,0.002526,0.041597,0.00243,3.102093,0.002282,0.004334
run_vector_cpam,com-orkut.ungraph,10000,8,0.002433,0.248817,0.002536,0.042592,0.002263,3.072915,0.002284,0.004244
run_vector_cpam,com-orkut.ungraph,10000,9,0.002373,0.243406,0.002429,0.040331,0.002255,3.078226,0.002273,0.005039
run_vector_cpam,cit-Patents,10000,0,0.002375,0.157923,0.002424,0.023867,0.002413,4.636657,0.002377,0.010806
run_vector_cpam,cit-Patents,10000,1,0.002314,0.158222,0.00232,0.021253,0.002447,4.59923,0.002336,0.008633
run_vector_cpam,cit-Patents,10000,2,0.002382,0.156742,0.002319,0.021916,0.002265,4.596569,0.002363,0.008896
run_vector_cpam,cit-Patents,10000,3,0.002424,0.162451,0.002322,0.022806,0.002481,4.621506,0.00238,0.008504
run_vector_cpam,cit-Patents,10000,4,0.002651,0.174964,0.002361,0.021741,0.002341,4.611287,0.002398,0.008836
run_vector_cpam,cit-Patents,10000,5,0.002845,0.170018,0.002363,0.022335,0.002271,4.628256,0.002385,0.0084
run_vector_cpam,cit-Patents,10000,6,0.00255,0.165494,0.002302,0.0218,0.002376,4.618536,0.002362,0.008438
run_vector_cpam,cit-Patents,10000,7,0.002495,0.159321,0.002305,0.021942,0.002354,4.599672,0.002385,0.008297
run_vector_cpam,cit-Patents,10000,8,0.002395,0.156638,0.00236,0.021268,0.002447,4.577123,0.00242,0.008283
run_vector_cpam,cit-Patents,10000,9,0.002334,0.135815,0.002311,0.021519,0.002413,4.575331,0.00238,0.008771
run_vector_cpam,soc-LiveJournal1,10000,0,0.002369,0.19317,0.002333,0.025307,0.00242,4.763072,0.002611,0.008106
run_vector_cpam,soc-LiveJournal1,10000,1,0.002216,0.189695,0.002321,0.025077,0.002623,4.754125,0.002265,0.006848
run_vector_cpam,soc-LiveJournal1,10000,2,0.002242,0.187011,0.002349,0.025231,0.002244,4.692436,0.002306,0.006849
run_vector_cpam,soc-LiveJournal1,10000,3,0.002237,0.199468,0.002333,0.024965,0.002233,4.746119,0.002289,0.006942
run_vector_cpam,soc-LiveJournal1,10000,4,0.003521,0.211373,0.002278,0.02506,0.002423,4.73562,0.002309,0.006915
run_vector_cpam,soc-LiveJournal1,10000,5,0.002397,0.210938,0.002286,0.027508,0.002203,4.721487,0.002271,0.006876
run_vector_cpam,soc-LiveJournal1,10000,6,0.002416,0.196365,0.002272,0.025793,0.002191,4.721797,0.002274,0.006828
run_vector_cpam,soc-LiveJournal1,10000,7,0.002305,0.192625,0.002313,0.026932,0.0022,4.733117,0.002292,0.00698
run_vector_cpam,soc-LiveJournal1,10000,8,0.002287,0.190173,0.002306,0.025229,0.002228,4.755081,0.002312,0.007263
run_vector_cpam,soc-LiveJournal1,10000,9,0.002247,0.190787,0.002325,0.025431,0.002572,4.747195,0.002327,0.006961
run_vector_cpam,twitter-unique-undir,10000,0,0.003003,9.344484,0.002899,1.195744,0.003117,29.204858,0.003196,0.039796
run_vector_cpam,twitter-unique-undir,10000,1,0.003299,9.349301,0.003883,1.209469,0.003276,28.268988,0.003149,0.038676
run_vector_cpam,twitter-unique-undir,10000,2,0.002993,9.121405,0.003454,1.228019,0.003013,28.200122,0.003109,0.038718
run_vector_cpam,twitter-unique-undir,10000,3,0.002891,9.90325,0.003249,1.21255,0.003099,31.297961,0.002833,0.038733
run_vector_cpam,twitter-unique-undir,10000,4,0.003421,10.086735,0.003605,1.147376,0.003484,31.96146,0.003386,0.039429
run_vector_cpam,twitter-unique-undir,10000,5,0.00362,9.93407,0.003482,1.15356,0.003116,31.496162,0.003078,0.038835
run_vector_cpam,twitter-unique-undir,10000,6,0.003645,9.925071,0.004313,1.140423,0.003656,33.589357,0.003525,0.038791
run_vector_cpam,twitter-unique-undir,10000,7,0.003292,9.957502,0.003092,1.133717,0.003146,30.626172,0.002907,0.039435
run_vector_cpam,twitter-unique-undir,10000,8,0.003464,9.840678,0.003625,1.160868,0.003115,29.272639,0.003225,0.038517
run_vector_cpam,twitter-unique-undir,10000,9,0.003315,9.863523,0.003718,1.13541,0.003111,31.837909,0.003112,0.038598
run_vector_cpam,com-friendster,10000,0,0.002556,61.849939,0.002457,6.832406,0.00247,45.294186,0.002853,1.33872
run_vector_cpam,com-friendster,10000,1,0.002445,70.732289,0.002568,6.522454,0.002322,45.054856,0.002334,0.982241
run_vector_cpam,com-friendster,10000,2,0.002669,63.637275,0.00252,6.4128,0.00233,45.42039,0.00233,0.973947
run_vector_cpam,com-friendster,10000,3,0.002596,65.697101,0.002655,5.841577,0.002314,44.514826,0.002346,0.971716
run_vector_cpam,com-friendster,10000,4,0.002485,66.66062,0.002579,5.258654,0.002337,44.014091,0.002347,0.966533
run_vector_cpam,com-friendster,10000,5,0.002471,67.529765,0.002567,5.426379,0.002337,44.091441,0.002355,0.970235
run_vector_cpam,com-friendster,10000,6,0.002543,75.543472,0.002553,5.302413,0.002359,48.245896,0.002343,0.974435
run_vector_cpam,com-friendster,10000,7,0.002549,70.032902,0.002535,5.137599,0.002328,43.938596,0.002574,0.98181
run_vector_cpam,com-friendster,10000,8,0.002534,68.675255,0.002617,5.337756,0.002341,43.943845,0.002514,0.97868
run_vector_cpam,com-friendster,10000,9,0.002625,33.097113,0.002536,5.264346,0.002352,43.85941,0.002472,0.991468
run_vector_cpam,com-orkut.ungraph,100000,0,0.004031,0.285825,0.004202,0.049494,0.004117,3.101913,0.005081,0.006507
run_vector_cpam,com-orkut.ungraph,100000,1,0.004056,0.285712,0.00434,0.047517,0.004159,3.156199,0.004139,0.005346
run_vector_cpam,com-orkut.ungraph,100000,2,0.004203,0.28334,0.004373,0.048158,0.005076,3.131458,0.004141,0.006859
run_vector_cpam,com-orkut.ungraph,100000,3,0.004133,0.287556,0.004637,0.047219,0.004086,3.092463,0.004525,0.005294
run_vector_cpam,com-orkut.ungraph,100000,4,0.004336,0.286852,0.004779,0.046418,0.004615,3.021327,0.004439,0.005334
run_vector_cpam,com-orkut.ungraph,100000,5,0.004165,0.291095,0.004397,0.046408,0.00419,3.038519,0.004067,0.005242
run_vector_cpam,com-orkut.ungraph,100000,6,0.004147,0.290454,0.004798,0.047878,0.004414,3.06978,0.004337,0.005141
run_vector_cpam,com-orkut.ungraph,100000,7,0.00447,0.291015,0.004691,0.048004,0.004496,3.107362,0.004162,0.005106
run_vector_cpam,com-orkut.ungraph,100000,8,0.004345,0.29434,0.004473,0.047989,0.00448,3.109096,0.004202,0.005098
run_vector_cpam,com-orkut.ungraph,100000,9,0.004193,0.31163,0.004281,0.047978,0.004875,3.143598,0.004269,0.00539
run_vector_cpam,cit-Patents,100000,0,0.003982,0.183926,0.003808,0.02719,0.003742,4.684289,0.004002,0.011618
run_vector_cpam,cit-Patents,100000,1,0.004011,0.181125,0.0039,0.025956,0.003825,4.644814,0.004013,0.009251
run_vector_cpam,cit-Patents,100000,2,0.003901,0.180198,0.00388,0.025333,0.003726,4.629414,0.003951,0.008446
run_vector_cpam,cit-Patents,100000,3,0.004046,0.18421,0.004036,0.025566,0.003676,4.637268,0.003984,0.008323
run_vector_cpam,cit-Patents,100000,4,0.003978,0.177533,0.003957,0.026131,0.004035,4.659124,0.004013,0.008384
run_vector_cpam,cit-Patents,100000,5,0.003916,0.176017,0.004139,0.026285,0.004008,4.627604,0.003981,0.008825
run_vector_cpam,cit-Patents,100000,6,0.003808,0.17674,0.004219,0.025889,0.003887,4.655298,0.003994,0.0089
run_vector_cpam,cit-Patents,100000,7,0.004062,0.178134,0.003976,0.026488,0.00422,4.657574,0.004125,0.009028
run_vector_cpam,cit-Patents,100000,8,0.003917,0.181301,0.004229,0.026619,0.004291,4.611184,0.004102,0.008887
run_vector_cpam,cit-Patents,100000,9,0.004121,0.175745,0.004041,0.026661,0.00386,4.620004,0.004022,0.008875
run_vector_cpam,soc-LiveJournal1,100000,0,0.003891,0.24026,0.003939,0.034691,0.003645,4.767725,0.004025,0.00867
run_vector_cpam,soc-LiveJournal1,100000,1,0.004493,0.24037,0.003822,0.031334,0.00394,4.807385,0.003926,0.00777
run_vector_cpam,soc-LiveJournal1,100000,2,0.004759,0.238552,0.003824,0.031086,0.00421,4.797343,0.003918,0.007816
run_vector_cpam,soc-LiveJournal1,100000,3,0.004254,0.241677,0.00381,0.03138,0.00443,4.820789,0.003875,0.007702
run_vector_cpam,soc-LiveJournal1,100000,4,0.003982,0.234891,0.003861,0.031288,0.004527,4.792377,0.005187,0.007902
run_vector_cpam,soc-LiveJournal1,100000,5,0.003959,0.238847,0.003928,0.031653,0.003906,4.752544,0.003807,0.007953
run_vector_cpam,soc-LiveJournal1,100000,6,0.004026,0.235832,0.003821,0.032343,0.003822,4.750185,0.00376,0.008082
run_vector_cpam,soc-LiveJournal1,100000,7,0.003985,0.235852,0.003939,0.032397,0.003826,4.747304,0.003737,0.008049
run_vector_cpam,soc-LiveJournal1,100000,8,0.0041,0.239459,0.004047,0.033247,0.003953,4.788813,0.003939,0.00789
run_vector_cpam,soc-LiveJournal1,100000,9,0.003871,0.235335,0.004019,0.031681,0.004045,4.745345,0.003912,0.008025
run_vector_cpam,twitter-unique-undir,100000,0,0.018853,9.073794,0.018113,1.458833,0.018505,23.150869,0.021061,0.03901
run_vector_cpam,twitter-unique-undir,100000,1,0.020269,9.046064,0.019898,1.450274,0.022218,21.175062,0.01836,0.037614
run_vector_cpam,twitter-unique-undir,100000,2,0.019847,9.051471,0.019458,1.462598,0.018187,21.241468,0.020833,0.037069
run_vector_cpam,twitter-unique-undir,100000,3,0.022897,9.059734,0.020624,1.457235,0.018505,21.251857,0.019994,0.037364
run_vector_cpam,twitter-unique-undir,100000,4,0.022629,9.060643,0.022979,1.460408,0.023324,21.311191,0.02198,0.037089
run_vector_cpam,twitter-unique-undir,100000,5,0.023085,9.286711,0.020567,1.451999,0.023871,21.351621,0.025797,0.037446
run_vector_cpam,twitter-unique-undir,100000,6,0.026449,10.347654,0.02798,1.450947,0.025526,21.582861,0.025997,0.038041
run_vector_cpam,twitter-unique-undir,100000,7,0.017231,10.323349,0.015043,1.455786,0.01513,21.457628,0.017459,0.037526
run_vector_cpam,twitter-unique-undir,100000,8,0.023737,10.351006,0.018568,1.446877,0.019836,21.491318,0.020909,0.038615
run_vector_cpam,twitter-unique-undir,100000,9,0.020418,10.312459,0.019047,1.451752,0.018915,21.271203,0.020904,0.037113
run_vector_cpam,com-friendster,100000,0,0.004605,54.501956,0.004316,4.688384,0.004597,44.787966,0.005946,1.235032
run_vector_cpam,com-friendster,100000,1,0.004738,63.769057,0.004526,4.573569,0.004498,44.879252,0.004455,1.039045
run_vector_cpam,com-friendster,100000,2,0.004726,72.23927,0.004459,4.625754,0.004601,44.507248,0.004172,1.034841
run_vector_cpam,com-friendster,100000,3,0.004849,84.088459,0.004444,4.528473,0.004406,45.226417,0.004438,1.0416
run_vector_cpam,com-friendster,100000,4,0.004885,86.171324,0.004381,4.853635,0.004412,49.016437,0.004208,1.034764
run_vector_cpam,com-friendster,100000,5,0.004829,68.651201,0.004584,4.637606,0.00441,45.447519,0.00467,1.036534
run_vector_cpam,com-friendster,100000,6,0.00485,54.279954,0.004504,4.686382,0.004706,44.744737,0.004224,1.035756
run_vector_cpam,com-friendster,100000,7,0.004706,65.750127,0.004419,4.648008,0.004517,45.309886,0.004267,1.034457
run_vector_cpam,com-friendster,100000,8,0.004728,76.554226,0.004444,4.638661,0.004362,49.32178,0.004306,1.038922
run_vector_cpam,com-friendster,100000,9,0.004964,41.844748,0.00454,4.478611,0.004488,47.380375,0.004215,1.042597
run_vector_cpam,com-orkut.ungraph,1000000,0,0.011666,0.400871,0.011389,0.050542,0.010823,3.126773,0.013216,0.005414
run_vector_cpam,com-orkut.ungraph,1000000,1,0.013977,0.387957,0.011952,0.049186,0.012338,3.121619,0.011769,0.005217
run_vector_cpam,com-orkut.ungraph,1000000,2,0.012852,0.355036,0.012588,0.051866,0.012629,3.133089,0.011978,0.005097
run_vector_cpam,com-orkut.ungraph,1000000,3,0.0133,0.348173,0.012611,0.052846,0.012535,3.128372,0.01176,0.005151
run_vector_cpam,com-orkut.ungraph,1000000,4,0.013666,0.342907,0.012198,0.055967,0.011867,3.099287,0.012155,0.005184
run_vector_cpam,com-orkut.ungraph,1000000,5,0.013475,0.362547,0.012358,0.054764,0.012726,3.108664,0.012949,0.005196
run_vector_cpam,com-orkut.ungraph,1000000,6,0.014391,0.354127,0.012895,0.05598,0.012502,3.104859,0.012194,0.005654
run_vector_cpam,com-orkut.ungraph,1000000,7,0.014526,0.348983,0.013016,0.055903,0.01271,3.118408,0.012041,0.00534
run_vector_cpam,com-orkut.ungraph,1000000,8,0.015205,0.351737,0.014205,0.057665,0.01312,3.139462,0.012127,0.005238
run_vector_cpam,com-orkut.ungraph,1000000,9,0.01591,0.358122,0.012898,0.057546,0.013232,3.158689,0.012238,0.005201
run_vector_cpam,cit-Patents,1000000,0,0.009791,0.216775,0.009677,0.026807,0.010122,5.002295,0.011885,0.015943
run_vector_cpam,cit-Patents,1000000,1,0.010322,0.219909,0.010412,0.026608,0.01021,4.987319,0.01148,0.014004
run_vector_cpam,cit-Patents,1000000,2,0.011306,0.22599,0.01056,0.026527,0.010698,4.951387,0.011271,0.013495
run_vector_cpam,cit-Patents,1000000,3,0.011673,0.25266,0.010581,0.026557,0.011988,4.920703,0.011538,0.013204
run_vector_cpam,cit-Patents,1000000,4,0.015359,0.248102,0.010655,0.026917,0.011207,4.808159,0.010966,0.012231
run_vector_cpam,cit-Patents,1000000,5,0.011095,0.231329,0.01058,0.027373,0.011906,4.77133,0.011399,0.012009
run_vector_cpam,cit-Patents,1000000,6,0.010906,0.227635,0.010438,0.027752,0.012576,4.715211,0.01106,0.011782
run_vector_cpam,cit-Patents,1000000,7,0.010942,0.231552,0.010586,0.027835,0.012034,4.682478,0.011597,0.011957
run_vector_cpam,cit-Patents,1000000,8,0.010936,0.231807,0.010599,0.028258,0.011945,4.647458,0.011515,0.011363
run_vector_cpam,cit-Patents,1000000,9,0.011039,0.196865,0.010657,0.028141,0.012464,4.640988,0.011527,0.01135
run_vector_cpam,soc-LiveJournal1,1000000,0,0.009706,0.239904,0.009621,0.033337,0.009851,4.780178,0.009935,0.009797
run_vector_cpam,soc-LiveJournal1,1000000,1,0.01021,0.24022,0.010239,0.033307,0.011718,4.869182,0.010541,0.008735
run_vector_cpam,soc-LiveJournal1,1000000,2,0.010505,0.243755,0.010148,0.033532,0.012048,4.86123,0.010518,0.008479
run_vector_cpam,soc-LiveJournal1,1000000,3,0.012022,0.254842,0.010088,0.033732,0.011561,4.824023,0.010429,0.00864
run_vector_cpam,soc-LiveJournal1,1000000,4,0.011547,0.251359,0.010387,0.035364,0.011549,4.797413,0.011461,0.008534
run_vector_cpam,soc-LiveJournal1,1000000,5,0.011302,0.248664,0.010316,0.034707,0.011571,4.813753,0.010651,0.008671
run_vector_cpam,soc-LiveJournal1,1000000,6,0.011643,0.253145,0.010407,0.034662,0.011732,4.839429,0.010551,0.008431
run_vector_cpam,soc-LiveJournal1,1000000,7,0.011929,0.265066,0.011584,0.035585,0.011384,4.816797,0.01046,0.008474
run_vector_cpam,soc-LiveJournal1,1000000,8,0.012258,0.258592,0.010382,0.03539,0.011451,4.821625,0.010513,0.008681
run_vector_cpam,soc-LiveJournal1,1000000,9,0.012086,0.248267,0.010537,0.038024,0.011351,4.750158,0.010353,0.008632
run_vector_cpam,twitter-unique-undir,1000000,0,0.156521,8.277542,0.180956,1.007341,0.185578,24.51013,0.231298,0.041048
run_vector_cpam,twitter-unique-undir,1000000,1,0.186544,9.081755,0.193058,0.993113,0.194463,26.650503,0.179686,0.039951
run_vector_cpam,twitter-unique-undir,1000000,2,0.169246,9.117413,0.176421,1.005673,0.170895,27.154924,0.178049,0.040507
run_vector_cpam,twitter-unique-undir,1000000,3,0.159246,9.138256,0.163078,1.008744,0.172849,26.894269,0.16579,0.040904
run_vector_cpam,twitter-unique-undir,1000000,4,0.188593,9.161979,0.182668,1.006964,0.195435,26.89516,0.196489,0.041117
run_vector_cpam,twitter-unique-undir,1000000,5,0.206422,9.155323,0.215967,1.018633,0.216347,26.596193,0.206828,0.040573
run_vector_cpam,twitter-unique-undir,1000000,6,0.232757,8.713434,0.235462,1.022935,0.231631,24.20914,0.21875,0.041752
run_vector_cpam,twitter-unique-undir,1000000,7,0.130641,8.997926,0.127723,1.030597,0.13033,23.468746,0.126659,0.040912
run_vector_cpam,twitter-unique-undir,1000000,8,0.177048,9.257968,0.182688,1.027555,0.186832,22.570648,0.174074,0.040511
run_vector_cpam,twitter-unique-undir,1000000,9,0.172269,9.292005,0.178328,1.018314,0.186604,23.985824,0.173399,0.040421
run_vector_cpam,com-friendster,1000000,0,0.023369,48.993001,0.024683,4.349312,0.022798,46.271201,0.029796,1.307434
run_vector_cpam,com-friendster,1000000,1,0.026899,52.595012,0.024764,4.387521,0.024254,51.115896,0.024458,1.094182
run_vector_cpam,com-friendster,1000000,2,0.02718,72.032294,0.024825,4.358952,0.024146,52.238672,0.02843,1.111441
run_vector_cpam,com-friendster,1000000,3,0.027626,76.853306,0.024079,4.310303,0.024385,59.414134,0.02678,1.099926
run_vector_cpam,com-friendster,1000000,4,0.027447,68.263107,0.024497,4.121568,0.023533,64.059016,0.023683,1.097119
run_vector_cpam,com-friendster,1000000,5,0.028109,67.757755,0.024091,4.412704,0.024351,62.851584,0.024833,1.092039
run_vector_cpam,com-friendster,1000000,6,0.028212,79.234366,0.025034,4.316075,0.02448,60.946953,0.024092,1.093355
run_vector_cpam,com-friendster,1000000,7,0.029879,72.959912,0.025413,4.192735,0.026154,64.15227,0.022644,1.086275
run_vector_cpam,com-friendster,1000000,8,0.027188,69.431978,0.024478,4.426571,0.02551,72.123497,0.02277,1.097433
run_vector_cpam,com-friendster,1000000,9,0.027609,27.252514,0.025268,4.422467,0.024716,68.827136,0.023021,1.092446
