baseline,batch_size,graph,algorithm,measurement_idx,value1,value2
run_absl_btree_set,1,cit-Patents,BFS,0,6e-06,0.015076
run_absl_btree_set,1,cit-Patents,BFS,1,9e-06,0.010925
run_absl_btree_set,1,cit-Patents,BFS,2,1e-05,0.010296
run_absl_btree_set,1,cit-Patents,BFS,3,8e-06,0.0107
run_absl_btree_set,1,cit-Patents,BFS,4,9e-06,0.013205
run_absl_btree_set,1,cit-Patents,BFS,5,1.1e-05,0.01037
run_absl_btree_set,1,cit-Patents,BFS,6,8e-06,0.010383
run_absl_btree_set,1,cit-Patents,BFS,7,8e-06,0.010375
run_absl_btree_set,1,cit-Patents,BFS,8,9e-06,0.01033
run_absl_btree_set,1,cit-Patents,BFS,9,1.2e-05,0.010364
run_absl_btree_set,1,cit-Patents,LabelPropagation,0,6e-06,0.033827
run_absl_btree_set,1,cit-Patents,LabelPropagation,1,9e-06,0.033532
run_absl_btree_set,1,cit-Patents,LabelPropagation,2,9e-06,0.03331
run_absl_btree_set,1,cit-Patents,LabelPropagation,3,8e-06,0.03206
run_absl_btree_set,1,cit-Patents,LabelPropagation,4,8e-06,0.034113
run_absl_btree_set,1,cit-Patents,LabelPropagation,5,1e-05,0.033625
run_absl_btree_set,1,cit-Patents,LabelPropagation,6,8e-06,0.034535
run_absl_btree_set,1,cit-Patents,LabelPropagation,7,8e-06,0.033501
run_absl_btree_set,1,cit-Patents,LabelPropagation,8,8e-06,0.033698
run_absl_btree_set,1,cit-Patents,LabelPropagation,9,8e-06,0.032836
run_absl_btree_set,1,cit-Patents,PageRank,0,7e-06,0.186166
run_absl_btree_set,1,cit-Patents,PageRank,1,9e-06,0.176454
run_absl_btree_set,1,cit-Patents,PageRank,2,9e-06,0.180853
run_absl_btree_set,1,cit-Patents,PageRank,3,1e-05,0.173396
run_absl_btree_set,1,cit-Patents,PageRank,4,1.2e-05,0.179118
run_absl_btree_set,1,cit-Patents,PageRank,5,8e-06,0.173777
run_absl_btree_set,1,cit-Patents,PageRank,6,1e-05,0.173523
run_absl_btree_set,1,cit-Patents,PageRank,7,1e-05,0.176221
run_absl_btree_set,1,cit-Patents,PageRank,8,1.2e-05,0.180193
run_absl_btree_set,1,cit-Patents,PageRank,9,8e-06,0.165424
run_absl_btree_set,1,cit-Patents,wBFS_unweighted,0,6e-06,5.443646
run_absl_btree_set,1,cit-Patents,wBFS_unweighted,1,1e-05,5.334006
run_absl_btree_set,1,cit-Patents,wBFS_unweighted,2,1.2e-05,5.383227
run_absl_btree_set,1,cit-Patents,wBFS_unweighted,3,1.3e-05,5.431822
run_absl_btree_set,1,cit-Patents,wBFS_unweighted,4,1e-05,5.675132
run_absl_btree_set,1,cit-Patents,wBFS_unweighted,5,9e-06,5.404656
run_absl_btree_set,1,cit-Patents,wBFS_unweighted,6,9e-06,5.394667
run_absl_btree_set,1,cit-Patents,wBFS_unweighted,7,1.1e-05,5.371856
run_absl_btree_set,1,cit-Patents,wBFS_unweighted,8,9e-06,5.325791
run_absl_btree_set,1,cit-Patents,wBFS_unweighted,9,1e-05,5.449231
run_absl_btree_set,1,com-friendster,BFS,0,6e-06,4.110719
run_absl_btree_set,1,com-friendster,BFS,1,1.4e-05,2.569955
run_absl_btree_set,1,com-friendster,BFS,2,1.3e-05,2.556419
run_absl_btree_set,1,com-friendster,BFS,3,1.3e-05,2.541873
run_absl_btree_set,1,com-friendster,BFS,4,1.5e-05,2.527103
run_absl_btree_set,1,com-friendster,BFS,5,1.6e-05,2.491754
run_absl_btree_set,1,com-friendster,BFS,6,1.3e-05,2.464487
run_absl_btree_set,1,com-friendster,BFS,7,1.5e-05,2.440676
run_absl_btree_set,1,com-friendster,BFS,8,1.5e-05,2.489281
run_absl_btree_set,1,com-friendster,BFS,9,1.4e-05,2.516796
run_absl_btree_set,1,com-friendster,LabelPropagation,0,8e-06,6.181177
run_absl_btree_set,1,com-friendster,LabelPropagation,1,1.3e-05,4.319017
run_absl_btree_set,1,com-friendster,LabelPropagation,2,1.5e-05,4.123277
run_absl_btree_set,1,com-friendster,LabelPropagation,3,1.2e-05,4.114868
run_absl_btree_set,1,com-friendster,LabelPropagation,4,1.4e-05,3.9633
run_absl_btree_set,1,com-friendster,LabelPropagation,5,2.5e-05,4.067377
run_absl_btree_set,1,com-friendster,LabelPropagation,6,1.4e-05,3.838762
run_absl_btree_set,1,com-friendster,LabelPropagation,7,1.2e-05,3.840992
run_absl_btree_set,1,com-friendster,LabelPropagation,8,1.4e-05,3.837116
run_absl_btree_set,1,com-friendster,LabelPropagation,9,1.5e-05,3.88895
run_absl_btree_set,1,com-friendster,PageRank,0,5e-06,25.971629
run_absl_btree_set,1,com-friendster,PageRank,1,1.4e-05,24.006803
run_absl_btree_set,1,com-friendster,PageRank,2,1.2e-05,21.598031
run_absl_btree_set,1,com-friendster,PageRank,3,1.2e-05,31.895232
run_absl_btree_set,1,com-friendster,PageRank,4,1.2e-05,26.906136
run_absl_btree_set,1,com-friendster,PageRank,5,2e-05,25.750201
run_absl_btree_set,1,com-friendster,PageRank,6,1.1e-05,22.103495
run_absl_btree_set,1,com-friendster,PageRank,7,1.3e-05,23.072009
run_absl_btree_set,1,com-friendster,PageRank,8,1.3e-05,25.110346
run_absl_btree_set,1,com-friendster,PageRank,9,1.3e-05,27.340466
run_absl_btree_set,1,com-friendster,wBFS_unweighted,0,8e-06,49.578598
run_absl_btree_set,1,com-friendster,wBFS_unweighted,1,1.3e-05,47.129247
run_absl_btree_set,1,com-friendster,wBFS_unweighted,2,1.2e-05,46.709458
run_absl_btree_set,1,com-friendster,wBFS_unweighted,3,1.3e-05,45.870643
run_absl_btree_set,1,com-friendster,wBFS_unweighted,4,1.3e-05,45.533002
run_absl_btree_set,1,com-friendster,wBFS_unweighted,5,1e-05,45.647238
run_absl_btree_set,1,com-friendster,wBFS_unweighted,6,1.1e-05,45.913356
run_absl_btree_set,1,com-friendster,wBFS_unweighted,7,1.2e-05,46.540599
run_absl_btree_set,1,com-friendster,wBFS_unweighted,8,1.2e-05,49.980431
run_absl_btree_set,1,com-friendster,wBFS_unweighted,9,1.2e-05,49.561773
run_absl_btree_set,1,com-orkut.ungraph,BFS,0,5e-06,0.012075
run_absl_btree_set,1,com-orkut.ungraph,BFS,1,9e-06,0.007563
run_absl_btree_set,1,com-orkut.ungraph,BFS,2,9e-06,0.007249
run_absl_btree_set,1,com-orkut.ungraph,BFS,3,8e-06,0.007376
run_absl_btree_set,1,com-orkut.ungraph,BFS,4,5e-06,0.007387
run_absl_btree_set,1,com-orkut.ungraph,BFS,5,6e-06,0.007551
run_absl_btree_set,1,com-orkut.ungraph,BFS,6,6e-06,0.007533
run_absl_btree_set,1,com-orkut.ungraph,BFS,7,5e-06,0.007617
run_absl_btree_set,1,com-orkut.ungraph,BFS,8,6e-06,0.007325
run_absl_btree_set,1,com-orkut.ungraph,BFS,9,7e-06,0.007375
run_absl_btree_set,1,com-orkut.ungraph,LabelPropagation,0,7e-06,0.051381
run_absl_btree_set,1,com-orkut.ungraph,LabelPropagation,1,1e-05,0.046119
run_absl_btree_set,1,com-orkut.ungraph,LabelPropagation,2,1e-05,0.045303
run_absl_btree_set,1,com-orkut.ungraph,LabelPropagation,3,1.1e-05,0.045726
run_absl_btree_set,1,com-orkut.ungraph,LabelPropagation,4,1.1e-05,0.046217
run_absl_btree_set,1,com-orkut.ungraph,LabelPropagation,5,1e-05,0.045297
run_absl_btree_set,1,com-orkut.ungraph,LabelPropagation,6,9e-06,0.046219
run_absl_btree_set,1,com-orkut.ungraph,LabelPropagation,7,1e-05,0.04626
run_absl_btree_set,1,com-orkut.ungraph,LabelPropagation,8,1e-05,0.045687
run_absl_btree_set,1,com-orkut.ungraph,LabelPropagation,9,1.2e-05,0.04514
run_absl_btree_set,1,com-orkut.ungraph,PageRank,0,6e-06,0.324401
run_absl_btree_set,1,com-orkut.ungraph,PageRank,1,1e-05,0.344793
run_absl_btree_set,1,com-orkut.ungraph,PageRank,2,1e-05,0.364795
run_absl_btree_set,1,com-orkut.ungraph,PageRank,3,1.1e-05,0.346283
run_absl_btree_set,1,com-orkut.ungraph,PageRank,4,8e-06,0.335088
run_absl_btree_set,1,com-orkut.ungraph,PageRank,5,1.2e-05,0.336802
run_absl_btree_set,1,com-orkut.ungraph,PageRank,6,1.3e-05,0.34654
run_absl_btree_set,1,com-orkut.ungraph,PageRank,7,1.1e-05,0.346504
run_absl_btree_set,1,com-orkut.ungraph,PageRank,8,1.1e-05,0.329287
run_absl_btree_set,1,com-orkut.ungraph,PageRank,9,1.3e-05,0.33648
run_absl_btree_set,1,com-orkut.ungraph,wBFS_unweighted,0,6e-06,3.869253
run_absl_btree_set,1,com-orkut.ungraph,wBFS_unweighted,1,1e-05,3.748543
run_absl_btree_set,1,com-orkut.ungraph,wBFS_unweighted,2,1.1e-05,3.719855
run_absl_btree_set,1,com-orkut.ungraph,wBFS_unweighted,3,1.3e-05,3.692369
run_absl_btree_set,1,com-orkut.ungraph,wBFS_unweighted,4,1e-05,3.697316
run_absl_btree_set,1,com-orkut.ungraph,wBFS_unweighted,5,1e-05,3.739703
run_absl_btree_set,1,com-orkut.ungraph,wBFS_unweighted,6,1.2e-05,4.022387
run_absl_btree_set,1,com-orkut.ungraph,wBFS_unweighted,7,1.1e-05,4.011356
run_absl_btree_set,1,com-orkut.ungraph,wBFS_unweighted,8,1e-05,3.796682
run_absl_btree_set,1,com-orkut.ungraph,wBFS_unweighted,9,2.4e-05,3.759118
run_absl_btree_set,1,soc-LiveJournal1,BFS,0,4e-06,0.015679
run_absl_btree_set,1,soc-LiveJournal1,BFS,1,9e-06,0.011873
run_absl_btree_set,1,soc-LiveJournal1,BFS,2,8e-06,0.011531
run_absl_btree_set,1,soc-LiveJournal1,BFS,3,8e-06,0.01146
run_absl_btree_set,1,soc-LiveJournal1,BFS,4,1e-05,0.011537
run_absl_btree_set,1,soc-LiveJournal1,BFS,5,9e-06,0.011584
run_absl_btree_set,1,soc-LiveJournal1,BFS,6,1e-05,0.011615
run_absl_btree_set,1,soc-LiveJournal1,BFS,7,9e-06,0.011633
run_absl_btree_set,1,soc-LiveJournal1,BFS,8,7e-06,0.011776
run_absl_btree_set,1,soc-LiveJournal1,BFS,9,1.1e-05,0.011383
run_absl_btree_set,1,soc-LiveJournal1,LabelPropagation,0,6e-06,0.033909
run_absl_btree_set,1,soc-LiveJournal1,LabelPropagation,1,1e-05,0.02698
run_absl_btree_set,1,soc-LiveJournal1,LabelPropagation,2,8e-06,0.027505
run_absl_btree_set,1,soc-LiveJournal1,LabelPropagation,3,9e-06,0.02743
run_absl_btree_set,1,soc-LiveJournal1,LabelPropagation,4,1.1e-05,0.02714
run_absl_btree_set,1,soc-LiveJournal1,LabelPropagation,5,1.1e-05,0.02747
run_absl_btree_set,1,soc-LiveJournal1,LabelPropagation,6,1.2e-05,0.027307
run_absl_btree_set,1,soc-LiveJournal1,LabelPropagation,7,1e-05,0.02699
run_absl_btree_set,1,soc-LiveJournal1,LabelPropagation,8,1.2e-05,0.027568
run_absl_btree_set,1,soc-LiveJournal1,LabelPropagation,9,1.1e-05,0.027645
run_absl_btree_set,1,soc-LiveJournal1,PageRank,0,6e-06,0.19078
run_absl_btree_set,1,soc-LiveJournal1,PageRank,1,1e-05,0.186953
run_absl_btree_set,1,soc-LiveJournal1,PageRank,2,9e-06,0.191875
run_absl_btree_set,1,soc-LiveJournal1,PageRank,3,1.1e-05,0.198651
run_absl_btree_set,1,soc-LiveJournal1,PageRank,4,1.2e-05,0.191476
run_absl_btree_set,1,soc-LiveJournal1,PageRank,5,1.4e-05,0.188926
run_absl_btree_set,1,soc-LiveJournal1,PageRank,6,1.2e-05,0.2061
run_absl_btree_set,1,soc-LiveJournal1,PageRank,7,1.4e-05,0.205519
run_absl_btree_set,1,soc-LiveJournal1,PageRank,8,1.4e-05,0.197589
run_absl_btree_set,1,soc-LiveJournal1,PageRank,9,1.3e-05,0.194832
run_absl_btree_set,1,soc-LiveJournal1,wBFS_unweighted,0,6e-06,5.024059
run_absl_btree_set,1,soc-LiveJournal1,wBFS_unweighted,1,1e-05,4.998209
run_absl_btree_set,1,soc-LiveJournal1,wBFS_unweighted,2,1.1e-05,5.327012
run_absl_btree_set,1,soc-LiveJournal1,wBFS_unweighted,3,3.6e-05,5.085266
run_absl_btree_set,1,soc-LiveJournal1,wBFS_unweighted,4,1.3e-05,5.031569
run_absl_btree_set,1,soc-LiveJournal1,wBFS_unweighted,5,9e-06,5.273181
run_absl_btree_set,1,soc-LiveJournal1,wBFS_unweighted,6,9e-06,5.133624
run_absl_btree_set,1,soc-LiveJournal1,wBFS_unweighted,7,1.2e-05,5.07591
run_absl_btree_set,1,soc-LiveJournal1,wBFS_unweighted,8,9e-06,4.946294
run_absl_btree_set,1,soc-LiveJournal1,wBFS_unweighted,9,1.1e-05,5.214824
run_absl_btree_set,1,twitter-unique-undir,BFS,0,5.8e-05,0.226024
run_absl_btree_set,1,twitter-unique-undir,BFS,1,1.3e-05,0.096577
run_absl_btree_set,1,twitter-unique-undir,BFS,2,9e-06,0.094749
run_absl_btree_set,1,twitter-unique-undir,BFS,3,1.4e-05,0.096612
run_absl_btree_set,1,twitter-unique-undir,BFS,4,1e-05,0.096854
run_absl_btree_set,1,twitter-unique-undir,BFS,5,1.1e-05,0.095222
run_absl_btree_set,1,twitter-unique-undir,BFS,6,1.2e-05,0.096332
run_absl_btree_set,1,twitter-unique-undir,BFS,7,1.2e-05,0.094708
run_absl_btree_set,1,twitter-unique-undir,BFS,8,1.1e-05,0.098663
run_absl_btree_set,1,twitter-unique-undir,BFS,9,1e-05,0.094953
run_absl_btree_set,1,twitter-unique-undir,LabelPropagation,0,2.7e-05,1.39427
run_absl_btree_set,1,twitter-unique-undir,LabelPropagation,1,1.2e-05,1.218121
run_absl_btree_set,1,twitter-unique-undir,LabelPropagation,2,1.2e-05,1.233868
run_absl_btree_set,1,twitter-unique-undir,LabelPropagation,3,1.3e-05,1.219923
run_absl_btree_set,1,twitter-unique-undir,LabelPropagation,4,1.2e-05,1.23498
run_absl_btree_set,1,twitter-unique-undir,LabelPropagation,5,9e-06,1.205559
run_absl_btree_set,1,twitter-unique-undir,LabelPropagation,6,1.1e-05,1.212209
run_absl_btree_set,1,twitter-unique-undir,LabelPropagation,7,1e-05,1.212973
run_absl_btree_set,1,twitter-unique-undir,LabelPropagation,8,1e-05,1.225546
run_absl_btree_set,1,twitter-unique-undir,LabelPropagation,9,1.2e-05,1.217221
run_absl_btree_set,1,twitter-unique-undir,PageRank,0,1.7e-05,8.141412
run_absl_btree_set,1,twitter-unique-undir,PageRank,1,1.2e-05,7.482179
run_absl_btree_set,1,twitter-unique-undir,PageRank,2,1e-05,7.415123
run_absl_btree_set,1,twitter-unique-undir,PageRank,3,1.1e-05,7.396985
run_absl_btree_set,1,twitter-unique-undir,PageRank,4,1.5e-05,7.391609
run_absl_btree_set,1,twitter-unique-undir,PageRank,5,1.2e-05,7.630489
run_absl_btree_set,1,twitter-unique-undir,PageRank,6,1.5e-05,8.311911
run_absl_btree_set,1,twitter-unique-undir,PageRank,7,1.1e-05,7.240648
run_absl_btree_set,1,twitter-unique-undir,PageRank,8,1.5e-05,6.856081
run_absl_btree_set,1,twitter-unique-undir,PageRank,9,1.2e-05,6.805748
run_absl_btree_set,1,twitter-unique-undir,wBFS_unweighted,0,1e-05,31.370178
run_absl_btree_set,1,twitter-unique-undir,wBFS_unweighted,1,1.4e-05,29.45339
run_absl_btree_set,1,twitter-unique-undir,wBFS_unweighted,2,1.1e-05,29.58388
run_absl_btree_set,1,twitter-unique-undir,wBFS_unweighted,3,1.1e-05,29.17488
run_absl_btree_set,1,twitter-unique-undir,wBFS_unweighted,4,1.1e-05,29.49603
run_absl_btree_set,1,twitter-unique-undir,wBFS_unweighted,5,1e-05,29.981596
run_absl_btree_set,1,twitter-unique-undir,wBFS_unweighted,6,1.4e-05,29.285706
run_absl_btree_set,1,twitter-unique-undir,wBFS_unweighted,7,1e-05,29.717256
run_absl_btree_set,1,twitter-unique-undir,wBFS_unweighted,8,1.2e-05,31.199112
run_absl_btree_set,1,twitter-unique-undir,wBFS_unweighted,9,1.1e-05,30.699625
run_absl_btree_set,10,cit-Patents,BFS,0,2.3e-05,0.015642
run_absl_btree_set,10,cit-Patents,BFS,1,2.5e-05,0.011842
run_absl_btree_set,10,cit-Patents,BFS,2,2.8e-05,0.011872
run_absl_btree_set,10,cit-Patents,BFS,3,2.6e-05,0.011883
run_absl_btree_set,10,cit-Patents,BFS,4,2.7e-05,0.011853
run_absl_btree_set,10,cit-Patents,BFS,5,2.7e-05,0.011828
run_absl_btree_set,10,cit-Patents,BFS,6,2.6e-05,0.01185
run_absl_btree_set,10,cit-Patents,BFS,7,2.6e-05,0.011826
run_absl_btree_set,10,cit-Patents,BFS,8,2.6e-05,0.011836
run_absl_btree_set,10,cit-Patents,BFS,9,2.6e-05,0.011855
run_absl_btree_set,10,cit-Patents,LabelPropagation,0,2.3e-05,0.031484
run_absl_btree_set,10,cit-Patents,LabelPropagation,1,3.7e-05,0.029197
run_absl_btree_set,10,cit-Patents,LabelPropagation,2,5.5e-05,0.02932
run_absl_btree_set,10,cit-Patents,LabelPropagation,3,3.7e-05,0.031056
run_absl_btree_set,10,cit-Patents,LabelPropagation,4,3.7e-05,0.030013
run_absl_btree_set,10,cit-Patents,LabelPropagation,5,3.8e-05,0.030146
run_absl_btree_set,10,cit-Patents,LabelPropagation,6,4.3e-05,0.02984
run_absl_btree_set,10,cit-Patents,LabelPropagation,7,2.9e-05,0.02986
run_absl_btree_set,10,cit-Patents,LabelPropagation,8,2.4e-05,0.030211
run_absl_btree_set,10,cit-Patents,LabelPropagation,9,3.8e-05,0.02965
run_absl_btree_set,10,cit-Patents,PageRank,0,2.9e-05,0.167397
run_absl_btree_set,10,cit-Patents,PageRank,1,4.8e-05,0.166623
run_absl_btree_set,10,cit-Patents,PageRank,2,5.4e-05,0.165205
run_absl_btree_set,10,cit-Patents,PageRank,3,5.1e-05,0.175204
run_absl_btree_set,10,cit-Patents,PageRank,4,5.2e-05,0.176114
run_absl_btree_set,10,cit-Patents,PageRank,5,4.5e-05,0.173314
run_absl_btree_set,10,cit-Patents,PageRank,6,0.000353,0.176262
run_absl_btree_set,10,cit-Patents,PageRank,7,5.3e-05,0.170625
run_absl_btree_set,10,cit-Patents,PageRank,8,6.4e-05,0.176127
run_absl_btree_set,10,cit-Patents,PageRank,9,4.7e-05,0.171923
run_absl_btree_set,10,cit-Patents,wBFS_unweighted,0,2e-05,5.327094
run_absl_btree_set,10,cit-Patents,wBFS_unweighted,1,3.3e-05,5.236981
run_absl_btree_set,10,cit-Patents,wBFS_unweighted,2,3.2e-05,5.329186
run_absl_btree_set,10,cit-Patents,wBFS_unweighted,3,3.1e-05,5.366496
run_absl_btree_set,10,cit-Patents,wBFS_unweighted,4,4e-05,5.310941
run_absl_btree_set,10,cit-Patents,wBFS_unweighted,5,3.4e-05,5.25698
run_absl_btree_set,10,cit-Patents,wBFS_unweighted,6,3.1e-05,5.245981
run_absl_btree_set,10,cit-Patents,wBFS_unweighted,7,3.2e-05,5.251497
run_absl_btree_set,10,cit-Patents,wBFS_unweighted,8,3.1e-05,5.278196
run_absl_btree_set,10,cit-Patents,wBFS_unweighted,9,3.3e-05,5.372993
run_absl_btree_set,10,com-friendster,BFS,0,3.8e-05,3.174095
run_absl_btree_set,10,com-friendster,BFS,1,3e-05,2.605992
run_absl_btree_set,10,com-friendster,BFS,2,2.9e-05,2.620893
run_absl_btree_set,10,com-friendster,BFS,3,3.5e-05,2.601818
run_absl_btree_set,10,com-friendster,BFS,4,3.1e-05,2.592854
run_absl_btree_set,10,com-friendster,BFS,5,2.8e-05,2.583278
run_absl_btree_set,10,com-friendster,BFS,6,2.8e-05,2.558149
run_absl_btree_set,10,com-friendster,BFS,7,3e-05,2.554112
run_absl_btree_set,10,com-friendster,BFS,8,2.7e-05,2.552909
run_absl_btree_set,10,com-friendster,BFS,9,3e-05,2.54855
run_absl_btree_set,10,com-friendster,LabelPropagation,0,5e-05,5.550553
run_absl_btree_set,10,com-friendster,LabelPropagation,1,6.4e-05,4.764939
run_absl_btree_set,10,com-friendster,LabelPropagation,2,6.9e-05,4.727803
run_absl_btree_set,10,com-friendster,LabelPropagation,3,4.2e-05,4.798719
run_absl_btree_set,10,com-friendster,LabelPropagation,4,5.3e-05,4.700192
run_absl_btree_set,10,com-friendster,LabelPropagation,5,5.3e-05,4.819914
run_absl_btree_set,10,com-friendster,LabelPropagation,6,4.4e-05,4.555015
run_absl_btree_set,10,com-friendster,LabelPropagation,7,3.9e-05,4.722668
run_absl_btree_set,10,com-friendster,LabelPropagation,8,6.8e-05,4.61113
run_absl_btree_set,10,com-friendster,LabelPropagation,9,8.8e-05,4.696557
run_absl_btree_set,10,com-friendster,PageRank,0,2.5e-05,23.010387
run_absl_btree_set,10,com-friendster,PageRank,1,3.9e-05,24.218139
run_absl_btree_set,10,com-friendster,PageRank,2,4.1e-05,22.276476
run_absl_btree_set,10,com-friendster,PageRank,3,4.7e-05,21.388957
run_absl_btree_set,10,com-friendster,PageRank,4,4.5e-05,20.23344
run_absl_btree_set,10,com-friendster,PageRank,5,3.9e-05,20.127377
run_absl_btree_set,10,com-friendster,PageRank,6,6.7e-05,21.526273
run_absl_btree_set,10,com-friendster,PageRank,7,3.8e-05,21.027939
run_absl_btree_set,10,com-friendster,PageRank,8,4.4e-05,18.703454
run_absl_btree_set,10,com-friendster,PageRank,9,4.2e-05,19.211295
run_absl_btree_set,10,com-friendster,wBFS_unweighted,0,2.7e-05,47.9812
run_absl_btree_set,10,com-friendster,wBFS_unweighted,1,3.8e-05,45.976028
run_absl_btree_set,10,com-friendster,wBFS_unweighted,2,4.2e-05,45.909149
run_absl_btree_set,10,com-friendster,wBFS_unweighted,3,3.7e-05,44.879396
run_absl_btree_set,10,com-friendster,wBFS_unweighted,4,4.4e-05,44.500389
run_absl_btree_set,10,com-friendster,wBFS_unweighted,5,3.2e-05,44.534755
run_absl_btree_set,10,com-friendster,wBFS_unweighted,6,3.2e-05,44.52528
run_absl_btree_set,10,com-friendster,wBFS_unweighted,7,3.3e-05,44.082997
run_absl_btree_set,10,com-friendster,wBFS_unweighted,8,3.5e-05,44.462946
run_absl_btree_set,10,com-friendster,wBFS_unweighted,9,3.3e-05,44.177064
run_absl_btree_set,10,com-orkut.ungraph,BFS,0,1.6e-05,0.014095
run_absl_btree_set,10,com-orkut.ungraph,BFS,1,2.1e-05,0.00956
run_absl_btree_set,10,com-orkut.ungraph,BFS,2,1.8e-05,0.006154
run_absl_btree_set,10,com-orkut.ungraph,BFS,3,1.8e-05,0.006287
run_absl_btree_set,10,com-orkut.ungraph,BFS,4,1.9e-05,0.005952
run_absl_btree_set,10,com-orkut.ungraph,BFS,5,2e-05,0.006114
run_absl_btree_set,10,com-orkut.ungraph,BFS,6,2.1e-05,0.006095
run_absl_btree_set,10,com-orkut.ungraph,BFS,7,1.9e-05,0.005932
run_absl_btree_set,10,com-orkut.ungraph,BFS,8,2e-05,0.006056
run_absl_btree_set,10,com-orkut.ungraph,BFS,9,2.1e-05,0.006018
run_absl_btree_set,10,com-orkut.ungraph,LabelPropagation,0,2.2e-05,0.048324
run_absl_btree_set,10,com-orkut.ungraph,LabelPropagation,1,3.4e-05,0.048838
run_absl_btree_set,10,com-orkut.ungraph,LabelPropagation,2,4.4e-05,0.048025
run_absl_btree_set,10,com-orkut.ungraph,LabelPropagation,3,4.7e-05,0.050861
run_absl_btree_set,10,com-orkut.ungraph,LabelPropagation,4,3.2e-05,0.046879
run_absl_btree_set,10,com-orkut.ungraph,LabelPropagation,5,4.4e-05,0.046715
run_absl_btree_set,10,com-orkut.ungraph,LabelPropagation,6,5.3e-05,0.046632
run_absl_btree_set,10,com-orkut.ungraph,LabelPropagation,7,3.3e-05,0.046674
run_absl_btree_set,10,com-orkut.ungraph,LabelPropagation,8,3.1e-05,0.046675
run_absl_btree_set,10,com-orkut.ungraph,LabelPropagation,9,4.6e-05,0.04603
run_absl_btree_set,10,com-orkut.ungraph,PageRank,0,2.4e-05,0.351914
run_absl_btree_set,10,com-orkut.ungraph,PageRank,1,2.9e-05,0.339054
run_absl_btree_set,10,com-orkut.ungraph,PageRank,2,2.8e-05,0.344937
run_absl_btree_set,10,com-orkut.ungraph,PageRank,3,3.5e-05,0.349092
run_absl_btree_set,10,com-orkut.ungraph,PageRank,4,3.3e-05,0.336451
run_absl_btree_set,10,com-orkut.ungraph,PageRank,5,2.9e-05,0.317587
run_absl_btree_set,10,com-orkut.ungraph,PageRank,6,3.6e-05,0.338648
run_absl_btree_set,10,com-orkut.ungraph,PageRank,7,3.1e-05,0.336982
run_absl_btree_set,10,com-orkut.ungraph,PageRank,8,3.3e-05,0.343131
run_absl_btree_set,10,com-orkut.ungraph,PageRank,9,3.5e-05,0.316503
run_absl_btree_set,10,com-orkut.ungraph,wBFS_unweighted,0,2.7e-05,3.892118
run_absl_btree_set,10,com-orkut.ungraph,wBFS_unweighted,1,3.4e-05,3.722492
run_absl_btree_set,10,com-orkut.ungraph,wBFS_unweighted,2,5e-05,3.67318
run_absl_btree_set,10,com-orkut.ungraph,wBFS_unweighted,3,3.7e-05,3.711117
run_absl_btree_set,10,com-orkut.ungraph,wBFS_unweighted,4,5.6e-05,3.689202
run_absl_btree_set,10,com-orkut.ungraph,wBFS_unweighted,5,3.5e-05,3.647604
run_absl_btree_set,10,com-orkut.ungraph,wBFS_unweighted,6,6.2e-05,3.683497
run_absl_btree_set,10,com-orkut.ungraph,wBFS_unweighted,7,3.6e-05,3.745234
run_absl_btree_set,10,com-orkut.ungraph,wBFS_unweighted,8,0.000334,3.891766
run_absl_btree_set,10,com-orkut.ungraph,wBFS_unweighted,9,3.2e-05,3.686845
run_absl_btree_set,10,soc-LiveJournal1,BFS,0,2.2e-05,0.015735
run_absl_btree_set,10,soc-LiveJournal1,BFS,1,2.1e-05,0.008807
run_absl_btree_set,10,soc-LiveJournal1,BFS,2,2.2e-05,0.008726
run_absl_btree_set,10,soc-LiveJournal1,BFS,3,2.2e-05,0.008828
run_absl_btree_set,10,soc-LiveJournal1,BFS,4,2.2e-05,0.008664
run_absl_btree_set,10,soc-LiveJournal1,BFS,5,2.6e-05,0.008911
run_absl_btree_set,10,soc-LiveJournal1,BFS,6,2.4e-05,0.008668
run_absl_btree_set,10,soc-LiveJournal1,BFS,7,2.3e-05,0.008858
run_absl_btree_set,10,soc-LiveJournal1,BFS,8,2.7e-05,0.008802
run_absl_btree_set,10,soc-LiveJournal1,BFS,9,2.4e-05,0.008761
run_absl_btree_set,10,soc-LiveJournal1,LabelPropagation,0,3.2e-05,0.031596
run_absl_btree_set,10,soc-LiveJournal1,LabelPropagation,1,4.9e-05,0.028912
run_absl_btree_set,10,soc-LiveJournal1,LabelPropagation,2,4.4e-05,0.028985
run_absl_btree_set,10,soc-LiveJournal1,LabelPropagation,3,4e-05,0.028555
run_absl_btree_set,10,soc-LiveJournal1,LabelPropagation,4,3.7e-05,0.028551
run_absl_btree_set,10,soc-LiveJournal1,LabelPropagation,5,3.4e-05,0.029628
run_absl_btree_set,10,soc-LiveJournal1,LabelPropagation,6,2.9e-05,0.028646
run_absl_btree_set,10,soc-LiveJournal1,LabelPropagation,7,4.5e-05,0.028345
run_absl_btree_set,10,soc-LiveJournal1,LabelPropagation,8,3.4e-05,0.028506
run_absl_btree_set,10,soc-LiveJournal1,LabelPropagation,9,4.4e-05,0.028703
run_absl_btree_set,10,soc-LiveJournal1,PageRank,0,2e-05,0.222248
run_absl_btree_set,10,soc-LiveJournal1,PageRank,1,3.7e-05,0.225384
run_absl_btree_set,10,soc-LiveJournal1,PageRank,2,3.7e-05,0.221641
run_absl_btree_set,10,soc-LiveJournal1,PageRank,3,3.1e-05,0.225271
run_absl_btree_set,10,soc-LiveJournal1,PageRank,4,3.3e-05,0.22442
run_absl_btree_set,10,soc-LiveJournal1,PageRank,5,3.2e-05,0.230405
run_absl_btree_set,10,soc-LiveJournal1,PageRank,6,3.4e-05,0.223801
run_absl_btree_set,10,soc-LiveJournal1,PageRank,7,3.7e-05,0.197515
run_absl_btree_set,10,soc-LiveJournal1,PageRank,8,3.5e-05,0.220085
run_absl_btree_set,10,soc-LiveJournal1,PageRank,9,3.1e-05,0.211427
run_absl_btree_set,10,soc-LiveJournal1,wBFS_unweighted,0,1.6e-05,5.316461
run_absl_btree_set,10,soc-LiveJournal1,wBFS_unweighted,1,3.3e-05,5.242854
run_absl_btree_set,10,soc-LiveJournal1,wBFS_unweighted,2,3.5e-05,5.23777
run_absl_btree_set,10,soc-LiveJournal1,wBFS_unweighted,3,4.6e-05,5.592193
run_absl_btree_set,10,soc-LiveJournal1,wBFS_unweighted,4,0.000202,5.413734
run_absl_btree_set,10,soc-LiveJournal1,wBFS_unweighted,5,3.1e-05,5.386475
run_absl_btree_set,10,soc-LiveJournal1,wBFS_unweighted,6,2.8e-05,5.179263
run_absl_btree_set,10,soc-LiveJournal1,wBFS_unweighted,7,3.5e-05,5.147473
run_absl_btree_set,10,soc-LiveJournal1,wBFS_unweighted,8,3e-05,5.245909
run_absl_btree_set,10,soc-LiveJournal1,wBFS_unweighted,9,2.9e-05,5.165746
run_absl_btree_set,10,twitter-unique-undir,BFS,0,7.4e-05,0.255518
run_absl_btree_set,10,twitter-unique-undir,BFS,1,5.4e-05,0.109315
run_absl_btree_set,10,twitter-unique-undir,BFS,2,6.2e-05,0.106169
run_absl_btree_set,10,twitter-unique-undir,BFS,3,6e-05,0.103562
run_absl_btree_set,10,twitter-unique-undir,BFS,4,5.5e-05,0.105805
run_absl_btree_set,10,twitter-unique-undir,BFS,5,0.000134,0.10573
run_absl_btree_set,10,twitter-unique-undir,BFS,6,0.000151,0.104564
run_absl_btree_set,10,twitter-unique-undir,BFS,7,0.000151,0.105213
run_absl_btree_set,10,twitter-unique-undir,BFS,8,0.000271,0.105257
run_absl_btree_set,10,twitter-unique-undir,BFS,9,9.7e-05,0.103172
run_absl_btree_set,10,twitter-unique-undir,LabelPropagation,0,0.000119,1.285691
run_absl_btree_set,10,twitter-unique-undir,LabelPropagation,1,5.3e-05,1.118683
run_absl_btree_set,10,twitter-unique-undir,LabelPropagation,2,6.6e-05,1.13742
run_absl_btree_set,10,twitter-unique-undir,LabelPropagation,3,5.3e-05,1.12894
run_absl_btree_set,10,twitter-unique-undir,LabelPropagation,4,6.5e-05,1.123074
run_absl_btree_set,10,twitter-unique-undir,LabelPropagation,5,6.4e-05,1.133365
run_absl_btree_set,10,twitter-unique-undir,LabelPropagation,6,7.2e-05,1.129997
run_absl_btree_set,10,twitter-unique-undir,LabelPropagation,7,9.1e-05,1.119951
run_absl_btree_set,10,twitter-unique-undir,LabelPropagation,8,0.00012,1.119612
run_absl_btree_set,10,twitter-unique-undir,LabelPropagation,9,6.8e-05,1.113204
run_absl_btree_set,10,twitter-unique-undir,PageRank,0,4.4e-05,8.916272
run_absl_btree_set,10,twitter-unique-undir,PageRank,1,4.7e-05,8.287978
run_absl_btree_set,10,twitter-unique-undir,PageRank,2,5.8e-05,8.046834
run_absl_btree_set,10,twitter-unique-undir,PageRank,3,5.9e-05,7.999395
run_absl_btree_set,10,twitter-unique-undir,PageRank,4,4.1e-05,7.890824
run_absl_btree_set,10,twitter-unique-undir,PageRank,5,6.9e-05,7.711847
run_absl_btree_set,10,twitter-unique-undir,PageRank,6,5.8e-05,7.70881
run_absl_btree_set,10,twitter-unique-undir,PageRank,7,0.000143,9.480747
run_absl_btree_set,10,twitter-unique-undir,PageRank,8,6.3e-05,9.746593
run_absl_btree_set,10,twitter-unique-undir,PageRank,9,5.1e-05,9.853313
run_absl_btree_set,10,twitter-unique-undir,wBFS_unweighted,0,4.1e-05,33.942975
run_absl_btree_set,10,twitter-unique-undir,wBFS_unweighted,1,4.5e-05,33.078375
run_absl_btree_set,10,twitter-unique-undir,wBFS_unweighted,2,4.8e-05,33.205169
run_absl_btree_set,10,twitter-unique-undir,wBFS_unweighted,3,4.4e-05,32.813262
run_absl_btree_set,10,twitter-unique-undir,wBFS_unweighted,4,5.3e-05,33.64564
run_absl_btree_set,10,twitter-unique-undir,wBFS_unweighted,5,5e-05,33.765015
run_absl_btree_set,10,twitter-unique-undir,wBFS_unweighted,6,4.6e-05,33.857514
run_absl_btree_set,10,twitter-unique-undir,wBFS_unweighted,7,6.2e-05,33.005936
run_absl_btree_set,10,twitter-unique-undir,wBFS_unweighted,8,6.2e-05,33.143176
run_absl_btree_set,10,twitter-unique-undir,wBFS_unweighted,9,5.1e-05,32.824477
run_absl_btree_set,100,cit-Patents,BFS,0,2.7e-05,0.017214
run_absl_btree_set,100,cit-Patents,BFS,1,3.2e-05,0.011023
run_absl_btree_set,100,cit-Patents,BFS,2,3.6e-05,0.010922
run_absl_btree_set,100,cit-Patents,BFS,3,3.7e-05,0.01092
run_absl_btree_set,100,cit-Patents,BFS,4,3.4e-05,0.010875
run_absl_btree_set,100,cit-Patents,BFS,5,3.3e-05,0.011497
run_absl_btree_set,100,cit-Patents,BFS,6,3.3e-05,0.01206
run_absl_btree_set,100,cit-Patents,BFS,7,3.6e-05,0.011031
run_absl_btree_set,100,cit-Patents,BFS,8,3.6e-05,0.010866
run_absl_btree_set,100,cit-Patents,BFS,9,3.3e-05,0.010929
run_absl_btree_set,100,cit-Patents,LabelPropagation,0,2.8e-05,0.024335
run_absl_btree_set,100,cit-Patents,LabelPropagation,1,4.2e-05,0.022629
run_absl_btree_set,100,cit-Patents,LabelPropagation,2,4.4e-05,0.023445
run_absl_btree_set,100,cit-Patents,LabelPropagation,3,4.2e-05,0.023101
run_absl_btree_set,100,cit-Patents,LabelPropagation,4,4.6e-05,0.023169
run_absl_btree_set,100,cit-Patents,LabelPropagation,5,4.4e-05,0.023332
run_absl_btree_set,100,cit-Patents,LabelPropagation,6,4.3e-05,0.022884
run_absl_btree_set,100,cit-Patents,LabelPropagation,7,3.9e-05,0.02317
run_absl_btree_set,100,cit-Patents,LabelPropagation,8,3.9e-05,0.023237
run_absl_btree_set,100,cit-Patents,LabelPropagation,9,4.5e-05,0.022833
run_absl_btree_set,100,cit-Patents,PageRank,0,2.6e-05,0.168825
run_absl_btree_set,100,cit-Patents,PageRank,1,3.6e-05,0.17114
run_absl_btree_set,100,cit-Patents,PageRank,2,4.2e-05,0.180449
run_absl_btree_set,100,cit-Patents,PageRank,3,4.1e-05,0.191936
run_absl_btree_set,100,cit-Patents,PageRank,4,4.6e-05,0.182745
run_absl_btree_set,100,cit-Patents,PageRank,5,4.1e-05,0.175375
run_absl_btree_set,100,cit-Patents,PageRank,6,4.4e-05,0.169031
run_absl_btree_set,100,cit-Patents,PageRank,7,4.6e-05,0.17319
run_absl_btree_set,100,cit-Patents,PageRank,8,4.3e-05,0.173187
run_absl_btree_set,100,cit-Patents,PageRank,9,7.4e-05,0.161251
run_absl_btree_set,100,cit-Patents,wBFS_unweighted,0,2.6e-05,5.403326
run_absl_btree_set,100,cit-Patents,wBFS_unweighted,1,4.8e-05,5.348522
run_absl_btree_set,100,cit-Patents,wBFS_unweighted,2,6.3e-05,5.870868
run_absl_btree_set,100,cit-Patents,wBFS_unweighted,3,5.2e-05,5.467103
run_absl_btree_set,100,cit-Patents,wBFS_unweighted,4,0.000234,5.338042
run_absl_btree_set,100,cit-Patents,wBFS_unweighted,5,0.000434,5.369191
run_absl_btree_set,100,cit-Patents,wBFS_unweighted,6,4.4e-05,5.349848
run_absl_btree_set,100,cit-Patents,wBFS_unweighted,7,6e-05,5.387189
run_absl_btree_set,100,cit-Patents,wBFS_unweighted,8,4.6e-05,5.42262
run_absl_btree_set,100,cit-Patents,wBFS_unweighted,9,4.6e-05,5.410986
run_absl_btree_set,100,com-friendster,BFS,0,0.000121,4.676824
run_absl_btree_set,100,com-friendster,BFS,1,4e-05,2.124013
run_absl_btree_set,100,com-friendster,BFS,2,4.6e-05,2.111033
run_absl_btree_set,100,com-friendster,BFS,3,4.3e-05,2.140945
run_absl_btree_set,100,com-friendster,BFS,4,5.3e-05,2.134144
run_absl_btree_set,100,com-friendster,BFS,5,4.8e-05,2.103739
run_absl_btree_set,100,com-friendster,BFS,6,4.4e-05,2.120572
run_absl_btree_set,100,com-friendster,BFS,7,4.3e-05,2.099037
run_absl_btree_set,100,com-friendster,BFS,8,4.4e-05,2.085631
run_absl_btree_set,100,com-friendster,BFS,9,4.6e-05,2.094215
run_absl_btree_set,100,com-friendster,LabelPropagation,0,3e-05,6.042943
run_absl_btree_set,100,com-friendster,LabelPropagation,1,5.9e-05,5.228514
run_absl_btree_set,100,com-friendster,LabelPropagation,2,4.1e-05,5.225611
run_absl_btree_set,100,com-friendster,LabelPropagation,3,8e-05,5.178061
run_absl_btree_set,100,com-friendster,LabelPropagation,4,5.6e-05,5.24408
run_absl_btree_set,100,com-friendster,LabelPropagation,5,5.3e-05,5.040205
run_absl_btree_set,100,com-friendster,LabelPropagation,6,8.8e-05,5.156758
run_absl_btree_set,100,com-friendster,LabelPropagation,7,9.2e-05,5.106445
run_absl_btree_set,100,com-friendster,LabelPropagation,8,7.3e-05,5.049913
run_absl_btree_set,100,com-friendster,LabelPropagation,9,6.9e-05,5.046317
run_absl_btree_set,100,com-friendster,PageRank,0,3.3e-05,56.20886
run_absl_btree_set,100,com-friendster,PageRank,1,5.5e-05,67.395234
run_absl_btree_set,100,com-friendster,PageRank,2,5e-05,84.713095
run_absl_btree_set,100,com-friendster,PageRank,3,5.3e-05,81.488783
run_absl_btree_set,100,com-friendster,PageRank,4,5.3e-05,91.46073
run_absl_btree_set,100,com-friendster,PageRank,5,6.2e-05,80.798278
run_absl_btree_set,100,com-friendster,PageRank,6,5.1e-05,65.485343
run_absl_btree_set,100,com-friendster,PageRank,7,5.8e-05,70.887939
run_absl_btree_set,100,com-friendster,PageRank,8,4.7e-05,71.13287
run_absl_btree_set,100,com-friendster,PageRank,9,5.8e-05,40.036976
run_absl_btree_set,100,com-friendster,wBFS_unweighted,0,3.2e-05,48.673362
run_absl_btree_set,100,com-friendster,wBFS_unweighted,1,4.8e-05,49.000395
run_absl_btree_set,100,com-friendster,wBFS_unweighted,2,4.8e-05,48.032404
run_absl_btree_set,100,com-friendster,wBFS_unweighted,3,5.3e-05,48.647455
run_absl_btree_set,100,com-friendster,wBFS_unweighted,4,4.4e-05,49.131802
run_absl_btree_set,100,com-friendster,wBFS_unweighted,5,5e-05,49.119383
run_absl_btree_set,100,com-friendster,wBFS_unweighted,6,4.1e-05,49.690954
run_absl_btree_set,100,com-friendster,wBFS_unweighted,7,5.1e-05,49.051491
run_absl_btree_set,100,com-friendster,wBFS_unweighted,8,4.7e-05,48.858608
run_absl_btree_set,100,com-friendster,wBFS_unweighted,9,0.00034,49.169075
run_absl_btree_set,100,com-orkut.ungraph,BFS,0,5e-05,0.038563
run_absl_btree_set,100,com-orkut.ungraph,BFS,1,3.5e-05,0.007299
run_absl_btree_set,100,com-orkut.ungraph,BFS,2,5.6e-05,0.006894
run_absl_btree_set,100,com-orkut.ungraph,BFS,3,4.1e-05,0.006645
run_absl_btree_set,100,com-orkut.ungraph,BFS,4,3.9e-05,0.00766
run_absl_btree_set,100,com-orkut.ungraph,BFS,5,4.4e-05,0.006821
run_absl_btree_set,100,com-orkut.ungraph,BFS,6,3.6e-05,0.006802
run_absl_btree_set,100,com-orkut.ungraph,BFS,7,4.2e-05,0.006754
run_absl_btree_set,100,com-orkut.ungraph,BFS,8,3.6e-05,0.007014
run_absl_btree_set,100,com-orkut.ungraph,BFS,9,3.7e-05,0.006789
run_absl_btree_set,100,com-orkut.ungraph,LabelPropagation,0,3e-05,0.050448
run_absl_btree_set,100,com-orkut.ungraph,LabelPropagation,1,4.5e-05,0.039379
run_absl_btree_set,100,com-orkut.ungraph,LabelPropagation,2,3.8e-05,0.039445
run_absl_btree_set,100,com-orkut.ungraph,LabelPropagation,3,3.8e-05,0.039862
run_absl_btree_set,100,com-orkut.ungraph,LabelPropagation,4,4.9e-05,0.039904
run_absl_btree_set,100,com-orkut.ungraph,LabelPropagation,5,5.3e-05,0.039304
run_absl_btree_set,100,com-orkut.ungraph,LabelPropagation,6,3.9e-05,0.039663
run_absl_btree_set,100,com-orkut.ungraph,LabelPropagation,7,4.8e-05,0.039115
run_absl_btree_set,100,com-orkut.ungraph,LabelPropagation,8,4.1e-05,0.039606
run_absl_btree_set,100,com-orkut.ungraph,LabelPropagation,9,5.3e-05,0.040152
run_absl_btree_set,100,com-orkut.ungraph,PageRank,0,3.4e-05,0.322536
run_absl_btree_set,100,com-orkut.ungraph,PageRank,1,4e-05,0.304834
run_absl_btree_set,100,com-orkut.ungraph,PageRank,2,4.1e-05,0.303342
run_absl_btree_set,100,com-orkut.ungraph,PageRank,3,3.6e-05,0.3127
run_absl_btree_set,100,com-orkut.ungraph,PageRank,4,4e-05,0.310522
run_absl_btree_set,100,com-orkut.ungraph,PageRank,5,4.7e-05,0.311385
run_absl_btree_set,100,com-orkut.ungraph,PageRank,6,4.9e-05,0.311709
run_absl_btree_set,100,com-orkut.ungraph,PageRank,7,5.3e-05,0.311083
run_absl_btree_set,100,com-orkut.ungraph,PageRank,8,5e-05,0.314696
run_absl_btree_set,100,com-orkut.ungraph,PageRank,9,5.4e-05,0.31131
run_absl_btree_set,100,com-orkut.ungraph,wBFS_unweighted,0,3.2e-05,3.868984
run_absl_btree_set,100,com-orkut.ungraph,wBFS_unweighted,1,4.1e-05,3.74054
run_absl_btree_set,100,com-orkut.ungraph,wBFS_unweighted,2,4e-05,3.658814
run_absl_btree_set,100,com-orkut.ungraph,wBFS_unweighted,3,4e-05,3.697491
run_absl_btree_set,100,com-orkut.ungraph,wBFS_unweighted,4,4.6e-05,3.663137
run_absl_btree_set,100,com-orkut.ungraph,wBFS_unweighted,5,4.9e-05,3.654161
run_absl_btree_set,100,com-orkut.ungraph,wBFS_unweighted,6,4.4e-05,3.660805
run_absl_btree_set,100,com-orkut.ungraph,wBFS_unweighted,7,5.1e-05,3.668574
run_absl_btree_set,100,com-orkut.ungraph,wBFS_unweighted,8,0.000381,4.0229
run_absl_btree_set,100,com-orkut.ungraph,wBFS_unweighted,9,5e-05,3.709046
run_absl_btree_set,100,soc-LiveJournal1,BFS,0,2.7e-05,0.019201
run_absl_btree_set,100,soc-LiveJournal1,BFS,1,4.3e-05,0.010063
run_absl_btree_set,100,soc-LiveJournal1,BFS,2,4e-05,0.007987
run_absl_btree_set,100,soc-LiveJournal1,BFS,3,4.7e-05,0.007812
run_absl_btree_set,100,soc-LiveJournal1,BFS,4,4.6e-05,0.007735
run_absl_btree_set,100,soc-LiveJournal1,BFS,5,4.4e-05,0.008224
run_absl_btree_set,100,soc-LiveJournal1,BFS,6,4.7e-05,0.007672
run_absl_btree_set,100,soc-LiveJournal1,BFS,7,4.6e-05,0.007656
run_absl_btree_set,100,soc-LiveJournal1,BFS,8,4.2e-05,0.008045
run_absl_btree_set,100,soc-LiveJournal1,BFS,9,4.1e-05,0.007651
run_absl_btree_set,100,soc-LiveJournal1,LabelPropagation,0,3.2e-05,0.029396
run_absl_btree_set,100,soc-LiveJournal1,LabelPropagation,1,4.8e-05,0.02389
run_absl_btree_set,100,soc-LiveJournal1,LabelPropagation,2,4.2e-05,0.024354
run_absl_btree_set,100,soc-LiveJournal1,LabelPropagation,3,3.6e-05,0.024661
run_absl_btree_set,100,soc-LiveJournal1,LabelPropagation,4,4.1e-05,0.024139
run_absl_btree_set,100,soc-LiveJournal1,LabelPropagation,5,6.5e-05,0.02412
run_absl_btree_set,100,soc-LiveJournal1,LabelPropagation,6,5.3e-05,0.024384
run_absl_btree_set,100,soc-LiveJournal1,LabelPropagation,7,4.4e-05,0.023891
run_absl_btree_set,100,soc-LiveJournal1,LabelPropagation,8,5.3e-05,0.024123
run_absl_btree_set,100,soc-LiveJournal1,LabelPropagation,9,4.3e-05,0.024064
run_absl_btree_set,100,soc-LiveJournal1,PageRank,0,2.4e-05,0.234319
run_absl_btree_set,100,soc-LiveJournal1,PageRank,1,4.1e-05,0.224332
run_absl_btree_set,100,soc-LiveJournal1,PageRank,2,4.1e-05,0.221574
run_absl_btree_set,100,soc-LiveJournal1,PageRank,3,4e-05,0.221568
run_absl_btree_set,100,soc-LiveJournal1,PageRank,4,4.8e-05,0.225876
run_absl_btree_set,100,soc-LiveJournal1,PageRank,5,4.8e-05,0.236135
run_absl_btree_set,100,soc-LiveJournal1,PageRank,6,6.3e-05,0.230794
run_absl_btree_set,100,soc-LiveJournal1,PageRank,7,4.3e-05,0.22867
run_absl_btree_set,100,soc-LiveJournal1,PageRank,8,4e-05,0.233413
run_absl_btree_set,100,soc-LiveJournal1,PageRank,9,4.4e-05,0.220587
run_absl_btree_set,100,soc-LiveJournal1,wBFS_unweighted,0,3.1e-05,5.304647
run_absl_btree_set,100,soc-LiveJournal1,wBFS_unweighted,1,4.4e-05,5.218874
run_absl_btree_set,100,soc-LiveJournal1,wBFS_unweighted,2,4.4e-05,5.200776
run_absl_btree_set,100,soc-LiveJournal1,wBFS_unweighted,3,0.000558,5.225699
run_absl_btree_set,100,soc-LiveJournal1,wBFS_unweighted,4,6e-05,5.191107
run_absl_btree_set,100,soc-LiveJournal1,wBFS_unweighted,5,6.5e-05,5.12192
run_absl_btree_set,100,soc-LiveJournal1,wBFS_unweighted,6,4.4e-05,5.084491
run_absl_btree_set,100,soc-LiveJournal1,wBFS_unweighted,7,5e-05,5.091954
run_absl_btree_set,100,soc-LiveJournal1,wBFS_unweighted,8,5e-05,5.109896
run_absl_btree_set,100,soc-LiveJournal1,wBFS_unweighted,9,4.3e-05,5.298832
run_absl_btree_set,100,twitter-unique-undir,BFS,0,0.000466,0.222845
run_absl_btree_set,100,twitter-unique-undir,BFS,1,0.000684,0.105373
run_absl_btree_set,100,twitter-unique-undir,BFS,2,0.000379,0.102711
run_absl_btree_set,100,twitter-unique-undir,BFS,3,0.000222,0.104338
run_absl_btree_set,100,twitter-unique-undir,BFS,4,0.000328,0.103411
run_absl_btree_set,100,twitter-unique-undir,BFS,5,0.00049,0.104778
run_absl_btree_set,100,twitter-unique-undir,BFS,6,0.000271,0.104501
run_absl_btree_set,100,twitter-unique-undir,BFS,7,0.000417,0.103981
run_absl_btree_set,100,twitter-unique-undir,BFS,8,0.000366,0.103519
run_absl_btree_set,100,twitter-unique-undir,BFS,9,0.000752,0.101347
run_absl_btree_set,100,twitter-unique-undir,LabelPropagation,0,0.000159,0.947361
run_absl_btree_set,100,twitter-unique-undir,LabelPropagation,1,7.6e-05,0.856463
run_absl_btree_set,100,twitter-unique-undir,LabelPropagation,2,0.000103,0.860433
run_absl_btree_set,100,twitter-unique-undir,LabelPropagation,3,0.000113,0.858245
run_absl_btree_set,100,twitter-unique-undir,LabelPropagation,4,0.000116,0.861822
run_absl_btree_set,100,twitter-unique-undir,LabelPropagation,5,0.000112,0.849272
run_absl_btree_set,100,twitter-unique-undir,LabelPropagation,6,0.000123,0.860126
run_absl_btree_set,100,twitter-unique-undir,LabelPropagation,7,0.000106,0.85335
run_absl_btree_set,100,twitter-unique-undir,LabelPropagation,8,0.000105,0.852429
run_absl_btree_set,100,twitter-unique-undir,LabelPropagation,9,0.000278,0.863909
run_absl_btree_set,100,twitter-unique-undir,PageRank,0,8.9e-05,7.081239
run_absl_btree_set,100,twitter-unique-undir,PageRank,1,8.7e-05,7.00678
run_absl_btree_set,100,twitter-unique-undir,PageRank,2,5.4e-05,6.990724
run_absl_btree_set,100,twitter-unique-undir,PageRank,3,9.6e-05,6.985884
run_absl_btree_set,100,twitter-unique-undir,PageRank,4,8.8e-05,6.985711
run_absl_btree_set,100,twitter-unique-undir,PageRank,5,9.2e-05,6.982384
run_absl_btree_set,100,twitter-unique-undir,PageRank,6,0.000103,6.934602
run_absl_btree_set,100,twitter-unique-undir,PageRank,7,0.000112,6.669783
run_absl_btree_set,100,twitter-unique-undir,PageRank,8,0.00013,6.644467
run_absl_btree_set,100,twitter-unique-undir,PageRank,9,0.00014,6.660815
run_absl_btree_set,100,twitter-unique-undir,wBFS_unweighted,0,0.000123,32.871364
run_absl_btree_set,100,twitter-unique-undir,wBFS_unweighted,1,0.000189,33.154404
run_absl_btree_set,100,twitter-unique-undir,wBFS_unweighted,2,0.000103,32.950817
run_absl_btree_set,100,twitter-unique-undir,wBFS_unweighted,3,8.1e-05,32.389395
run_absl_btree_set,100,twitter-unique-undir,wBFS_unweighted,4,6.4e-05,32.717917
run_absl_btree_set,100,twitter-unique-undir,wBFS_unweighted,5,8.6e-05,34.150118
run_absl_btree_set,100,twitter-unique-undir,wBFS_unweighted,6,0.000115,32.729546
run_absl_btree_set,100,twitter-unique-undir,wBFS_unweighted,7,6.8e-05,31.800088
run_absl_btree_set,100,twitter-unique-undir,wBFS_unweighted,8,8.9e-05,31.827712
run_absl_btree_set,100,twitter-unique-undir,wBFS_unweighted,9,7.7e-05,31.718415
run_absl_btree_set,1000,cit-Patents,BFS,0,7.7e-05,0.017768
run_absl_btree_set,1000,cit-Patents,BFS,1,8.6e-05,0.011634
run_absl_btree_set,1000,cit-Patents,BFS,2,8.8e-05,0.011611
run_absl_btree_set,1000,cit-Patents,BFS,3,8.9e-05,0.011582
run_absl_btree_set,1000,cit-Patents,BFS,4,8.8e-05,0.011573
run_absl_btree_set,1000,cit-Patents,BFS,5,8.6e-05,0.011644
run_absl_btree_set,1000,cit-Patents,BFS,6,8.6e-05,0.011616
run_absl_btree_set,1000,cit-Patents,BFS,7,9e-05,0.011571
run_absl_btree_set,1000,cit-Patents,BFS,8,9e-05,0.01161
run_absl_btree_set,1000,cit-Patents,BFS,9,8.9e-05,0.011551
run_absl_btree_set,1000,cit-Patents,LabelPropagation,0,7.5e-05,0.022636
run_absl_btree_set,1000,cit-Patents,LabelPropagation,1,9.9e-05,0.021216
run_absl_btree_set,1000,cit-Patents,LabelPropagation,2,9.2e-05,0.020656
run_absl_btree_set,1000,cit-Patents,LabelPropagation,3,9.9e-05,0.020679
run_absl_btree_set,1000,cit-Patents,LabelPropagation,4,0.000105,0.020831
run_absl_btree_set,1000,cit-Patents,LabelPropagation,5,9.9e-05,0.020463
run_absl_btree_set,1000,cit-Patents,LabelPropagation,6,9.3e-05,0.021155
run_absl_btree_set,1000,cit-Patents,LabelPropagation,7,9.2e-05,0.021203
run_absl_btree_set,1000,cit-Patents,LabelPropagation,8,0.000103,0.021478
run_absl_btree_set,1000,cit-Patents,LabelPropagation,9,8.8e-05,0.020835
run_absl_btree_set,1000,cit-Patents,PageRank,0,6.7e-05,0.154664
run_absl_btree_set,1000,cit-Patents,PageRank,1,8.9e-05,0.157216
run_absl_btree_set,1000,cit-Patents,PageRank,2,9.8e-05,0.161067
run_absl_btree_set,1000,cit-Patents,PageRank,3,9e-05,0.164465
run_absl_btree_set,1000,cit-Patents,PageRank,4,0.000393,0.166113
run_absl_btree_set,1000,cit-Patents,PageRank,5,9.7e-05,0.163997
run_absl_btree_set,1000,cit-Patents,PageRank,6,9.4e-05,0.164488
run_absl_btree_set,1000,cit-Patents,PageRank,7,0.000107,0.163211
run_absl_btree_set,1000,cit-Patents,PageRank,8,0.000107,0.164066
run_absl_btree_set,1000,cit-Patents,PageRank,9,9.3e-05,0.153455
run_absl_btree_set,1000,cit-Patents,wBFS_unweighted,0,7.1e-05,5.336614
run_absl_btree_set,1000,cit-Patents,wBFS_unweighted,1,0.00012,5.248827
run_absl_btree_set,1000,cit-Patents,wBFS_unweighted,2,0.000127,5.358887
run_absl_btree_set,1000,cit-Patents,wBFS_unweighted,3,0.000791,5.46208
run_absl_btree_set,1000,cit-Patents,wBFS_unweighted,4,0.000478,5.476159
run_absl_btree_set,1000,cit-Patents,wBFS_unweighted,5,0.000609,5.298808
run_absl_btree_set,1000,cit-Patents,wBFS_unweighted,6,0.000111,5.269317
run_absl_btree_set,1000,cit-Patents,wBFS_unweighted,7,0.000113,5.247443
run_absl_btree_set,1000,cit-Patents,wBFS_unweighted,8,0.000107,5.25382
run_absl_btree_set,1000,cit-Patents,wBFS_unweighted,9,0.000115,5.274574
run_absl_btree_set,1000,com-friendster,BFS,0,0.000102,4.40898
run_absl_btree_set,1000,com-friendster,BFS,1,0.000108,2.184931
run_absl_btree_set,1000,com-friendster,BFS,2,0.000114,2.175553
run_absl_btree_set,1000,com-friendster,BFS,3,0.000115,2.157895
run_absl_btree_set,1000,com-friendster,BFS,4,0.000113,2.142293
run_absl_btree_set,1000,com-friendster,BFS,5,0.000118,2.125242
run_absl_btree_set,1000,com-friendster,BFS,6,0.000106,2.097762
run_absl_btree_set,1000,com-friendster,BFS,7,0.000116,2.082618
run_absl_btree_set,1000,com-friendster,BFS,8,0.000133,2.090615
run_absl_btree_set,1000,com-friendster,BFS,9,0.000118,2.079547
run_absl_btree_set,1000,com-friendster,LabelPropagation,0,9.2e-05,4.513611
run_absl_btree_set,1000,com-friendster,LabelPropagation,1,0.000205,3.811047
run_absl_btree_set,1000,com-friendster,LabelPropagation,2,0.000139,3.898227
run_absl_btree_set,1000,com-friendster,LabelPropagation,3,0.000145,3.850565
run_absl_btree_set,1000,com-friendster,LabelPropagation,4,0.000157,3.866938
run_absl_btree_set,1000,com-friendster,LabelPropagation,5,0.000163,3.898939
run_absl_btree_set,1000,com-friendster,LabelPropagation,6,0.000213,3.813589
run_absl_btree_set,1000,com-friendster,LabelPropagation,7,0.000225,3.864281
run_absl_btree_set,1000,com-friendster,LabelPropagation,8,0.000184,3.781544
run_absl_btree_set,1000,com-friendster,LabelPropagation,9,0.00023,3.870429
run_absl_btree_set,1000,com-friendster,PageRank,0,8.9e-05,51.055129
run_absl_btree_set,1000,com-friendster,PageRank,1,9.7e-05,56.83477
run_absl_btree_set,1000,com-friendster,PageRank,2,0.000117,63.707839
run_absl_btree_set,1000,com-friendster,PageRank,3,0.000112,71.918034
run_absl_btree_set,1000,com-friendster,PageRank,4,0.000245,80.880192
run_absl_btree_set,1000,com-friendster,PageRank,5,0.000121,76.760609
run_absl_btree_set,1000,com-friendster,PageRank,6,0.000186,80.486588
run_absl_btree_set,1000,com-friendster,PageRank,7,0.000111,80.023356
run_absl_btree_set,1000,com-friendster,PageRank,8,0.000111,40.073125
run_absl_btree_set,1000,com-friendster,PageRank,9,0.000115,37.731465
run_absl_btree_set,1000,com-friendster,wBFS_unweighted,0,9.9e-05,48.420265
run_absl_btree_set,1000,com-friendster,wBFS_unweighted,1,0.000123,47.303742
run_absl_btree_set,1000,com-friendster,wBFS_unweighted,2,0.000111,45.860567
run_absl_btree_set,1000,com-friendster,wBFS_unweighted,3,0.000108,45.910374
run_absl_btree_set,1000,com-friendster,wBFS_unweighted,4,0.000107,45.243966
run_absl_btree_set,1000,com-friendster,wBFS_unweighted,5,0.000109,49.732361
run_absl_btree_set,1000,com-friendster,wBFS_unweighted,6,0.000104,44.663163
run_absl_btree_set,1000,com-friendster,wBFS_unweighted,7,0.000114,45.27705
run_absl_btree_set,1000,com-friendster,wBFS_unweighted,8,0.000101,45.231682
run_absl_btree_set,1000,com-friendster,wBFS_unweighted,9,9.9e-05,45.106155
run_absl_btree_set,1000,com-orkut.ungraph,BFS,0,0.000101,0.014602
run_absl_btree_set,1000,com-orkut.ungraph,BFS,1,9.5e-05,0.007049
run_absl_btree_set,1000,com-orkut.ungraph,BFS,2,9.2e-05,0.006812
run_absl_btree_set,1000,com-orkut.ungraph,BFS,3,0.000119,0.00691
run_absl_btree_set,1000,com-orkut.ungraph,BFS,4,0.000105,0.006793
run_absl_btree_set,1000,com-orkut.ungraph,BFS,5,8.4e-05,0.006934
run_absl_btree_set,1000,com-orkut.ungraph,BFS,6,9.1e-05,0.006846
run_absl_btree_set,1000,com-orkut.ungraph,BFS,7,9.4e-05,0.006947
run_absl_btree_set,1000,com-orkut.ungraph,BFS,8,9.2e-05,0.006857
run_absl_btree_set,1000,com-orkut.ungraph,BFS,9,9.5e-05,0.006839
run_absl_btree_set,1000,com-orkut.ungraph,LabelPropagation,0,9.7e-05,0.051414
run_absl_btree_set,1000,com-orkut.ungraph,LabelPropagation,1,0.000114,0.049205
run_absl_btree_set,1000,com-orkut.ungraph,LabelPropagation,2,0.000107,0.047275
run_absl_btree_set,1000,com-orkut.ungraph,LabelPropagation,3,0.000111,0.046283
run_absl_btree_set,1000,com-orkut.ungraph,LabelPropagation,4,0.00012,0.046941
run_absl_btree_set,1000,com-orkut.ungraph,LabelPropagation,5,0.00012,0.046266
run_absl_btree_set,1000,com-orkut.ungraph,LabelPropagation,6,0.000132,0.046499
run_absl_btree_set,1000,com-orkut.ungraph,LabelPropagation,7,0.000124,0.046838
run_absl_btree_set,1000,com-orkut.ungraph,LabelPropagation,8,0.000216,0.046767
run_absl_btree_set,1000,com-orkut.ungraph,LabelPropagation,9,0.000151,0.046468
run_absl_btree_set,1000,com-orkut.ungraph,PageRank,0,7.5e-05,0.305191
run_absl_btree_set,1000,com-orkut.ungraph,PageRank,1,0.000111,0.306674
run_absl_btree_set,1000,com-orkut.ungraph,PageRank,2,9.9e-05,0.302976
run_absl_btree_set,1000,com-orkut.ungraph,PageRank,3,0.000106,0.303051
run_absl_btree_set,1000,com-orkut.ungraph,PageRank,4,0.000104,0.302862
run_absl_btree_set,1000,com-orkut.ungraph,PageRank,5,0.000102,0.305024
run_absl_btree_set,1000,com-orkut.ungraph,PageRank,6,9.8e-05,0.304665
run_absl_btree_set,1000,com-orkut.ungraph,PageRank,7,0.000105,0.301266
run_absl_btree_set,1000,com-orkut.ungraph,PageRank,8,0.000101,0.303475
run_absl_btree_set,1000,com-orkut.ungraph,PageRank,9,0.000108,0.238322
run_absl_btree_set,1000,com-orkut.ungraph,wBFS_unweighted,0,8.4e-05,3.825638
run_absl_btree_set,1000,com-orkut.ungraph,wBFS_unweighted,1,0.000603,3.759311
run_absl_btree_set,1000,com-orkut.ungraph,wBFS_unweighted,2,0.000567,3.710771
run_absl_btree_set,1000,com-orkut.ungraph,wBFS_unweighted,3,0.000124,3.566453
run_absl_btree_set,1000,com-orkut.ungraph,wBFS_unweighted,4,0.000127,3.685423
run_absl_btree_set,1000,com-orkut.ungraph,wBFS_unweighted,5,0.000587,3.554622
run_absl_btree_set,1000,com-orkut.ungraph,wBFS_unweighted,6,0.000126,3.55561
run_absl_btree_set,1000,com-orkut.ungraph,wBFS_unweighted,7,0.000129,3.54671
run_absl_btree_set,1000,com-orkut.ungraph,wBFS_unweighted,8,0.000181,3.540176
run_absl_btree_set,1000,com-orkut.ungraph,wBFS_unweighted,9,0.000121,3.546795
run_absl_btree_set,1000,soc-LiveJournal1,BFS,0,9.7e-05,0.018436
run_absl_btree_set,1000,soc-LiveJournal1,BFS,1,0.000121,0.009568
run_absl_btree_set,1000,soc-LiveJournal1,BFS,2,0.000106,0.009661
run_absl_btree_set,1000,soc-LiveJournal1,BFS,3,0.000113,0.009592
run_absl_btree_set,1000,soc-LiveJournal1,BFS,4,0.00012,0.009503
run_absl_btree_set,1000,soc-LiveJournal1,BFS,5,0.00011,0.009542
run_absl_btree_set,1000,soc-LiveJournal1,BFS,6,0.000119,0.009642
run_absl_btree_set,1000,soc-LiveJournal1,BFS,7,0.000122,0.009478
run_absl_btree_set,1000,soc-LiveJournal1,BFS,8,0.000115,0.009548
run_absl_btree_set,1000,soc-LiveJournal1,BFS,9,0.000108,0.00961
run_absl_btree_set,1000,soc-LiveJournal1,LabelPropagation,0,8.3e-05,0.029473
run_absl_btree_set,1000,soc-LiveJournal1,LabelPropagation,1,0.000102,0.024098
run_absl_btree_set,1000,soc-LiveJournal1,LabelPropagation,2,0.000116,0.024324
run_absl_btree_set,1000,soc-LiveJournal1,LabelPropagation,3,0.000113,0.02413
run_absl_btree_set,1000,soc-LiveJournal1,LabelPropagation,4,0.000116,0.024411
run_absl_btree_set,1000,soc-LiveJournal1,LabelPropagation,5,9.8e-05,0.024142
run_absl_btree_set,1000,soc-LiveJournal1,LabelPropagation,6,0.000125,0.024393
run_absl_btree_set,1000,soc-LiveJournal1,LabelPropagation,7,0.000147,0.024329
run_absl_btree_set,1000,soc-LiveJournal1,LabelPropagation,8,0.00012,0.024105
run_absl_btree_set,1000,soc-LiveJournal1,LabelPropagation,9,0.000134,0.024012
run_absl_btree_set,1000,soc-LiveJournal1,PageRank,0,8e-05,0.191364
run_absl_btree_set,1000,soc-LiveJournal1,PageRank,1,9.7e-05,0.186983
run_absl_btree_set,1000,soc-LiveJournal1,PageRank,2,9.2e-05,0.188005
run_absl_btree_set,1000,soc-LiveJournal1,PageRank,3,9.7e-05,0.206391
run_absl_btree_set,1000,soc-LiveJournal1,PageRank,4,0.000371,0.205881
run_absl_btree_set,1000,soc-LiveJournal1,PageRank,5,9.8e-05,0.208499
run_absl_btree_set,1000,soc-LiveJournal1,PageRank,6,0.000184,0.200531
run_absl_btree_set,1000,soc-LiveJournal1,PageRank,7,0.000296,0.198983
run_absl_btree_set,1000,soc-LiveJournal1,PageRank,8,0.000109,0.206198
run_absl_btree_set,1000,soc-LiveJournal1,PageRank,9,0.000103,0.198546
run_absl_btree_set,1000,soc-LiveJournal1,wBFS_unweighted,0,9.2e-05,5.188855
run_absl_btree_set,1000,soc-LiveJournal1,wBFS_unweighted,1,0.000341,5.086362
run_absl_btree_set,1000,soc-LiveJournal1,wBFS_unweighted,2,0.000119,5.046968
run_absl_btree_set,1000,soc-LiveJournal1,wBFS_unweighted,3,0.000109,5.272554
run_absl_btree_set,1000,soc-LiveJournal1,wBFS_unweighted,4,0.000423,5.051885
run_absl_btree_set,1000,soc-LiveJournal1,wBFS_unweighted,5,0.000102,4.996614
run_absl_btree_set,1000,soc-LiveJournal1,wBFS_unweighted,6,9e-05,5.005271
run_absl_btree_set,1000,soc-LiveJournal1,wBFS_unweighted,7,9.1e-05,4.99318
run_absl_btree_set,1000,soc-LiveJournal1,wBFS_unweighted,8,9.6e-05,4.984209
run_absl_btree_set,1000,soc-LiveJournal1,wBFS_unweighted,9,9.4e-05,5.151907
run_absl_btree_set,1000,twitter-unique-undir,BFS,0,0.00083,0.199276
run_absl_btree_set,1000,twitter-unique-undir,BFS,1,0.000692,0.096476
run_absl_btree_set,1000,twitter-unique-undir,BFS,2,0.001041,0.096791
run_absl_btree_set,1000,twitter-unique-undir,BFS,3,0.001227,0.095047
run_absl_btree_set,1000,twitter-unique-undir,BFS,4,0.000991,0.094716
run_absl_btree_set,1000,twitter-unique-undir,BFS,5,0.000936,0.095993
run_absl_btree_set,1000,twitter-unique-undir,BFS,6,0.001389,0.095814
run_absl_btree_set,1000,twitter-unique-undir,BFS,7,0.00093,0.094531
run_absl_btree_set,1000,twitter-unique-undir,BFS,8,0.001198,0.095171
run_absl_btree_set,1000,twitter-unique-undir,BFS,9,0.001489,0.097549
run_absl_btree_set,1000,twitter-unique-undir,LabelPropagation,0,0.00084,1.078017
run_absl_btree_set,1000,twitter-unique-undir,LabelPropagation,1,0.000286,0.960488
run_absl_btree_set,1000,twitter-unique-undir,LabelPropagation,2,0.000411,0.959074
run_absl_btree_set,1000,twitter-unique-undir,LabelPropagation,3,0.000504,0.943914
run_absl_btree_set,1000,twitter-unique-undir,LabelPropagation,4,0.000398,0.939095
run_absl_btree_set,1000,twitter-unique-undir,LabelPropagation,5,0.000506,0.946076
run_absl_btree_set,1000,twitter-unique-undir,LabelPropagation,6,0.000624,0.948057
run_absl_btree_set,1000,twitter-unique-undir,LabelPropagation,7,0.00039,0.939623
run_absl_btree_set,1000,twitter-unique-undir,LabelPropagation,8,0.00054,0.942117
run_absl_btree_set,1000,twitter-unique-undir,LabelPropagation,9,0.000528,0.937507
run_absl_btree_set,1000,twitter-unique-undir,PageRank,0,0.000509,9.417587
run_absl_btree_set,1000,twitter-unique-undir,PageRank,1,0.000173,8.875052
run_absl_btree_set,1000,twitter-unique-undir,PageRank,2,0.000205,8.55624
run_absl_btree_set,1000,twitter-unique-undir,PageRank,3,0.00032,8.563295
run_absl_btree_set,1000,twitter-unique-undir,PageRank,4,0.000249,8.545261
run_absl_btree_set,1000,twitter-unique-undir,PageRank,5,0.000159,8.525722
run_absl_btree_set,1000,twitter-unique-undir,PageRank,6,0.000268,8.58873
run_absl_btree_set,1000,twitter-unique-undir,PageRank,7,0.00021,10.947928
run_absl_btree_set,1000,twitter-unique-undir,PageRank,8,0.000216,13.420035
run_absl_btree_set,1000,twitter-unique-undir,PageRank,9,0.000307,13.849616
run_absl_btree_set,1000,twitter-unique-undir,wBFS_unweighted,0,0.000427,33.029917
run_absl_btree_set,1000,twitter-unique-undir,wBFS_unweighted,1,0.000281,32.802761
run_absl_btree_set,1000,twitter-unique-undir,wBFS_unweighted,2,0.000162,32.393961
run_absl_btree_set,1000,twitter-unique-undir,wBFS_unweighted,3,0.000271,32.238549
run_absl_btree_set,1000,twitter-unique-undir,wBFS_unweighted,4,0.000175,32.294113
run_absl_btree_set,1000,twitter-unique-undir,wBFS_unweighted,5,0.000498,32.773607
run_absl_btree_set,1000,twitter-unique-undir,wBFS_unweighted,6,0.00056,32.601362
run_absl_btree_set,1000,twitter-unique-undir,wBFS_unweighted,7,0.000384,32.35508
run_absl_btree_set,1000,twitter-unique-undir,wBFS_unweighted,8,0.000202,33.821834
run_absl_btree_set,1000,twitter-unique-undir,wBFS_unweighted,9,0.000235,33.754579
run_absl_btree_set,10000,cit-Patents,BFS,0,0.002663,0.015571
run_absl_btree_set,10000,cit-Patents,BFS,1,0.002775,0.012822
run_absl_btree_set,10000,cit-Patents,BFS,2,0.002732,0.012717
run_absl_btree_set,10000,cit-Patents,BFS,3,0.002743,0.0127
run_absl_btree_set,10000,cit-Patents,BFS,4,0.002737,0.012732
run_absl_btree_set,10000,cit-Patents,BFS,5,0.002727,0.012734
run_absl_btree_set,10000,cit-Patents,BFS,6,0.002765,0.012797
run_absl_btree_set,10000,cit-Patents,BFS,7,0.002834,0.012804
run_absl_btree_set,10000,cit-Patents,BFS,8,0.002819,0.012952
run_absl_btree_set,10000,cit-Patents,BFS,9,0.00283,0.012761
run_absl_btree_set,10000,cit-Patents,LabelPropagation,0,0.002777,0.022996
run_absl_btree_set,10000,cit-Patents,LabelPropagation,1,0.002728,0.021816
run_absl_btree_set,10000,cit-Patents,LabelPropagation,2,0.002675,0.02254
run_absl_btree_set,10000,cit-Patents,LabelPropagation,3,0.002723,0.021568
run_absl_btree_set,10000,cit-Patents,LabelPropagation,4,0.002713,0.021494
run_absl_btree_set,10000,cit-Patents,LabelPropagation,5,0.002699,0.021807
run_absl_btree_set,10000,cit-Patents,LabelPropagation,6,0.002836,0.021431
run_absl_btree_set,10000,cit-Patents,LabelPropagation,7,0.002821,0.021441
run_absl_btree_set,10000,cit-Patents,LabelPropagation,8,0.002768,0.021635
run_absl_btree_set,10000,cit-Patents,LabelPropagation,9,0.002785,0.021505
run_absl_btree_set,10000,cit-Patents,PageRank,0,0.002719,0.183487
run_absl_btree_set,10000,cit-Patents,PageRank,1,0.003103,0.182426
run_absl_btree_set,10000,cit-Patents,PageRank,2,0.003018,0.171773
run_absl_btree_set,10000,cit-Patents,PageRank,3,0.002645,0.17662
run_absl_btree_set,10000,cit-Patents,PageRank,4,0.002746,0.175856
run_absl_btree_set,10000,cit-Patents,PageRank,5,0.003281,0.187066
run_absl_btree_set,10000,cit-Patents,PageRank,6,0.004112,0.184645
run_absl_btree_set,10000,cit-Patents,PageRank,7,0.002951,0.168178
run_absl_btree_set,10000,cit-Patents,PageRank,8,0.003175,0.169684
run_absl_btree_set,10000,cit-Patents,PageRank,9,0.003189,0.157247
run_absl_btree_set,10000,cit-Patents,wBFS_unweighted,0,0.002954,5.220285
run_absl_btree_set,10000,cit-Patents,wBFS_unweighted,1,0.003079,5.070529
run_absl_btree_set,10000,cit-Patents,wBFS_unweighted,2,0.003921,5.021965
run_absl_btree_set,10000,cit-Patents,wBFS_unweighted,3,0.003141,5.061711
run_absl_btree_set,10000,cit-Patents,wBFS_unweighted,4,0.003299,5.006969
run_absl_btree_set,10000,cit-Patents,wBFS_unweighted,5,0.003649,4.969566
run_absl_btree_set,10000,cit-Patents,wBFS_unweighted,6,0.003402,5.022463
run_absl_btree_set,10000,cit-Patents,wBFS_unweighted,7,0.003296,4.987096
run_absl_btree_set,10000,cit-Patents,wBFS_unweighted,8,0.002966,4.956862
run_absl_btree_set,10000,cit-Patents,wBFS_unweighted,9,0.003006,5.011351
run_absl_btree_set,10000,com-friendster,BFS,0,0.002832,3.251453
run_absl_btree_set,10000,com-friendster,BFS,1,0.00248,2.515629
run_absl_btree_set,10000,com-friendster,BFS,2,0.002465,2.516808
run_absl_btree_set,10000,com-friendster,BFS,3,0.002481,2.504874
run_absl_btree_set,10000,com-friendster,BFS,4,0.002452,2.461366
run_absl_btree_set,10000,com-friendster,BFS,5,0.0025,2.454629
run_absl_btree_set,10000,com-friendster,BFS,6,0.002542,2.479569
run_absl_btree_set,10000,com-friendster,BFS,7,0.002413,2.460329
run_absl_btree_set,10000,com-friendster,BFS,8,0.002808,2.430631
run_absl_btree_set,10000,com-friendster,BFS,9,0.002516,2.402954
run_absl_btree_set,10000,com-friendster,LabelPropagation,0,0.002811,4.812684
run_absl_btree_set,10000,com-friendster,LabelPropagation,1,0.002808,3.966755
run_absl_btree_set,10000,com-friendster,LabelPropagation,2,0.002751,3.999917
run_absl_btree_set,10000,com-friendster,LabelPropagation,3,0.002864,3.939413
run_absl_btree_set,10000,com-friendster,LabelPropagation,4,0.002881,3.889441
run_absl_btree_set,10000,com-friendster,LabelPropagation,5,0.003161,3.932088
run_absl_btree_set,10000,com-friendster,LabelPropagation,6,0.002965,3.95486
run_absl_btree_set,10000,com-friendster,LabelPropagation,7,0.00297,3.912651
run_absl_btree_set,10000,com-friendster,LabelPropagation,8,0.003011,3.905117
run_absl_btree_set,10000,com-friendster,LabelPropagation,9,0.003482,3.928428
run_absl_btree_set,10000,com-friendster,PageRank,0,0.002708,50.572758
run_absl_btree_set,10000,com-friendster,PageRank,1,0.002531,50.500174
run_absl_btree_set,10000,com-friendster,PageRank,2,0.002439,51.965026
run_absl_btree_set,10000,com-friendster,PageRank,3,0.002503,53.87634
run_absl_btree_set,10000,com-friendster,PageRank,4,0.002499,56.662543
run_absl_btree_set,10000,com-friendster,PageRank,5,0.002404,52.381281
run_absl_btree_set,10000,com-friendster,PageRank,6,0.002392,52.895543
run_absl_btree_set,10000,com-friendster,PageRank,7,0.002393,48.824554
run_absl_btree_set,10000,com-friendster,PageRank,8,0.002461,48.933459
run_absl_btree_set,10000,com-friendster,PageRank,9,0.002626,25.625041
run_absl_btree_set,10000,com-friendster,wBFS_unweighted,0,0.003209,52.956163
run_absl_btree_set,10000,com-friendster,wBFS_unweighted,1,0.003635,51.748744
run_absl_btree_set,10000,com-friendster,wBFS_unweighted,2,0.003021,55.946937
run_absl_btree_set,10000,com-friendster,wBFS_unweighted,3,0.003022,55.661917
run_absl_btree_set,10000,com-friendster,wBFS_unweighted,4,0.003018,73.571003
run_absl_btree_set,10000,com-friendster,wBFS_unweighted,5,0.003082,68.007753
run_absl_btree_set,10000,com-friendster,wBFS_unweighted,6,0.00301,48.659372
run_absl_btree_set,10000,com-friendster,wBFS_unweighted,7,0.003015,50.298016
run_absl_btree_set,10000,com-friendster,wBFS_unweighted,8,0.003048,49.303095
run_absl_btree_set,10000,com-friendster,wBFS_unweighted,9,0.003003,50.708537
run_absl_btree_set,10000,com-orkut.ungraph,BFS,0,0.002478,0.013542
run_absl_btree_set,10000,com-orkut.ungraph,BFS,1,0.002196,0.007153
run_absl_btree_set,10000,com-orkut.ungraph,BFS,2,0.002193,0.007118
run_absl_btree_set,10000,com-orkut.ungraph,BFS,3,0.002145,0.006981
run_absl_btree_set,10000,com-orkut.ungraph,BFS,4,0.002185,0.007031
run_absl_btree_set,10000,com-orkut.ungraph,BFS,5,0.002157,0.007073
run_absl_btree_set,10000,com-orkut.ungraph,BFS,6,0.002182,0.007006
run_absl_btree_set,10000,com-orkut.ungraph,BFS,7,0.002171,0.0069
run_absl_btree_set,10000,com-orkut.ungraph,BFS,8,0.002178,0.006947
run_absl_btree_set,10000,com-orkut.ungraph,BFS,9,0.002168,0.006769
run_absl_btree_set,10000,com-orkut.ungraph,LabelPropagation,0,0.002517,0.047789
run_absl_btree_set,10000,com-orkut.ungraph,LabelPropagation,1,0.002467,0.040345
run_absl_btree_set,10000,com-orkut.ungraph,LabelPropagation,2,0.00245,0.039934
run_absl_btree_set,10000,com-orkut.ungraph,LabelPropagation,3,0.002501,0.040013
run_absl_btree_set,10000,com-orkut.ungraph,LabelPropagation,4,0.002457,0.040086
run_absl_btree_set,10000,com-orkut.ungraph,LabelPropagation,5,0.002522,0.039811
run_absl_btree_set,10000,com-orkut.ungraph,LabelPropagation,6,0.002501,0.040559
run_absl_btree_set,10000,com-orkut.ungraph,LabelPropagation,7,0.002476,0.040555
run_absl_btree_set,10000,com-orkut.ungraph,LabelPropagation,8,0.002605,0.040367
run_absl_btree_set,10000,com-orkut.ungraph,LabelPropagation,9,0.002843,0.039968
run_absl_btree_set,10000,com-orkut.ungraph,PageRank,0,0.002564,0.30828
run_absl_btree_set,10000,com-orkut.ungraph,PageRank,1,0.002358,0.297316
run_absl_btree_set,10000,com-orkut.ungraph,PageRank,2,0.002353,0.295229
run_absl_btree_set,10000,com-orkut.ungraph,PageRank,3,0.002352,0.300035
run_absl_btree_set,10000,com-orkut.ungraph,PageRank,4,0.002378,0.296005
run_absl_btree_set,10000,com-orkut.ungraph,PageRank,5,0.00233,0.296187
run_absl_btree_set,10000,com-orkut.ungraph,PageRank,6,0.002364,0.299498
run_absl_btree_set,10000,com-orkut.ungraph,PageRank,7,0.002393,0.296022
run_absl_btree_set,10000,com-orkut.ungraph,PageRank,8,0.002401,0.297678
run_absl_btree_set,10000,com-orkut.ungraph,PageRank,9,0.002417,0.2673
run_absl_btree_set,10000,com-orkut.ungraph,wBFS_unweighted,0,0.002871,3.589757
run_absl_btree_set,10000,com-orkut.ungraph,wBFS_unweighted,1,0.002984,3.513772
run_absl_btree_set,10000,com-orkut.ungraph,wBFS_unweighted,2,0.002941,3.525521
run_absl_btree_set,10000,com-orkut.ungraph,wBFS_unweighted,3,0.002957,3.502295
run_absl_btree_set,10000,com-orkut.ungraph,wBFS_unweighted,4,0.003031,3.496781
run_absl_btree_set,10000,com-orkut.ungraph,wBFS_unweighted,5,0.002996,3.50465
run_absl_btree_set,10000,com-orkut.ungraph,wBFS_unweighted,6,0.003329,3.592177
run_absl_btree_set,10000,com-orkut.ungraph,wBFS_unweighted,7,0.003739,3.586806
run_absl_btree_set,10000,com-orkut.ungraph,wBFS_unweighted,8,0.003764,3.613728
run_absl_btree_set,10000,com-orkut.ungraph,wBFS_unweighted,9,0.003033,3.468102
run_absl_btree_set,10000,soc-LiveJournal1,BFS,0,0.002385,0.013279
run_absl_btree_set,10000,soc-LiveJournal1,BFS,1,0.002203,0.010625
run_absl_btree_set,10000,soc-LiveJournal1,BFS,2,0.002175,0.010736
run_absl_btree_set,10000,soc-LiveJournal1,BFS,3,0.002174,0.010785
run_absl_btree_set,10000,soc-LiveJournal1,BFS,4,0.002169,0.010771
run_absl_btree_set,10000,soc-LiveJournal1,BFS,5,0.002142,0.010706
run_absl_btree_set,10000,soc-LiveJournal1,BFS,6,0.002157,0.010721
run_absl_btree_set,10000,soc-LiveJournal1,BFS,7,0.00216,0.010703
run_absl_btree_set,10000,soc-LiveJournal1,BFS,8,0.002165,0.010861
run_absl_btree_set,10000,soc-LiveJournal1,BFS,9,0.002262,0.011512
run_absl_btree_set,10000,soc-LiveJournal1,LabelPropagation,0,0.002605,0.027356
run_absl_btree_set,10000,soc-LiveJournal1,LabelPropagation,1,0.002612,0.024545
run_absl_btree_set,10000,soc-LiveJournal1,LabelPropagation,2,0.002647,0.024458
run_absl_btree_set,10000,soc-LiveJournal1,LabelPropagation,3,0.002672,0.024274
run_absl_btree_set,10000,soc-LiveJournal1,LabelPropagation,4,0.002617,0.024087
run_absl_btree_set,10000,soc-LiveJournal1,LabelPropagation,5,0.002782,0.024481
run_absl_btree_set,10000,soc-LiveJournal1,LabelPropagation,6,0.002711,0.025018
run_absl_btree_set,10000,soc-LiveJournal1,LabelPropagation,7,0.00286,0.024846
run_absl_btree_set,10000,soc-LiveJournal1,LabelPropagation,8,0.002869,0.024803
run_absl_btree_set,10000,soc-LiveJournal1,LabelPropagation,9,0.003097,0.025932
run_absl_btree_set,10000,soc-LiveJournal1,PageRank,0,0.002299,0.196675
run_absl_btree_set,10000,soc-LiveJournal1,PageRank,1,0.002267,0.19375
run_absl_btree_set,10000,soc-LiveJournal1,PageRank,2,0.002332,0.22006
run_absl_btree_set,10000,soc-LiveJournal1,PageRank,3,0.002472,0.226221
run_absl_btree_set,10000,soc-LiveJournal1,PageRank,4,0.002604,0.240718
run_absl_btree_set,10000,soc-LiveJournal1,PageRank,5,0.00267,0.230778
run_absl_btree_set,10000,soc-LiveJournal1,PageRank,6,0.002383,0.19913
run_absl_btree_set,10000,soc-LiveJournal1,PageRank,7,0.003763,0.203681
run_absl_btree_set,10000,soc-LiveJournal1,PageRank,8,0.002229,0.193166
run_absl_btree_set,10000,soc-LiveJournal1,PageRank,9,0.002361,0.19675
run_absl_btree_set,10000,soc-LiveJournal1,wBFS_unweighted,0,0.002353,5.104533
run_absl_btree_set,10000,soc-LiveJournal1,wBFS_unweighted,1,0.002604,5.052298
run_absl_btree_set,10000,soc-LiveJournal1,wBFS_unweighted,2,0.002537,5.080227
run_absl_btree_set,10000,soc-LiveJournal1,wBFS_unweighted,3,0.002645,5.08585
run_absl_btree_set,10000,soc-LiveJournal1,wBFS_unweighted,4,0.002339,5.039868
run_absl_btree_set,10000,soc-LiveJournal1,wBFS_unweighted,5,0.002266,5.010509
run_absl_btree_set,10000,soc-LiveJournal1,wBFS_unweighted,6,0.002264,5.074984
run_absl_btree_set,10000,soc-LiveJournal1,wBFS_unweighted,7,0.002461,5.033003
run_absl_btree_set,10000,soc-LiveJournal1,wBFS_unweighted,8,0.002313,5.022138
run_absl_btree_set,10000,soc-LiveJournal1,wBFS_unweighted,9,0.002502,5.022456
run_absl_btree_set,10000,twitter-unique-undir,BFS,0,0.005343,0.196998
run_absl_btree_set,10000,twitter-unique-undir,BFS,1,0.00593,0.095204
run_absl_btree_set,10000,twitter-unique-undir,BFS,2,0.004716,0.093479
run_absl_btree_set,10000,twitter-unique-undir,BFS,3,0.005145,0.092941
run_absl_btree_set,10000,twitter-unique-undir,BFS,4,0.005612,0.092713
run_absl_btree_set,10000,twitter-unique-undir,BFS,5,0.005157,0.092445
run_absl_btree_set,10000,twitter-unique-undir,BFS,6,0.005822,0.093691
run_absl_btree_set,10000,twitter-unique-undir,BFS,7,0.004849,0.093583
run_absl_btree_set,10000,twitter-unique-undir,BFS,8,0.005527,0.092301
run_absl_btree_set,10000,twitter-unique-undir,BFS,9,0.005371,0.092816
run_absl_btree_set,10000,twitter-unique-undir,LabelPropagation,0,0.004955,1.024834
run_absl_btree_set,10000,twitter-unique-undir,LabelPropagation,1,0.003263,0.883716
run_absl_btree_set,10000,twitter-unique-undir,LabelPropagation,2,0.003316,0.866279
run_absl_btree_set,10000,twitter-unique-undir,LabelPropagation,3,0.00327,0.875153
run_absl_btree_set,10000,twitter-unique-undir,LabelPropagation,4,0.003389,0.840182
run_absl_btree_set,10000,twitter-unique-undir,LabelPropagation,5,0.003464,0.833438
run_absl_btree_set,10000,twitter-unique-undir,LabelPropagation,6,0.00362,0.838211
run_absl_btree_set,10000,twitter-unique-undir,LabelPropagation,7,0.003763,0.850474
run_absl_btree_set,10000,twitter-unique-undir,LabelPropagation,8,0.003734,0.845819
run_absl_btree_set,10000,twitter-unique-undir,LabelPropagation,9,0.003909,0.848676
run_absl_btree_set,10000,twitter-unique-undir,PageRank,0,0.004287,7.895177
run_absl_btree_set,10000,twitter-unique-undir,PageRank,1,0.00265,7.716926
run_absl_btree_set,10000,twitter-unique-undir,PageRank,2,0.002737,7.258857
run_absl_btree_set,10000,twitter-unique-undir,PageRank,3,0.002675,7.130682
run_absl_btree_set,10000,twitter-unique-undir,PageRank,4,0.002709,7.294271
run_absl_btree_set,10000,twitter-unique-undir,PageRank,5,0.002688,8.611321
run_absl_btree_set,10000,twitter-unique-undir,PageRank,6,0.002631,8.647448
run_absl_btree_set,10000,twitter-unique-undir,PageRank,7,0.002639,8.240825
run_absl_btree_set,10000,twitter-unique-undir,PageRank,8,0.002672,7.051414
run_absl_btree_set,10000,twitter-unique-undir,PageRank,9,0.002726,8.605902
run_absl_btree_set,10000,twitter-unique-undir,wBFS_unweighted,0,0.004202,38.95106
run_absl_btree_set,10000,twitter-unique-undir,wBFS_unweighted,1,0.003256,38.835846
run_absl_btree_set,10000,twitter-unique-undir,wBFS_unweighted,2,0.003428,38.539854
run_absl_btree_set,10000,twitter-unique-undir,wBFS_unweighted,3,0.003056,37.657762
run_absl_btree_set,10000,twitter-unique-undir,wBFS_unweighted,4,0.002899,36.895626
run_absl_btree_set,10000,twitter-unique-undir,wBFS_unweighted,5,0.003011,37.519647
run_absl_btree_set,10000,twitter-unique-undir,wBFS_unweighted,6,0.002935,34.994857
run_absl_btree_set,10000,twitter-unique-undir,wBFS_unweighted,7,0.002825,34.868243
run_absl_btree_set,10000,twitter-unique-undir,wBFS_unweighted,8,0.002788,34.727421
run_absl_btree_set,10000,twitter-unique-undir,wBFS_unweighted,9,0.003002,36.169936
run_absl_btree_set,100000,cit-Patents,BFS,0,0.003807,0.01292
run_absl_btree_set,100000,cit-Patents,BFS,1,0.003835,0.012466
run_absl_btree_set,100000,cit-Patents,BFS,2,0.003885,0.012589
run_absl_btree_set,100000,cit-Patents,BFS,3,0.003985,0.012663
run_absl_btree_set,100000,cit-Patents,BFS,4,0.003949,0.012661
run_absl_btree_set,100000,cit-Patents,BFS,5,0.003979,0.012682
run_absl_btree_set,100000,cit-Patents,BFS,6,0.003997,0.01347
run_absl_btree_set,100000,cit-Patents,BFS,7,0.00408,0.013261
run_absl_btree_set,100000,cit-Patents,BFS,8,0.004066,0.013294
run_absl_btree_set,100000,cit-Patents,BFS,9,0.004185,0.013328
run_absl_btree_set,100000,cit-Patents,LabelPropagation,0,0.003337,0.024
run_absl_btree_set,100000,cit-Patents,LabelPropagation,1,0.00328,0.022851
run_absl_btree_set,100000,cit-Patents,LabelPropagation,2,0.003431,0.023283
run_absl_btree_set,100000,cit-Patents,LabelPropagation,3,0.003532,0.022953
run_absl_btree_set,100000,cit-Patents,LabelPropagation,4,0.003575,0.023431
run_absl_btree_set,100000,cit-Patents,LabelPropagation,5,0.003633,0.022279
run_absl_btree_set,100000,cit-Patents,LabelPropagation,6,0.003687,0.022692
run_absl_btree_set,100000,cit-Patents,LabelPropagation,7,0.003722,0.023201
run_absl_btree_set,100000,cit-Patents,LabelPropagation,8,0.004058,0.023138
run_absl_btree_set,100000,cit-Patents,LabelPropagation,9,0.003829,0.023398
run_absl_btree_set,100000,cit-Patents,PageRank,0,0.003456,0.174834
run_absl_btree_set,100000,cit-Patents,PageRank,1,0.003728,0.17273
run_absl_btree_set,100000,cit-Patents,PageRank,2,0.004417,0.185546
run_absl_btree_set,100000,cit-Patents,PageRank,3,0.004355,0.184265
run_absl_btree_set,100000,cit-Patents,PageRank,4,0.003826,0.186324
run_absl_btree_set,100000,cit-Patents,PageRank,5,0.003719,0.190827
run_absl_btree_set,100000,cit-Patents,PageRank,6,0.00438,0.194409
run_absl_btree_set,100000,cit-Patents,PageRank,7,0.004216,0.185032
run_absl_btree_set,100000,cit-Patents,PageRank,8,0.004108,0.188393
run_absl_btree_set,100000,cit-Patents,PageRank,9,0.004957,0.189497
run_absl_btree_set,100000,cit-Patents,wBFS_unweighted,0,0.003787,5.296715
run_absl_btree_set,100000,cit-Patents,wBFS_unweighted,1,0.005109,5.263295
run_absl_btree_set,100000,cit-Patents,wBFS_unweighted,2,0.004907,5.21694
run_absl_btree_set,100000,cit-Patents,wBFS_unweighted,3,0.004142,5.180819
run_absl_btree_set,100000,cit-Patents,wBFS_unweighted,4,0.004195,5.19113
run_absl_btree_set,100000,cit-Patents,wBFS_unweighted,5,0.004468,5.181623
run_absl_btree_set,100000,cit-Patents,wBFS_unweighted,6,0.004781,5.135209
run_absl_btree_set,100000,cit-Patents,wBFS_unweighted,7,0.004168,5.139331
run_absl_btree_set,100000,cit-Patents,wBFS_unweighted,8,0.004495,5.221173
run_absl_btree_set,100000,cit-Patents,wBFS_unweighted,9,0.005168,5.130219
run_absl_btree_set,100000,com-friendster,BFS,0,0.005928,2.843853
run_absl_btree_set,100000,com-friendster,BFS,1,0.004945,2.197148
run_absl_btree_set,100000,com-friendster,BFS,2,0.004795,2.208767
run_absl_btree_set,100000,com-friendster,BFS,3,0.004725,2.199758
run_absl_btree_set,100000,com-friendster,BFS,4,0.004593,2.202352
run_absl_btree_set,100000,com-friendster,BFS,5,0.004293,2.191476
run_absl_btree_set,100000,com-friendster,BFS,6,0.004705,2.169659
run_absl_btree_set,100000,com-friendster,BFS,7,0.004728,2.169224
run_absl_btree_set,100000,com-friendster,BFS,8,0.004697,2.170637
run_absl_btree_set,100000,com-friendster,BFS,9,0.004746,2.163281
run_absl_btree_set,100000,com-friendster,LabelPropagation,0,0.005217,4.148254
run_absl_btree_set,100000,com-friendster,LabelPropagation,1,0.005491,3.911872
run_absl_btree_set,100000,com-friendster,LabelPropagation,2,0.005788,3.86384
run_absl_btree_set,100000,com-friendster,LabelPropagation,3,0.005858,3.939244
run_absl_btree_set,100000,com-friendster,LabelPropagation,4,0.006397,3.823985
run_absl_btree_set,100000,com-friendster,LabelPropagation,5,0.005852,3.890727
run_absl_btree_set,100000,com-friendster,LabelPropagation,6,0.00612,3.886354
run_absl_btree_set,100000,com-friendster,LabelPropagation,7,0.00667,3.877834
run_absl_btree_set,100000,com-friendster,LabelPropagation,8,0.006684,3.841111
run_absl_btree_set,100000,com-friendster,LabelPropagation,9,0.007507,3.901949
run_absl_btree_set,100000,com-friendster,PageRank,0,0.004825,54.312956
run_absl_btree_set,100000,com-friendster,PageRank,1,0.005682,55.388574
run_absl_btree_set,100000,com-friendster,PageRank,2,0.009538,54.929236
run_absl_btree_set,100000,com-friendster,PageRank,3,0.00568,54.530556
run_absl_btree_set,100000,com-friendster,PageRank,4,0.005048,54.521709
run_absl_btree_set,100000,com-friendster,PageRank,5,0.004882,54.512597
run_absl_btree_set,100000,com-friendster,PageRank,6,0.004699,54.478239
run_absl_btree_set,100000,com-friendster,PageRank,7,0.004662,54.388283
run_absl_btree_set,100000,com-friendster,PageRank,8,0.004737,54.346041
run_absl_btree_set,100000,com-friendster,PageRank,9,0.005395,25.793475
run_absl_btree_set,100000,com-friendster,wBFS_unweighted,0,0.007085,51.792092
run_absl_btree_set,100000,com-friendster,wBFS_unweighted,1,0.010577,50.634809
run_absl_btree_set,100000,com-friendster,wBFS_unweighted,2,0.007738,49.850244
run_absl_btree_set,100000,com-friendster,wBFS_unweighted,3,0.007291,51.415936
run_absl_btree_set,100000,com-friendster,wBFS_unweighted,4,0.005587,60.953168
run_absl_btree_set,100000,com-friendster,wBFS_unweighted,5,0.005224,77.333454
run_absl_btree_set,100000,com-friendster,wBFS_unweighted,6,0.005466,70.23817
run_absl_btree_set,100000,com-friendster,wBFS_unweighted,7,0.00602,81.088867
run_absl_btree_set,100000,com-friendster,wBFS_unweighted,8,0.006023,60.377186
run_absl_btree_set,100000,com-friendster,wBFS_unweighted,9,0.005027,64.799948
run_absl_btree_set,100000,com-orkut.ungraph,BFS,0,0.003212,0.00836
run_absl_btree_set,100000,com-orkut.ungraph,BFS,1,0.003148,0.00638
run_absl_btree_set,100000,com-orkut.ungraph,BFS,2,0.003264,0.006276
run_absl_btree_set,100000,com-orkut.ungraph,BFS,3,0.003256,0.006222
run_absl_btree_set,100000,com-orkut.ungraph,BFS,4,0.003286,0.006192
run_absl_btree_set,100000,com-orkut.ungraph,BFS,5,0.003264,0.006315
run_absl_btree_set,100000,com-orkut.ungraph,BFS,6,0.003263,0.006306
run_absl_btree_set,100000,com-orkut.ungraph,BFS,7,0.003217,0.00645
run_absl_btree_set,100000,com-orkut.ungraph,BFS,8,0.003269,0.006312
run_absl_btree_set,100000,com-orkut.ungraph,BFS,9,0.003329,0.006064
run_absl_btree_set,100000,com-orkut.ungraph,LabelPropagation,0,0.00342,0.042661
run_absl_btree_set,100000,com-orkut.ungraph,LabelPropagation,1,0.004029,0.041871
run_absl_btree_set,100000,com-orkut.ungraph,LabelPropagation,2,0.004143,0.04222
run_absl_btree_set,100000,com-orkut.ungraph,LabelPropagation,3,0.004105,0.042367
run_absl_btree_set,100000,com-orkut.ungraph,LabelPropagation,4,0.004173,0.042016
run_absl_btree_set,100000,com-orkut.ungraph,LabelPropagation,5,0.004258,0.042544
run_absl_btree_set,100000,com-orkut.ungraph,LabelPropagation,6,0.004171,0.043932
run_absl_btree_set,100000,com-orkut.ungraph,LabelPropagation,7,0.005979,0.043224
run_absl_btree_set,100000,com-orkut.ungraph,LabelPropagation,8,0.00435,0.045584
run_absl_btree_set,100000,com-orkut.ungraph,LabelPropagation,9,0.004524,0.042648
run_absl_btree_set,100000,com-orkut.ungraph,PageRank,0,0.003184,0.300965
run_absl_btree_set,100000,com-orkut.ungraph,PageRank,1,0.003595,0.299101
run_absl_btree_set,100000,com-orkut.ungraph,PageRank,2,0.003665,0.299861
run_absl_btree_set,100000,com-orkut.ungraph,PageRank,3,0.003707,0.300648
run_absl_btree_set,100000,com-orkut.ungraph,PageRank,4,0.003719,0.298813
run_absl_btree_set,100000,com-orkut.ungraph,PageRank,5,0.003805,0.300554
run_absl_btree_set,100000,com-orkut.ungraph,PageRank,6,0.003773,0.301724
run_absl_btree_set,100000,com-orkut.ungraph,PageRank,7,0.003922,0.302306
run_absl_btree_set,100000,com-orkut.ungraph,PageRank,8,0.003905,0.302534
run_absl_btree_set,100000,com-orkut.ungraph,PageRank,9,0.004011,0.275228
run_absl_btree_set,100000,com-orkut.ungraph,wBFS_unweighted,0,0.003488,3.67895
run_absl_btree_set,100000,com-orkut.ungraph,wBFS_unweighted,1,0.008991,3.68071
run_absl_btree_set,100000,com-orkut.ungraph,wBFS_unweighted,2,0.004948,3.59968
run_absl_btree_set,100000,com-orkut.ungraph,wBFS_unweighted,3,0.005193,3.633833
run_absl_btree_set,100000,com-orkut.ungraph,wBFS_unweighted,4,0.005416,3.642484
run_absl_btree_set,100000,com-orkut.ungraph,wBFS_unweighted,5,0.005666,3.707072
run_absl_btree_set,100000,com-orkut.ungraph,wBFS_unweighted,6,0.005565,3.703421
run_absl_btree_set,100000,com-orkut.ungraph,wBFS_unweighted,7,0.006398,3.772339
run_absl_btree_set,100000,com-orkut.ungraph,wBFS_unweighted,8,0.006723,3.719512
run_absl_btree_set,100000,com-orkut.ungraph,wBFS_unweighted,9,0.005699,3.686548
run_absl_btree_set,100000,soc-LiveJournal1,BFS,0,0.003622,0.010242
run_absl_btree_set,100000,soc-LiveJournal1,BFS,1,0.003655,0.009674
run_absl_btree_set,100000,soc-LiveJournal1,BFS,2,0.003657,0.009709
run_absl_btree_set,100000,soc-LiveJournal1,BFS,3,0.003663,0.009628
run_absl_btree_set,100000,soc-LiveJournal1,BFS,4,0.00363,0.009677
run_absl_btree_set,100000,soc-LiveJournal1,BFS,5,0.00367,0.00975
run_absl_btree_set,100000,soc-LiveJournal1,BFS,6,0.003631,0.009712
run_absl_btree_set,100000,soc-LiveJournal1,BFS,7,0.00361,0.00982
run_absl_btree_set,100000,soc-LiveJournal1,BFS,8,0.003766,0.010058
run_absl_btree_set,100000,soc-LiveJournal1,BFS,9,0.00376,0.009829
run_absl_btree_set,100000,soc-LiveJournal1,LabelPropagation,0,0.003012,0.028664
run_absl_btree_set,100000,soc-LiveJournal1,LabelPropagation,1,0.003184,0.026886
run_absl_btree_set,100000,soc-LiveJournal1,LabelPropagation,2,0.003359,0.026898
run_absl_btree_set,100000,soc-LiveJournal1,LabelPropagation,3,0.003261,0.027483
run_absl_btree_set,100000,soc-LiveJournal1,LabelPropagation,4,0.003292,0.026852
run_absl_btree_set,100000,soc-LiveJournal1,LabelPropagation,5,0.003281,0.027055
run_absl_btree_set,100000,soc-LiveJournal1,LabelPropagation,6,0.003297,0.027048
run_absl_btree_set,100000,soc-LiveJournal1,LabelPropagation,7,0.003263,0.027308
run_absl_btree_set,100000,soc-LiveJournal1,LabelPropagation,8,0.003534,0.027049
run_absl_btree_set,100000,soc-LiveJournal1,LabelPropagation,9,0.003566,0.027093
run_absl_btree_set,100000,soc-LiveJournal1,PageRank,0,0.003441,0.190079
run_absl_btree_set,100000,soc-LiveJournal1,PageRank,1,0.003605,0.205285
run_absl_btree_set,100000,soc-LiveJournal1,PageRank,2,0.005638,0.227703
run_absl_btree_set,100000,soc-LiveJournal1,PageRank,3,0.00481,0.214172
run_absl_btree_set,100000,soc-LiveJournal1,PageRank,4,0.004188,0.199368
run_absl_btree_set,100000,soc-LiveJournal1,PageRank,5,0.004163,0.19321
run_absl_btree_set,100000,soc-LiveJournal1,PageRank,6,0.004555,0.210084
run_absl_btree_set,100000,soc-LiveJournal1,PageRank,7,0.005043,0.212821
run_absl_btree_set,100000,soc-LiveJournal1,PageRank,8,0.005521,0.214918
run_absl_btree_set,100000,soc-LiveJournal1,PageRank,9,0.004824,0.203314
run_absl_btree_set,100000,soc-LiveJournal1,wBFS_unweighted,0,0.003666,5.311914
run_absl_btree_set,100000,soc-LiveJournal1,wBFS_unweighted,1,0.005008,5.340253
run_absl_btree_set,100000,soc-LiveJournal1,wBFS_unweighted,2,0.005052,5.406169
run_absl_btree_set,100000,soc-LiveJournal1,wBFS_unweighted,3,0.004617,5.3925
run_absl_btree_set,100000,soc-LiveJournal1,wBFS_unweighted,4,0.004555,5.370751
run_absl_btree_set,100000,soc-LiveJournal1,wBFS_unweighted,5,0.004203,5.379851
run_absl_btree_set,100000,soc-LiveJournal1,wBFS_unweighted,6,0.00422,5.386235
run_absl_btree_set,100000,soc-LiveJournal1,wBFS_unweighted,7,0.005268,5.302515
run_absl_btree_set,100000,soc-LiveJournal1,wBFS_unweighted,8,0.004289,5.302105
run_absl_btree_set,100000,soc-LiveJournal1,wBFS_unweighted,9,0.004368,5.258984
run_absl_btree_set,100000,twitter-unique-undir,BFS,0,0.017733,0.164626
run_absl_btree_set,100000,twitter-unique-undir,BFS,1,0.018166,0.105178
run_absl_btree_set,100000,twitter-unique-undir,BFS,2,0.01774,0.101562
run_absl_btree_set,100000,twitter-unique-undir,BFS,3,0.017443,0.102323
run_absl_btree_set,100000,twitter-unique-undir,BFS,4,0.018669,0.1026
run_absl_btree_set,100000,twitter-unique-undir,BFS,5,0.017804,0.100962
run_absl_btree_set,100000,twitter-unique-undir,BFS,6,0.021491,0.101177
run_absl_btree_set,100000,twitter-unique-undir,BFS,7,0.016666,0.102462
run_absl_btree_set,100000,twitter-unique-undir,BFS,8,0.018794,0.10108
run_absl_btree_set,100000,twitter-unique-undir,BFS,9,0.015914,0.101077
run_absl_btree_set,100000,twitter-unique-undir,LabelPropagation,0,0.012378,0.986156
run_absl_btree_set,100000,twitter-unique-undir,LabelPropagation,1,0.010058,0.901454
run_absl_btree_set,100000,twitter-unique-undir,LabelPropagation,2,0.008582,0.902128
run_absl_btree_set,100000,twitter-unique-undir,LabelPropagation,3,0.008912,0.893773
run_absl_btree_set,100000,twitter-unique-undir,LabelPropagation,4,0.011847,0.90147
run_absl_btree_set,100000,twitter-unique-undir,LabelPropagation,5,0.010856,0.876308
run_absl_btree_set,100000,twitter-unique-undir,LabelPropagation,6,0.012913,0.89088
run_absl_btree_set,100000,twitter-unique-undir,LabelPropagation,7,0.01134,0.893572
run_absl_btree_set,100000,twitter-unique-undir,LabelPropagation,8,0.012703,0.872527
run_absl_btree_set,100000,twitter-unique-undir,LabelPropagation,9,0.013035,0.884225
run_absl_btree_set,100000,twitter-unique-undir,PageRank,0,0.011947,7.548777
run_absl_btree_set,100000,twitter-unique-undir,PageRank,1,0.007942,7.435466
run_absl_btree_set,100000,twitter-unique-undir,PageRank,2,0.008339,7.297992
run_absl_btree_set,100000,twitter-unique-undir,PageRank,3,0.007108,7.246919
run_absl_btree_set,100000,twitter-unique-undir,PageRank,4,0.007496,7.256232
run_absl_btree_set,100000,twitter-unique-undir,PageRank,5,0.008407,7.248834
run_absl_btree_set,100000,twitter-unique-undir,PageRank,6,0.008988,8.146299
run_absl_btree_set,100000,twitter-unique-undir,PageRank,7,0.007812,8.966674
run_absl_btree_set,100000,twitter-unique-undir,PageRank,8,0.008195,7.710855
run_absl_btree_set,100000,twitter-unique-undir,PageRank,9,0.008595,9.413154
run_absl_btree_set,100000,twitter-unique-undir,wBFS_unweighted,0,0.01191,32.947417
run_absl_btree_set,100000,twitter-unique-undir,wBFS_unweighted,1,0.008734,32.778174
run_absl_btree_set,100000,twitter-unique-undir,wBFS_unweighted,2,0.006443,32.226475
run_absl_btree_set,100000,twitter-unique-undir,wBFS_unweighted,3,0.006466,32.641772
run_absl_btree_set,100000,twitter-unique-undir,wBFS_unweighted,4,0.006155,32.520256
run_absl_btree_set,100000,twitter-unique-undir,wBFS_unweighted,5,0.0059,32.11732
run_absl_btree_set,100000,twitter-unique-undir,wBFS_unweighted,6,0.00636,32.40985
run_absl_btree_set,100000,twitter-unique-undir,wBFS_unweighted,7,0.004852,32.163035
run_absl_btree_set,100000,twitter-unique-undir,wBFS_unweighted,8,0.00535,32.298848
run_absl_btree_set,100000,twitter-unique-undir,wBFS_unweighted,9,0.005108,31.944951
run_absl_btree_set,1000000,cit-Patents,BFS,0,0.012818,0.012044
run_absl_btree_set,1000000,cit-Patents,BFS,1,0.013311,0.011343
run_absl_btree_set,1000000,cit-Patents,BFS,2,0.015533,0.011405
run_absl_btree_set,1000000,cit-Patents,BFS,3,0.013871,0.010742
run_absl_btree_set,1000000,cit-Patents,BFS,4,0.013577,0.010834
run_absl_btree_set,1000000,cit-Patents,BFS,5,0.013202,0.01196
run_absl_btree_set,1000000,cit-Patents,BFS,6,0.013676,0.011368
run_absl_btree_set,1000000,cit-Patents,BFS,7,0.013529,0.010957
run_absl_btree_set,1000000,cit-Patents,BFS,8,0.01344,0.011155
run_absl_btree_set,1000000,cit-Patents,BFS,9,0.014096,0.01161
run_absl_btree_set,1000000,cit-Patents,LabelPropagation,0,0.017186,0.020619
run_absl_btree_set,1000000,cit-Patents,LabelPropagation,1,0.013545,0.021885
run_absl_btree_set,1000000,cit-Patents,LabelPropagation,2,0.014544,0.02118
run_absl_btree_set,1000000,cit-Patents,LabelPropagation,3,0.014503,0.020889
run_absl_btree_set,1000000,cit-Patents,LabelPropagation,4,0.014773,0.0214
run_absl_btree_set,1000000,cit-Patents,LabelPropagation,5,0.014571,0.021746
run_absl_btree_set,1000000,cit-Patents,LabelPropagation,6,0.017461,0.02592
run_absl_btree_set,1000000,cit-Patents,LabelPropagation,7,0.016131,0.027016
run_absl_btree_set,1000000,cit-Patents,LabelPropagation,8,0.018434,0.031056
run_absl_btree_set,1000000,cit-Patents,LabelPropagation,9,0.021345,0.035878
run_absl_btree_set,1000000,cit-Patents,PageRank,0,0.012761,0.144897
run_absl_btree_set,1000000,cit-Patents,PageRank,1,0.014447,0.152696
run_absl_btree_set,1000000,cit-Patents,PageRank,2,0.014037,0.159114
run_absl_btree_set,1000000,cit-Patents,PageRank,3,0.01685,0.162744
run_absl_btree_set,1000000,cit-Patents,PageRank,4,0.014703,0.163735
run_absl_btree_set,1000000,cit-Patents,PageRank,5,0.015424,0.17248
run_absl_btree_set,1000000,cit-Patents,PageRank,6,0.015619,0.178933
run_absl_btree_set,1000000,cit-Patents,PageRank,7,0.0158,0.183055
run_absl_btree_set,1000000,cit-Patents,PageRank,8,0.01521,0.190469
run_absl_btree_set,1000000,cit-Patents,PageRank,9,0.015458,0.182994
run_absl_btree_set,1000000,cit-Patents,wBFS_unweighted,0,0.012541,5.468975
run_absl_btree_set,1000000,cit-Patents,wBFS_unweighted,1,0.013497,5.483832
run_absl_btree_set,1000000,cit-Patents,wBFS_unweighted,2,0.014679,5.407609
run_absl_btree_set,1000000,cit-Patents,wBFS_unweighted,3,0.015199,5.307265
run_absl_btree_set,1000000,cit-Patents,wBFS_unweighted,4,0.015101,5.221821
run_absl_btree_set,1000000,cit-Patents,wBFS_unweighted,5,0.01446,5.172339
run_absl_btree_set,1000000,cit-Patents,wBFS_unweighted,6,0.013927,5.155737
run_absl_btree_set,1000000,cit-Patents,wBFS_unweighted,7,0.013737,5.139518
run_absl_btree_set,1000000,cit-Patents,wBFS_unweighted,8,0.014924,5.083451
run_absl_btree_set,1000000,cit-Patents,wBFS_unweighted,9,0.015372,5.089454
run_absl_btree_set,1000000,com-friendster,BFS,0,0.023332,3.011408
run_absl_btree_set,1000000,com-friendster,BFS,1,0.029232,2.94097
run_absl_btree_set,1000000,com-friendster,BFS,2,0.027831,2.921083
run_absl_btree_set,1000000,com-friendster,BFS,3,0.030857,2.911877
run_absl_btree_set,1000000,com-friendster,BFS,4,0.027828,2.870943
run_absl_btree_set,1000000,com-friendster,BFS,5,0.027564,2.869315
run_absl_btree_set,1000000,com-friendster,BFS,6,0.028591,2.853038
run_absl_btree_set,1000000,com-friendster,BFS,7,0.026909,2.837781
run_absl_btree_set,1000000,com-friendster,BFS,8,0.028936,2.834174
run_absl_btree_set,1000000,com-friendster,BFS,9,0.030515,2.863037
run_absl_btree_set,1000000,com-friendster,LabelPropagation,0,0.023482,4.326809
run_absl_btree_set,1000000,com-friendster,LabelPropagation,1,0.026694,4.086306
run_absl_btree_set,1000000,com-friendster,LabelPropagation,2,0.026077,4.156151
run_absl_btree_set,1000000,com-friendster,LabelPropagation,3,0.025646,4.173298
run_absl_btree_set,1000000,com-friendster,LabelPropagation,4,0.026786,4.18115
run_absl_btree_set,1000000,com-friendster,LabelPropagation,5,0.025886,4.162587
run_absl_btree_set,1000000,com-friendster,LabelPropagation,6,0.025033,4.127958
run_absl_btree_set,1000000,com-friendster,LabelPropagation,7,0.025555,4.059392
run_absl_btree_set,1000000,com-friendster,LabelPropagation,8,0.025463,4.122965
run_absl_btree_set,1000000,com-friendster,LabelPropagation,9,0.029544,4.195
run_absl_btree_set,1000000,com-friendster,PageRank,0,0.023377,69.911131
run_absl_btree_set,1000000,com-friendster,PageRank,1,0.02695,111.66485
run_absl_btree_set,1000000,com-friendster,PageRank,2,0.027231,129.119077
run_absl_btree_set,1000000,com-friendster,PageRank,3,0.026936,137.907256
run_absl_btree_set,1000000,com-friendster,PageRank,4,0.025369,130.089821
run_absl_btree_set,1000000,com-friendster,PageRank,5,0.024995,130.838256
run_absl_btree_set,1000000,com-friendster,PageRank,6,0.024085,144.163809
run_absl_btree_set,1000000,com-friendster,PageRank,7,0.028837,142.844905
run_absl_btree_set,1000000,com-friendster,PageRank,8,0.026357,146.294368
run_absl_btree_set,1000000,com-friendster,PageRank,9,0.02882,76.838022
run_absl_btree_set,1000000,com-friendster,wBFS_unweighted,0,0.025071,51.824727
run_absl_btree_set,1000000,com-friendster,wBFS_unweighted,1,0.025687,51.688899
run_absl_btree_set,1000000,com-friendster,wBFS_unweighted,2,0.058186,60.157154
run_absl_btree_set,1000000,com-friendster,wBFS_unweighted,3,0.04087,57.70595
run_absl_btree_set,1000000,com-friendster,wBFS_unweighted,4,0.035648,62.98607
run_absl_btree_set,1000000,com-friendster,wBFS_unweighted,5,0.025943,66.417879
run_absl_btree_set,1000000,com-friendster,wBFS_unweighted,6,0.024702,52.018875
run_absl_btree_set,1000000,com-friendster,wBFS_unweighted,7,0.028654,56.426558
run_absl_btree_set,1000000,com-friendster,wBFS_unweighted,8,0.029136,59.393912
run_absl_btree_set,1000000,com-friendster,wBFS_unweighted,9,0.027115,51.911888
run_absl_btree_set,1000000,com-orkut.ungraph,BFS,0,0.008091,0.007666
run_absl_btree_set,1000000,com-orkut.ungraph,BFS,1,0.008044,0.006983
run_absl_btree_set,1000000,com-orkut.ungraph,BFS,2,0.009896,0.007107
run_absl_btree_set,1000000,com-orkut.ungraph,BFS,3,0.008147,0.00688
run_absl_btree_set,1000000,com-orkut.ungraph,BFS,4,0.008329,0.007361
run_absl_btree_set,1000000,com-orkut.ungraph,BFS,5,0.008509,0.007121
run_absl_btree_set,1000000,com-orkut.ungraph,BFS,6,0.008736,0.00702
run_absl_btree_set,1000000,com-orkut.ungraph,BFS,7,0.008413,0.006918
run_absl_btree_set,1000000,com-orkut.ungraph,BFS,8,0.008194,0.007033
run_absl_btree_set,1000000,com-orkut.ungraph,BFS,9,0.008057,0.006888
run_absl_btree_set,1000000,com-orkut.ungraph,LabelPropagation,0,0.007766,0.044461
run_absl_btree_set,1000000,com-orkut.ungraph,LabelPropagation,1,0.008234,0.043707
run_absl_btree_set,1000000,com-orkut.ungraph,LabelPropagation,2,0.008184,0.043981
run_absl_btree_set,1000000,com-orkut.ungraph,LabelPropagation,3,0.008419,0.044089
run_absl_btree_set,1000000,com-orkut.ungraph,LabelPropagation,4,0.008353,0.043976
run_absl_btree_set,1000000,com-orkut.ungraph,LabelPropagation,5,0.008462,0.044031
run_absl_btree_set,1000000,com-orkut.ungraph,LabelPropagation,6,0.008114,0.044742
run_absl_btree_set,1000000,com-orkut.ungraph,LabelPropagation,7,0.008268,0.044734
run_absl_btree_set,1000000,com-orkut.ungraph,LabelPropagation,8,0.008283,0.045059
run_absl_btree_set,1000000,com-orkut.ungraph,LabelPropagation,9,0.008547,0.045995
run_absl_btree_set,1000000,com-orkut.ungraph,PageRank,0,0.007717,0.302221
run_absl_btree_set,1000000,com-orkut.ungraph,PageRank,1,0.008206,0.296942
run_absl_btree_set,1000000,com-orkut.ungraph,PageRank,2,0.008152,0.298736
run_absl_btree_set,1000000,com-orkut.ungraph,PageRank,3,0.00803,0.301055
run_absl_btree_set,1000000,com-orkut.ungraph,PageRank,4,0.008336,0.315782
run_absl_btree_set,1000000,com-orkut.ungraph,PageRank,5,0.008147,0.312842
run_absl_btree_set,1000000,com-orkut.ungraph,PageRank,6,0.008084,0.312816
run_absl_btree_set,1000000,com-orkut.ungraph,PageRank,7,0.008208,0.319126
run_absl_btree_set,1000000,com-orkut.ungraph,PageRank,8,0.008386,0.32001
run_absl_btree_set,1000000,com-orkut.ungraph,PageRank,9,0.00868,0.32096
run_absl_btree_set,1000000,com-orkut.ungraph,wBFS_unweighted,0,0.007948,3.648839
run_absl_btree_set,1000000,com-orkut.ungraph,wBFS_unweighted,1,0.009356,3.598044
run_absl_btree_set,1000000,com-orkut.ungraph,wBFS_unweighted,2,0.011925,3.57742
run_absl_btree_set,1000000,com-orkut.ungraph,wBFS_unweighted,3,0.010165,3.745705
run_absl_btree_set,1000000,com-orkut.ungraph,wBFS_unweighted,4,0.010571,3.636551
run_absl_btree_set,1000000,com-orkut.ungraph,wBFS_unweighted,5,0.011106,3.659912
run_absl_btree_set,1000000,com-orkut.ungraph,wBFS_unweighted,6,0.010878,3.67111
run_absl_btree_set,1000000,com-orkut.ungraph,wBFS_unweighted,7,0.011506,3.866034
run_absl_btree_set,1000000,com-orkut.ungraph,wBFS_unweighted,8,0.01257,3.798957
run_absl_btree_set,1000000,com-orkut.ungraph,wBFS_unweighted,9,0.014556,3.683378
run_absl_btree_set,1000000,soc-LiveJournal1,BFS,0,0.00799,0.011721
run_absl_btree_set,1000000,soc-LiveJournal1,BFS,1,0.008843,0.010916
run_absl_btree_set,1000000,soc-LiveJournal1,BFS,2,0.008727,0.010922
run_absl_btree_set,1000000,soc-LiveJournal1,BFS,3,0.0087,0.010946
run_absl_btree_set,1000000,soc-LiveJournal1,BFS,4,0.008745,0.010802
run_absl_btree_set,1000000,soc-LiveJournal1,BFS,5,0.008977,0.010976
run_absl_btree_set,1000000,soc-LiveJournal1,BFS,6,0.008826,0.010837
run_absl_btree_set,1000000,soc-LiveJournal1,BFS,7,0.008818,0.011107
run_absl_btree_set,1000000,soc-LiveJournal1,BFS,8,0.009093,0.010941
run_absl_btree_set,1000000,soc-LiveJournal1,BFS,9,0.009127,0.01085
run_absl_btree_set,1000000,soc-LiveJournal1,LabelPropagation,0,0.0079,0.024588
run_absl_btree_set,1000000,soc-LiveJournal1,LabelPropagation,1,0.008462,0.025006
run_absl_btree_set,1000000,soc-LiveJournal1,LabelPropagation,2,0.008713,0.025729
run_absl_btree_set,1000000,soc-LiveJournal1,LabelPropagation,3,0.00846,0.025643
run_absl_btree_set,1000000,soc-LiveJournal1,LabelPropagation,4,0.008816,0.025848
run_absl_btree_set,1000000,soc-LiveJournal1,LabelPropagation,5,0.008777,0.026848
run_absl_btree_set,1000000,soc-LiveJournal1,LabelPropagation,6,0.008736,0.026574
run_absl_btree_set,1000000,soc-LiveJournal1,LabelPropagation,7,0.008986,0.026904
run_absl_btree_set,1000000,soc-LiveJournal1,LabelPropagation,8,0.008747,0.027047
run_absl_btree_set,1000000,soc-LiveJournal1,LabelPropagation,9,0.008932,0.031801
run_absl_btree_set,1000000,soc-LiveJournal1,PageRank,0,0.007948,0.195702
run_absl_btree_set,1000000,soc-LiveJournal1,PageRank,1,0.009105,0.201532
run_absl_btree_set,1000000,soc-LiveJournal1,PageRank,2,0.009225,0.19821
run_absl_btree_set,1000000,soc-LiveJournal1,PageRank,3,0.009333,0.207872
run_absl_btree_set,1000000,soc-LiveJournal1,PageRank,4,0.009251,0.211286
run_absl_btree_set,1000000,soc-LiveJournal1,PageRank,5,0.009297,0.20773
run_absl_btree_set,1000000,soc-LiveJournal1,PageRank,6,0.009074,0.210889
run_absl_btree_set,1000000,soc-LiveJournal1,PageRank,7,0.009432,0.216465
run_absl_btree_set,1000000,soc-LiveJournal1,PageRank,8,0.009321,0.222523
run_absl_btree_set,1000000,soc-LiveJournal1,PageRank,9,0.010368,0.223931
run_absl_btree_set,1000000,soc-LiveJournal1,wBFS_unweighted,0,0.008733,5.320238
run_absl_btree_set,1000000,soc-LiveJournal1,wBFS_unweighted,1,0.010132,5.34767
run_absl_btree_set,1000000,soc-LiveJournal1,wBFS_unweighted,2,0.013352,5.463771
run_absl_btree_set,1000000,soc-LiveJournal1,wBFS_unweighted,3,0.012382,5.515656
run_absl_btree_set,1000000,soc-LiveJournal1,wBFS_unweighted,4,0.011759,5.438719
run_absl_btree_set,1000000,soc-LiveJournal1,wBFS_unweighted,5,0.011671,5.391074
run_absl_btree_set,1000000,soc-LiveJournal1,wBFS_unweighted,6,0.010761,5.306094
run_absl_btree_set,1000000,soc-LiveJournal1,wBFS_unweighted,7,0.011336,5.556444
run_absl_btree_set,1000000,soc-LiveJournal1,wBFS_unweighted,8,0.012035,5.542042
run_absl_btree_set,1000000,soc-LiveJournal1,wBFS_unweighted,9,0.010986,5.271324
run_absl_btree_set,1000000,twitter-unique-undir,BFS,0,0.047455,0.10856
run_absl_btree_set,1000000,twitter-unique-undir,BFS,1,0.053893,0.103208
run_absl_btree_set,1000000,twitter-unique-undir,BFS,2,0.051396,0.103744
run_absl_btree_set,1000000,twitter-unique-undir,BFS,3,0.048316,0.102838
run_absl_btree_set,1000000,twitter-unique-undir,BFS,4,0.054736,0.104306
run_absl_btree_set,1000000,twitter-unique-undir,BFS,5,0.053628,0.098738
run_absl_btree_set,1000000,twitter-unique-undir,BFS,6,0.061407,0.097924
run_absl_btree_set,1000000,twitter-unique-undir,BFS,7,0.044815,0.098778
run_absl_btree_set,1000000,twitter-unique-undir,BFS,8,0.052173,0.098959
run_absl_btree_set,1000000,twitter-unique-undir,BFS,9,0.051403,0.099723
run_absl_btree_set,1000000,twitter-unique-undir,LabelPropagation,0,0.043414,0.835576
run_absl_btree_set,1000000,twitter-unique-undir,LabelPropagation,1,0.048201,0.835861
run_absl_btree_set,1000000,twitter-unique-undir,LabelPropagation,2,0.047939,0.852133
run_absl_btree_set,1000000,twitter-unique-undir,LabelPropagation,3,0.048309,0.856233
run_absl_btree_set,1000000,twitter-unique-undir,LabelPropagation,4,0.052636,0.858157
run_absl_btree_set,1000000,twitter-unique-undir,LabelPropagation,5,0.055261,0.85713
run_absl_btree_set,1000000,twitter-unique-undir,LabelPropagation,6,0.063037,0.851367
run_absl_btree_set,1000000,twitter-unique-undir,LabelPropagation,7,0.045026,0.858627
run_absl_btree_set,1000000,twitter-unique-undir,LabelPropagation,8,0.058395,0.855783
run_absl_btree_set,1000000,twitter-unique-undir,LabelPropagation,9,0.066179,0.881241
run_absl_btree_set,1000000,twitter-unique-undir,PageRank,0,0.042513,6.766178
run_absl_btree_set,1000000,twitter-unique-undir,PageRank,1,0.054412,6.650395
run_absl_btree_set,1000000,twitter-unique-undir,PageRank,2,0.051623,6.545375
run_absl_btree_set,1000000,twitter-unique-undir,PageRank,3,0.048555,6.565046
run_absl_btree_set,1000000,twitter-unique-undir,PageRank,4,0.048945,6.589926
run_absl_btree_set,1000000,twitter-unique-undir,PageRank,5,0.050749,6.595127
run_absl_btree_set,1000000,twitter-unique-undir,PageRank,6,0.055749,6.614809
run_absl_btree_set,1000000,twitter-unique-undir,PageRank,7,0.03666,6.633715
run_absl_btree_set,1000000,twitter-unique-undir,PageRank,8,0.049197,7.305825
run_absl_btree_set,1000000,twitter-unique-undir,PageRank,9,0.048403,7.967783
run_absl_btree_set,1000000,twitter-unique-undir,wBFS_unweighted,0,0.045299,33.449853
run_absl_btree_set,1000000,twitter-unique-undir,wBFS_unweighted,1,0.052372,31.79655
run_absl_btree_set,1000000,twitter-unique-undir,wBFS_unweighted,2,0.037958,31.312129
run_absl_btree_set,1000000,twitter-unique-undir,wBFS_unweighted,3,0.036148,31.54442
run_absl_btree_set,1000000,twitter-unique-undir,wBFS_unweighted,4,0.04146,31.562689
run_absl_btree_set,1000000,twitter-unique-undir,wBFS_unweighted,5,0.042312,31.592384
run_absl_btree_set,1000000,twitter-unique-undir,wBFS_unweighted,6,0.050661,31.21965
run_absl_btree_set,1000000,twitter-unique-undir,wBFS_unweighted,7,0.028568,31.324825
run_absl_btree_set,1000000,twitter-unique-undir,wBFS_unweighted,8,0.037127,31.812804
run_absl_btree_set,1000000,twitter-unique-undir,wBFS_unweighted,9,0.035661,31.617584
run_absl_flat_hash_set,1,cit-Patents,BFS,0,2e-06,0.027123
run_absl_flat_hash_set,1,cit-Patents,BFS,1,4e-06,0.014201
run_absl_flat_hash_set,1,cit-Patents,BFS,2,5e-06,0.014101
run_absl_flat_hash_set,1,cit-Patents,BFS,3,4e-06,0.014379
run_absl_flat_hash_set,1,cit-Patents,BFS,4,6e-06,0.014074
run_absl_flat_hash_set,1,cit-Patents,BFS,5,5e-06,0.014011
run_absl_flat_hash_set,1,cit-Patents,BFS,6,4e-06,0.014082
run_absl_flat_hash_set,1,cit-Patents,BFS,7,5e-06,0.014016
run_absl_flat_hash_set,1,cit-Patents,BFS,8,6e-06,0.014031
run_absl_flat_hash_set,1,cit-Patents,BFS,9,5e-06,0.014052
run_absl_flat_hash_set,1,cit-Patents,LabelPropagation,0,1e-06,0.027294
run_absl_flat_hash_set,1,cit-Patents,LabelPropagation,1,4e-06,0.02032
run_absl_flat_hash_set,1,cit-Patents,LabelPropagation,2,5e-06,0.01985
run_absl_flat_hash_set,1,cit-Patents,LabelPropagation,3,5e-06,0.019661
run_absl_flat_hash_set,1,cit-Patents,LabelPropagation,4,5e-06,0.019858
run_absl_flat_hash_set,1,cit-Patents,LabelPropagation,5,5e-06,0.019684
run_absl_flat_hash_set,1,cit-Patents,LabelPropagation,6,5e-06,0.019544
run_absl_flat_hash_set,1,cit-Patents,LabelPropagation,7,5e-06,0.019934
run_absl_flat_hash_set,1,cit-Patents,LabelPropagation,8,4e-06,0.022424
run_absl_flat_hash_set,1,cit-Patents,LabelPropagation,9,4e-06,0.019787
run_absl_flat_hash_set,1,cit-Patents,PageRank,0,1e-06,0.208776
run_absl_flat_hash_set,1,cit-Patents,PageRank,1,4e-06,0.214929
run_absl_flat_hash_set,1,cit-Patents,PageRank,2,4e-06,0.201444
run_absl_flat_hash_set,1,cit-Patents,PageRank,3,4e-06,0.202649
run_absl_flat_hash_set,1,cit-Patents,PageRank,4,5e-06,0.211042
run_absl_flat_hash_set,1,cit-Patents,PageRank,5,5e-06,0.195168
run_absl_flat_hash_set,1,cit-Patents,PageRank,6,5e-06,0.190114
run_absl_flat_hash_set,1,cit-Patents,PageRank,7,2.1e-05,0.193071
run_absl_flat_hash_set,1,cit-Patents,PageRank,8,3e-06,0.190499
run_absl_flat_hash_set,1,cit-Patents,PageRank,9,5e-06,0.190613
run_absl_flat_hash_set,1,cit-Patents,wBFS_unweighted,0,2e-06,4.536315
run_absl_flat_hash_set,1,cit-Patents,wBFS_unweighted,1,4e-06,4.479798
run_absl_flat_hash_set,1,cit-Patents,wBFS_unweighted,2,3e-06,4.54241
run_absl_flat_hash_set,1,cit-Patents,wBFS_unweighted,3,4e-06,4.555029
run_absl_flat_hash_set,1,cit-Patents,wBFS_unweighted,4,3e-06,4.502698
run_absl_flat_hash_set,1,cit-Patents,wBFS_unweighted,5,3e-06,4.484737
run_absl_flat_hash_set,1,cit-Patents,wBFS_unweighted,6,5e-06,4.512114
run_absl_flat_hash_set,1,cit-Patents,wBFS_unweighted,7,4e-06,4.557609
run_absl_flat_hash_set,1,cit-Patents,wBFS_unweighted,8,3e-06,4.483737
run_absl_flat_hash_set,1,cit-Patents,wBFS_unweighted,9,3e-06,4.510559
run_absl_flat_hash_set,1,com-friendster,BFS,0,3e-06,4.157814
run_absl_flat_hash_set,1,com-friendster,BFS,1,5e-06,3.855134
run_absl_flat_hash_set,1,com-friendster,BFS,2,5.2e-05,3.869826
run_absl_flat_hash_set,1,com-friendster,BFS,3,4e-06,3.874031
run_absl_flat_hash_set,1,com-friendster,BFS,4,3e-06,3.884474
run_absl_flat_hash_set,1,com-friendster,BFS,5,4e-06,3.891808
run_absl_flat_hash_set,1,com-friendster,BFS,6,4e-06,3.886436
run_absl_flat_hash_set,1,com-friendster,BFS,7,4e-06,3.885772
run_absl_flat_hash_set,1,com-friendster,BFS,8,4e-06,3.876859
run_absl_flat_hash_set,1,com-friendster,BFS,9,6e-06,3.879998
run_absl_flat_hash_set,1,com-friendster,LabelPropagation,0,2e-06,4.868266
run_absl_flat_hash_set,1,com-friendster,LabelPropagation,1,4e-06,4.557143
run_absl_flat_hash_set,1,com-friendster,LabelPropagation,2,4e-06,4.638102
run_absl_flat_hash_set,1,com-friendster,LabelPropagation,3,6e-06,4.628153
run_absl_flat_hash_set,1,com-friendster,LabelPropagation,4,4e-06,4.617866
run_absl_flat_hash_set,1,com-friendster,LabelPropagation,5,5e-06,4.568575
run_absl_flat_hash_set,1,com-friendster,LabelPropagation,6,6e-06,4.603777
run_absl_flat_hash_set,1,com-friendster,LabelPropagation,7,5e-06,4.620236
run_absl_flat_hash_set,1,com-friendster,LabelPropagation,8,6e-06,4.597532
run_absl_flat_hash_set,1,com-friendster,LabelPropagation,9,8e-06,4.570864
run_absl_flat_hash_set,1,com-friendster,PageRank,0,2e-06,36.765944
run_absl_flat_hash_set,1,com-friendster,PageRank,1,6e-06,29.565596
run_absl_flat_hash_set,1,com-friendster,PageRank,2,6e-06,38.615408
run_absl_flat_hash_set,1,com-friendster,PageRank,3,4e-06,40.265957
run_absl_flat_hash_set,1,com-friendster,PageRank,4,5e-06,38.675956
run_absl_flat_hash_set,1,com-friendster,PageRank,5,4e-06,31.973375
run_absl_flat_hash_set,1,com-friendster,PageRank,6,5e-06,36.968628
run_absl_flat_hash_set,1,com-friendster,PageRank,7,5e-06,34.560158
run_absl_flat_hash_set,1,com-friendster,PageRank,8,5e-06,40.374515
run_absl_flat_hash_set,1,com-friendster,PageRank,9,4e-06,37.093382
run_absl_flat_hash_set,1,com-friendster,wBFS_unweighted,0,2e-06,58.417656
run_absl_flat_hash_set,1,com-friendster,wBFS_unweighted,1,4e-06,63.658536
run_absl_flat_hash_set,1,com-friendster,wBFS_unweighted,2,4e-06,61.586323
run_absl_flat_hash_set,1,com-friendster,wBFS_unweighted,3,4e-06,80.428144
run_absl_flat_hash_set,1,com-friendster,wBFS_unweighted,4,3e-06,59.316234
run_absl_flat_hash_set,1,com-friendster,wBFS_unweighted,5,4e-06,81.013764
run_absl_flat_hash_set,1,com-friendster,wBFS_unweighted,6,4e-06,78.711246
run_absl_flat_hash_set,1,com-friendster,wBFS_unweighted,7,4e-06,90.251056
run_absl_flat_hash_set,1,com-friendster,wBFS_unweighted,8,3e-06,89.863372
run_absl_flat_hash_set,1,com-friendster,wBFS_unweighted,9,5e-06,87.077055
run_absl_flat_hash_set,1,com-orkut.ungraph,BFS,0,1e-06,0.017488
run_absl_flat_hash_set,1,com-orkut.ungraph,BFS,1,5e-06,0.011995
run_absl_flat_hash_set,1,com-orkut.ungraph,BFS,2,4e-06,0.011839
run_absl_flat_hash_set,1,com-orkut.ungraph,BFS,3,3e-06,0.011938
run_absl_flat_hash_set,1,com-orkut.ungraph,BFS,4,2e-06,0.01331
run_absl_flat_hash_set,1,com-orkut.ungraph,BFS,5,3e-06,0.012651
run_absl_flat_hash_set,1,com-orkut.ungraph,BFS,6,5e-06,0.012135
run_absl_flat_hash_set,1,com-orkut.ungraph,BFS,7,2e-06,0.011915
run_absl_flat_hash_set,1,com-orkut.ungraph,BFS,8,4e-06,0.012002
run_absl_flat_hash_set,1,com-orkut.ungraph,BFS,9,8e-06,0.013162
run_absl_flat_hash_set,1,com-orkut.ungraph,LabelPropagation,0,2e-06,0.052606
run_absl_flat_hash_set,1,com-orkut.ungraph,LabelPropagation,1,5e-06,0.043823
run_absl_flat_hash_set,1,com-orkut.ungraph,LabelPropagation,2,5e-06,0.043609
run_absl_flat_hash_set,1,com-orkut.ungraph,LabelPropagation,3,5e-06,0.043121
run_absl_flat_hash_set,1,com-orkut.ungraph,LabelPropagation,4,3e-06,0.043938
run_absl_flat_hash_set,1,com-orkut.ungraph,LabelPropagation,5,3e-06,0.044536
run_absl_flat_hash_set,1,com-orkut.ungraph,LabelPropagation,6,6e-06,0.044679
run_absl_flat_hash_set,1,com-orkut.ungraph,LabelPropagation,7,3e-06,0.043541
run_absl_flat_hash_set,1,com-orkut.ungraph,LabelPropagation,8,3e-06,0.043896
run_absl_flat_hash_set,1,com-orkut.ungraph,LabelPropagation,9,7e-06,0.043881
run_absl_flat_hash_set,1,com-orkut.ungraph,PageRank,0,1e-06,0.362363
run_absl_flat_hash_set,1,com-orkut.ungraph,PageRank,1,6e-06,0.402091
run_absl_flat_hash_set,1,com-orkut.ungraph,PageRank,2,5e-06,0.383475
run_absl_flat_hash_set,1,com-orkut.ungraph,PageRank,3,6e-06,0.353625
run_absl_flat_hash_set,1,com-orkut.ungraph,PageRank,4,4e-06,0.349474
run_absl_flat_hash_set,1,com-orkut.ungraph,PageRank,5,3e-06,0.344621
run_absl_flat_hash_set,1,com-orkut.ungraph,PageRank,6,5e-06,0.345733
run_absl_flat_hash_set,1,com-orkut.ungraph,PageRank,7,4e-06,0.354625
run_absl_flat_hash_set,1,com-orkut.ungraph,PageRank,8,5e-06,0.344215
run_absl_flat_hash_set,1,com-orkut.ungraph,PageRank,9,5e-06,0.347672
run_absl_flat_hash_set,1,com-orkut.ungraph,wBFS_unweighted,0,1e-06,3.540805
run_absl_flat_hash_set,1,com-orkut.ungraph,wBFS_unweighted,1,4e-06,3.41386
run_absl_flat_hash_set,1,com-orkut.ungraph,wBFS_unweighted,2,4e-06,3.392912
run_absl_flat_hash_set,1,com-orkut.ungraph,wBFS_unweighted,3,5e-06,3.390973
run_absl_flat_hash_set,1,com-orkut.ungraph,wBFS_unweighted,4,4e-06,3.349246
run_absl_flat_hash_set,1,com-orkut.ungraph,wBFS_unweighted,5,5e-06,3.32019
run_absl_flat_hash_set,1,com-orkut.ungraph,wBFS_unweighted,6,4e-06,3.316089
run_absl_flat_hash_set,1,com-orkut.ungraph,wBFS_unweighted,7,4e-06,3.321001
run_absl_flat_hash_set,1,com-orkut.ungraph,wBFS_unweighted,8,5e-06,3.36813
run_absl_flat_hash_set,1,com-orkut.ungraph,wBFS_unweighted,9,4e-06,3.352406
run_absl_flat_hash_set,1,soc-LiveJournal1,BFS,0,2e-06,0.018343
run_absl_flat_hash_set,1,soc-LiveJournal1,BFS,1,4e-06,0.01196
run_absl_flat_hash_set,1,soc-LiveJournal1,BFS,2,6e-06,0.011631
run_absl_flat_hash_set,1,soc-LiveJournal1,BFS,3,3e-06,0.01191
run_absl_flat_hash_set,1,soc-LiveJournal1,BFS,4,4e-06,0.01193
run_absl_flat_hash_set,1,soc-LiveJournal1,BFS,5,5e-06,0.011862
run_absl_flat_hash_set,1,soc-LiveJournal1,BFS,6,1.1e-05,0.011881
run_absl_flat_hash_set,1,soc-LiveJournal1,BFS,7,5e-06,0.011736
run_absl_flat_hash_set,1,soc-LiveJournal1,BFS,8,6e-06,0.011983
run_absl_flat_hash_set,1,soc-LiveJournal1,BFS,9,3e-06,0.01186
run_absl_flat_hash_set,1,soc-LiveJournal1,LabelPropagation,0,1e-06,0.034217
run_absl_flat_hash_set,1,soc-LiveJournal1,LabelPropagation,1,3e-06,0.030679
run_absl_flat_hash_set,1,soc-LiveJournal1,LabelPropagation,2,4e-06,0.030398
run_absl_flat_hash_set,1,soc-LiveJournal1,LabelPropagation,3,5e-06,0.030882
run_absl_flat_hash_set,1,soc-LiveJournal1,LabelPropagation,4,5e-06,0.030238
run_absl_flat_hash_set,1,soc-LiveJournal1,LabelPropagation,5,3e-06,0.030397
run_absl_flat_hash_set,1,soc-LiveJournal1,LabelPropagation,6,5e-06,0.030389
run_absl_flat_hash_set,1,soc-LiveJournal1,LabelPropagation,7,5e-06,0.0304
run_absl_flat_hash_set,1,soc-LiveJournal1,LabelPropagation,8,5e-06,0.030312
run_absl_flat_hash_set,1,soc-LiveJournal1,LabelPropagation,9,4e-06,0.030772
run_absl_flat_hash_set,1,soc-LiveJournal1,PageRank,0,2e-06,0.242652
run_absl_flat_hash_set,1,soc-LiveJournal1,PageRank,1,6e-06,0.229307
run_absl_flat_hash_set,1,soc-LiveJournal1,PageRank,2,5e-06,0.236934
run_absl_flat_hash_set,1,soc-LiveJournal1,PageRank,3,7e-06,0.2394
run_absl_flat_hash_set,1,soc-LiveJournal1,PageRank,4,7e-06,0.243995
run_absl_flat_hash_set,1,soc-LiveJournal1,PageRank,5,8e-06,0.236205
run_absl_flat_hash_set,1,soc-LiveJournal1,PageRank,6,3e-06,0.223976
run_absl_flat_hash_set,1,soc-LiveJournal1,PageRank,7,7e-06,0.221683
run_absl_flat_hash_set,1,soc-LiveJournal1,PageRank,8,9e-06,0.224888
run_absl_flat_hash_set,1,soc-LiveJournal1,PageRank,9,8e-06,0.231854
run_absl_flat_hash_set,1,soc-LiveJournal1,wBFS_unweighted,0,1e-06,4.840523
run_absl_flat_hash_set,1,soc-LiveJournal1,wBFS_unweighted,1,3e-06,4.713846
run_absl_flat_hash_set,1,soc-LiveJournal1,wBFS_unweighted,2,3e-06,4.718432
run_absl_flat_hash_set,1,soc-LiveJournal1,wBFS_unweighted,3,5e-06,4.719476
run_absl_flat_hash_set,1,soc-LiveJournal1,wBFS_unweighted,4,5e-06,4.736624
run_absl_flat_hash_set,1,soc-LiveJournal1,wBFS_unweighted,5,6e-06,4.805134
run_absl_flat_hash_set,1,soc-LiveJournal1,wBFS_unweighted,6,4e-06,4.736489
run_absl_flat_hash_set,1,soc-LiveJournal1,wBFS_unweighted,7,7e-06,4.7746
run_absl_flat_hash_set,1,soc-LiveJournal1,wBFS_unweighted,8,7e-06,4.751162
run_absl_flat_hash_set,1,soc-LiveJournal1,wBFS_unweighted,9,4e-06,4.738146
run_absl_flat_hash_set,1,twitter-unique-undir,BFS,0,2e-06,0.275295
run_absl_flat_hash_set,1,twitter-unique-undir,BFS,1,4e-06,0.167499
run_absl_flat_hash_set,1,twitter-unique-undir,BFS,2,4e-06,0.170558
run_absl_flat_hash_set,1,twitter-unique-undir,BFS,3,7e-06,0.168468
run_absl_flat_hash_set,1,twitter-unique-undir,BFS,4,5e-06,0.171652
run_absl_flat_hash_set,1,twitter-unique-undir,BFS,5,4e-06,0.170217
run_absl_flat_hash_set,1,twitter-unique-undir,BFS,6,3e-06,0.169493
run_absl_flat_hash_set,1,twitter-unique-undir,BFS,7,4e-06,0.165702
run_absl_flat_hash_set,1,twitter-unique-undir,BFS,8,3e-06,0.167789
run_absl_flat_hash_set,1,twitter-unique-undir,BFS,9,4e-06,0.173411
run_absl_flat_hash_set,1,twitter-unique-undir,LabelPropagation,0,2e-06,1.515498
run_absl_flat_hash_set,1,twitter-unique-undir,LabelPropagation,1,4e-06,1.443573
run_absl_flat_hash_set,1,twitter-unique-undir,LabelPropagation,2,3e-06,1.449665
run_absl_flat_hash_set,1,twitter-unique-undir,LabelPropagation,3,4e-06,1.44375
run_absl_flat_hash_set,1,twitter-unique-undir,LabelPropagation,4,4e-06,1.437579
run_absl_flat_hash_set,1,twitter-unique-undir,LabelPropagation,5,8e-06,1.441877
run_absl_flat_hash_set,1,twitter-unique-undir,LabelPropagation,6,5e-06,1.395622
run_absl_flat_hash_set,1,twitter-unique-undir,LabelPropagation,7,4e-06,1.408631
run_absl_flat_hash_set,1,twitter-unique-undir,LabelPropagation,8,7e-06,1.395815
run_absl_flat_hash_set,1,twitter-unique-undir,LabelPropagation,9,3e-06,1.399954
run_absl_flat_hash_set,1,twitter-unique-undir,PageRank,0,3e-06,11.225145
run_absl_flat_hash_set,1,twitter-unique-undir,PageRank,1,5e-06,10.400393
run_absl_flat_hash_set,1,twitter-unique-undir,PageRank,2,5e-06,10.048117
run_absl_flat_hash_set,1,twitter-unique-undir,PageRank,3,5e-06,9.996406
run_absl_flat_hash_set,1,twitter-unique-undir,PageRank,4,4e-06,9.940749
run_absl_flat_hash_set,1,twitter-unique-undir,PageRank,5,6e-06,9.857164
run_absl_flat_hash_set,1,twitter-unique-undir,PageRank,6,5e-06,9.751798
run_absl_flat_hash_set,1,twitter-unique-undir,PageRank,7,4e-06,10.277876
run_absl_flat_hash_set,1,twitter-unique-undir,PageRank,8,4e-06,14.34033
run_absl_flat_hash_set,1,twitter-unique-undir,PageRank,9,4e-06,15.231597
run_absl_flat_hash_set,1,twitter-unique-undir,wBFS_unweighted,0,1e-06,40.50499
run_absl_flat_hash_set,1,twitter-unique-undir,wBFS_unweighted,1,4e-06,39.769722
run_absl_flat_hash_set,1,twitter-unique-undir,wBFS_unweighted,2,3e-06,39.259943
run_absl_flat_hash_set,1,twitter-unique-undir,wBFS_unweighted,3,4e-06,39.025374
run_absl_flat_hash_set,1,twitter-unique-undir,wBFS_unweighted,4,3e-06,39.021425
run_absl_flat_hash_set,1,twitter-unique-undir,wBFS_unweighted,5,5e-06,38.907579
run_absl_flat_hash_set,1,twitter-unique-undir,wBFS_unweighted,6,5e-06,38.898478
run_absl_flat_hash_set,1,twitter-unique-undir,wBFS_unweighted,7,5e-06,38.922892
run_absl_flat_hash_set,1,twitter-unique-undir,wBFS_unweighted,8,5e-06,38.943916
run_absl_flat_hash_set,1,twitter-unique-undir,wBFS_unweighted,9,3e-06,38.888869
run_absl_flat_hash_set,10,cit-Patents,BFS,0,3e-06,0.020314
run_absl_flat_hash_set,10,cit-Patents,BFS,1,7e-06,0.017251
run_absl_flat_hash_set,10,cit-Patents,BFS,2,1e-05,0.017429
run_absl_flat_hash_set,10,cit-Patents,BFS,3,9e-06,0.017547
run_absl_flat_hash_set,10,cit-Patents,BFS,4,1e-05,0.017432
run_absl_flat_hash_set,10,cit-Patents,BFS,5,9e-06,0.020063
run_absl_flat_hash_set,10,cit-Patents,BFS,6,8e-06,0.017424
run_absl_flat_hash_set,10,cit-Patents,BFS,7,1e-05,0.017193
run_absl_flat_hash_set,10,cit-Patents,BFS,8,1.1e-05,0.017665
run_absl_flat_hash_set,10,cit-Patents,BFS,9,1.2e-05,0.017423
run_absl_flat_hash_set,10,cit-Patents,LabelPropagation,0,5e-06,0.026648
run_absl_flat_hash_set,10,cit-Patents,LabelPropagation,1,1e-05,0.023131
run_absl_flat_hash_set,10,cit-Patents,LabelPropagation,2,1.1e-05,0.022882
run_absl_flat_hash_set,10,cit-Patents,LabelPropagation,3,1.3e-05,0.023608
run_absl_flat_hash_set,10,cit-Patents,LabelPropagation,4,1.2e-05,0.022371
run_absl_flat_hash_set,10,cit-Patents,LabelPropagation,5,1.2e-05,0.02293
run_absl_flat_hash_set,10,cit-Patents,LabelPropagation,6,1.5e-05,0.023157
run_absl_flat_hash_set,10,cit-Patents,LabelPropagation,7,1.2e-05,0.023051
run_absl_flat_hash_set,10,cit-Patents,LabelPropagation,8,1.2e-05,0.022866
run_absl_flat_hash_set,10,cit-Patents,LabelPropagation,9,1.3e-05,0.022802
run_absl_flat_hash_set,10,cit-Patents,PageRank,0,3e-06,0.172026
run_absl_flat_hash_set,10,cit-Patents,PageRank,1,9e-06,0.169424
run_absl_flat_hash_set,10,cit-Patents,PageRank,2,1e-05,0.174266
run_absl_flat_hash_set,10,cit-Patents,PageRank,3,1.6e-05,0.17258
run_absl_flat_hash_set,10,cit-Patents,PageRank,4,2e-05,0.170609
run_absl_flat_hash_set,10,cit-Patents,PageRank,5,2e-05,0.172319
run_absl_flat_hash_set,10,cit-Patents,PageRank,6,2e-05,0.169913
run_absl_flat_hash_set,10,cit-Patents,PageRank,7,2e-05,0.156848
run_absl_flat_hash_set,10,cit-Patents,PageRank,8,1.6e-05,0.155864
run_absl_flat_hash_set,10,cit-Patents,PageRank,9,2.4e-05,0.154386
run_absl_flat_hash_set,10,cit-Patents,wBFS_unweighted,0,3e-06,4.654166
run_absl_flat_hash_set,10,cit-Patents,wBFS_unweighted,1,1e-05,4.573355
run_absl_flat_hash_set,10,cit-Patents,wBFS_unweighted,2,1.5e-05,4.603334
run_absl_flat_hash_set,10,cit-Patents,wBFS_unweighted,3,7.5e-05,4.637956
run_absl_flat_hash_set,10,cit-Patents,wBFS_unweighted,4,1.2e-05,4.61751
run_absl_flat_hash_set,10,cit-Patents,wBFS_unweighted,5,1.3e-05,4.584648
run_absl_flat_hash_set,10,cit-Patents,wBFS_unweighted,6,8e-06,4.589377
run_absl_flat_hash_set,10,cit-Patents,wBFS_unweighted,7,1.4e-05,4.617928
run_absl_flat_hash_set,10,cit-Patents,wBFS_unweighted,8,1.2e-05,4.677896
run_absl_flat_hash_set,10,cit-Patents,wBFS_unweighted,9,1e-05,4.604263
run_absl_flat_hash_set,10,com-friendster,BFS,0,2.1e-05,3.569705
run_absl_flat_hash_set,10,com-friendster,BFS,1,1.4e-05,3.246204
run_absl_flat_hash_set,10,com-friendster,BFS,2,1.3e-05,3.299143
run_absl_flat_hash_set,10,com-friendster,BFS,3,1.3e-05,3.196986
run_absl_flat_hash_set,10,com-friendster,BFS,4,1.7e-05,3.265994
run_absl_flat_hash_set,10,com-friendster,BFS,5,1.4e-05,3.322472
run_absl_flat_hash_set,10,com-friendster,BFS,6,1.3e-05,3.201805
run_absl_flat_hash_set,10,com-friendster,BFS,7,1.4e-05,3.246406
run_absl_flat_hash_set,10,com-friendster,BFS,8,1.4e-05,3.210077
run_absl_flat_hash_set,10,com-friendster,BFS,9,1.2e-05,3.254132
run_absl_flat_hash_set,10,com-friendster,LabelPropagation,0,1.3e-05,6.810248
run_absl_flat_hash_set,10,com-friendster,LabelPropagation,1,1.4e-05,5.8193
run_absl_flat_hash_set,10,com-friendster,LabelPropagation,2,1.8e-05,5.830769
run_absl_flat_hash_set,10,com-friendster,LabelPropagation,3,1.9e-05,5.911207
run_absl_flat_hash_set,10,com-friendster,LabelPropagation,4,2.3e-05,5.982679
run_absl_flat_hash_set,10,com-friendster,LabelPropagation,5,1.6e-05,5.946659
run_absl_flat_hash_set,10,com-friendster,LabelPropagation,6,1.6e-05,5.924024
run_absl_flat_hash_set,10,com-friendster,LabelPropagation,7,1.8e-05,5.992565
run_absl_flat_hash_set,10,com-friendster,LabelPropagation,8,1.8e-05,5.90688
run_absl_flat_hash_set,10,com-friendster,LabelPropagation,9,1.9e-05,5.966659
run_absl_flat_hash_set,10,com-friendster,PageRank,0,9e-06,50.359954
run_absl_flat_hash_set,10,com-friendster,PageRank,1,1.5e-05,45.620326
run_absl_flat_hash_set,10,com-friendster,PageRank,2,1.3e-05,48.388532
run_absl_flat_hash_set,10,com-friendster,PageRank,3,1.5e-05,49.086018
run_absl_flat_hash_set,10,com-friendster,PageRank,4,1.7e-05,44.607972
run_absl_flat_hash_set,10,com-friendster,PageRank,5,2.5e-05,44.579743
run_absl_flat_hash_set,10,com-friendster,PageRank,6,4e-05,43.495533
run_absl_flat_hash_set,10,com-friendster,PageRank,7,1.8e-05,43.450422
run_absl_flat_hash_set,10,com-friendster,PageRank,8,1.3e-05,51.048411
run_absl_flat_hash_set,10,com-friendster,PageRank,9,1.9e-05,45.587293
run_absl_flat_hash_set,10,com-friendster,wBFS_unweighted,0,5e-06,58.221655
run_absl_flat_hash_set,10,com-friendster,wBFS_unweighted,1,8e-06,56.989492
run_absl_flat_hash_set,10,com-friendster,wBFS_unweighted,2,1.1e-05,57.091835
run_absl_flat_hash_set,10,com-friendster,wBFS_unweighted,3,9e-06,58.414753
run_absl_flat_hash_set,10,com-friendster,wBFS_unweighted,4,1.1e-05,65.036717
run_absl_flat_hash_set,10,com-friendster,wBFS_unweighted,5,1.1e-05,66.930037
run_absl_flat_hash_set,10,com-friendster,wBFS_unweighted,6,8e-06,66.419201
run_absl_flat_hash_set,10,com-friendster,wBFS_unweighted,7,9e-06,56.40404
run_absl_flat_hash_set,10,com-friendster,wBFS_unweighted,8,1.2e-05,60.684876
run_absl_flat_hash_set,10,com-friendster,wBFS_unweighted,9,8e-06,60.892773
run_absl_flat_hash_set,10,com-orkut.ungraph,BFS,0,6e-06,0.022811
run_absl_flat_hash_set,10,com-orkut.ungraph,BFS,1,9e-06,0.011607
run_absl_flat_hash_set,10,com-orkut.ungraph,BFS,2,1.6e-05,0.011139
run_absl_flat_hash_set,10,com-orkut.ungraph,BFS,3,1.4e-05,0.011397
run_absl_flat_hash_set,10,com-orkut.ungraph,BFS,4,8e-06,0.011244
run_absl_flat_hash_set,10,com-orkut.ungraph,BFS,5,1.4e-05,0.011101
run_absl_flat_hash_set,10,com-orkut.ungraph,BFS,6,1.8e-05,0.011173
run_absl_flat_hash_set,10,com-orkut.ungraph,BFS,7,1.6e-05,0.011107
run_absl_flat_hash_set,10,com-orkut.ungraph,BFS,8,9e-06,0.011278
run_absl_flat_hash_set,10,com-orkut.ungraph,BFS,9,1.4e-05,0.010928
run_absl_flat_hash_set,10,com-orkut.ungraph,LabelPropagation,0,6e-06,0.050137
run_absl_flat_hash_set,10,com-orkut.ungraph,LabelPropagation,1,1.1e-05,0.044001
run_absl_flat_hash_set,10,com-orkut.ungraph,LabelPropagation,2,1.1e-05,0.044249
run_absl_flat_hash_set,10,com-orkut.ungraph,LabelPropagation,3,1.7e-05,0.044175
run_absl_flat_hash_set,10,com-orkut.ungraph,LabelPropagation,4,1.2e-05,0.044692
run_absl_flat_hash_set,10,com-orkut.ungraph,LabelPropagation,5,1e-05,0.044609
run_absl_flat_hash_set,10,com-orkut.ungraph,LabelPropagation,6,1.2e-05,0.045725
run_absl_flat_hash_set,10,com-orkut.ungraph,LabelPropagation,7,9e-06,0.043032
run_absl_flat_hash_set,10,com-orkut.ungraph,LabelPropagation,8,1.3e-05,0.043901
run_absl_flat_hash_set,10,com-orkut.ungraph,LabelPropagation,9,1.3e-05,0.043296
run_absl_flat_hash_set,10,com-orkut.ungraph,PageRank,0,5e-06,0.325923
run_absl_flat_hash_set,10,com-orkut.ungraph,PageRank,1,1e-05,0.30152
run_absl_flat_hash_set,10,com-orkut.ungraph,PageRank,2,1.3e-05,0.316882
run_absl_flat_hash_set,10,com-orkut.ungraph,PageRank,3,1.8e-05,0.313723
run_absl_flat_hash_set,10,com-orkut.ungraph,PageRank,4,1.4e-05,0.303065
run_absl_flat_hash_set,10,com-orkut.ungraph,PageRank,5,1.5e-05,0.30684
run_absl_flat_hash_set,10,com-orkut.ungraph,PageRank,6,1.5e-05,0.318982
run_absl_flat_hash_set,10,com-orkut.ungraph,PageRank,7,1.8e-05,0.312707
run_absl_flat_hash_set,10,com-orkut.ungraph,PageRank,8,1.9e-05,0.304769
run_absl_flat_hash_set,10,com-orkut.ungraph,PageRank,9,1.5e-05,0.318363
run_absl_flat_hash_set,10,com-orkut.ungraph,wBFS_unweighted,0,5e-06,3.437239
run_absl_flat_hash_set,10,com-orkut.ungraph,wBFS_unweighted,1,9e-06,3.371645
run_absl_flat_hash_set,10,com-orkut.ungraph,wBFS_unweighted,2,1.3e-05,3.369426
run_absl_flat_hash_set,10,com-orkut.ungraph,wBFS_unweighted,3,1.8e-05,3.337984
run_absl_flat_hash_set,10,com-orkut.ungraph,wBFS_unweighted,4,1.3e-05,3.350625
run_absl_flat_hash_set,10,com-orkut.ungraph,wBFS_unweighted,5,1.4e-05,3.358163
run_absl_flat_hash_set,10,com-orkut.ungraph,wBFS_unweighted,6,1.4e-05,3.406366
run_absl_flat_hash_set,10,com-orkut.ungraph,wBFS_unweighted,7,1.1e-05,3.379885
run_absl_flat_hash_set,10,com-orkut.ungraph,wBFS_unweighted,8,1.5e-05,3.364518
run_absl_flat_hash_set,10,com-orkut.ungraph,wBFS_unweighted,9,1.2e-05,3.354649
run_absl_flat_hash_set,10,soc-LiveJournal1,BFS,0,8e-06,0.018674
run_absl_flat_hash_set,10,soc-LiveJournal1,BFS,1,1.2e-05,0.014655
run_absl_flat_hash_set,10,soc-LiveJournal1,BFS,2,1.8e-05,0.014996
run_absl_flat_hash_set,10,soc-LiveJournal1,BFS,3,1.3e-05,0.014639
run_absl_flat_hash_set,10,soc-LiveJournal1,BFS,4,1.6e-05,0.014782
run_absl_flat_hash_set,10,soc-LiveJournal1,BFS,5,1.4e-05,0.014643
run_absl_flat_hash_set,10,soc-LiveJournal1,BFS,6,1.3e-05,0.01457
run_absl_flat_hash_set,10,soc-LiveJournal1,BFS,7,1.5e-05,0.014566
run_absl_flat_hash_set,10,soc-LiveJournal1,BFS,8,1.2e-05,0.01438
run_absl_flat_hash_set,10,soc-LiveJournal1,BFS,9,1.2e-05,0.014813
run_absl_flat_hash_set,10,soc-LiveJournal1,LabelPropagation,0,9e-06,0.034159
run_absl_flat_hash_set,10,soc-LiveJournal1,LabelPropagation,1,1.3e-05,0.029285
run_absl_flat_hash_set,10,soc-LiveJournal1,LabelPropagation,2,1.4e-05,0.029194
run_absl_flat_hash_set,10,soc-LiveJournal1,LabelPropagation,3,1.3e-05,0.029318
run_absl_flat_hash_set,10,soc-LiveJournal1,LabelPropagation,4,1.5e-05,0.029029
run_absl_flat_hash_set,10,soc-LiveJournal1,LabelPropagation,5,1.3e-05,0.029309
run_absl_flat_hash_set,10,soc-LiveJournal1,LabelPropagation,6,1.3e-05,0.029328
run_absl_flat_hash_set,10,soc-LiveJournal1,LabelPropagation,7,1.5e-05,0.028911
run_absl_flat_hash_set,10,soc-LiveJournal1,LabelPropagation,8,1.5e-05,0.029422
run_absl_flat_hash_set,10,soc-LiveJournal1,LabelPropagation,9,1.5e-05,0.02942
run_absl_flat_hash_set,10,soc-LiveJournal1,PageRank,0,6e-06,0.188886
run_absl_flat_hash_set,10,soc-LiveJournal1,PageRank,1,1.5e-05,0.186051
run_absl_flat_hash_set,10,soc-LiveJournal1,PageRank,2,1.6e-05,0.187721
run_absl_flat_hash_set,10,soc-LiveJournal1,PageRank,3,1.7e-05,0.190225
run_absl_flat_hash_set,10,soc-LiveJournal1,PageRank,4,1.8e-05,0.193703
run_absl_flat_hash_set,10,soc-LiveJournal1,PageRank,5,1.9e-05,0.197792
run_absl_flat_hash_set,10,soc-LiveJournal1,PageRank,6,1.9e-05,0.192012
run_absl_flat_hash_set,10,soc-LiveJournal1,PageRank,7,1.4e-05,0.191405
run_absl_flat_hash_set,10,soc-LiveJournal1,PageRank,8,1.9e-05,0.189898
run_absl_flat_hash_set,10,soc-LiveJournal1,PageRank,9,1.4e-05,0.188319
run_absl_flat_hash_set,10,soc-LiveJournal1,wBFS_unweighted,0,5e-06,4.80019
run_absl_flat_hash_set,10,soc-LiveJournal1,wBFS_unweighted,1,1e-05,4.706371
run_absl_flat_hash_set,10,soc-LiveJournal1,wBFS_unweighted,2,1e-05,4.70377
run_absl_flat_hash_set,10,soc-LiveJournal1,wBFS_unweighted,3,1.3e-05,4.758567
run_absl_flat_hash_set,10,soc-LiveJournal1,wBFS_unweighted,4,2.8e-05,4.754297
run_absl_flat_hash_set,10,soc-LiveJournal1,wBFS_unweighted,5,1.1e-05,4.68618
run_absl_flat_hash_set,10,soc-LiveJournal1,wBFS_unweighted,6,1.7e-05,4.70367
run_absl_flat_hash_set,10,soc-LiveJournal1,wBFS_unweighted,7,1.2e-05,4.711916
run_absl_flat_hash_set,10,soc-LiveJournal1,wBFS_unweighted,8,1.4e-05,4.673963
run_absl_flat_hash_set,10,soc-LiveJournal1,wBFS_unweighted,9,1.4e-05,4.670427
run_absl_flat_hash_set,10,twitter-unique-undir,BFS,0,3.5e-05,0.262169
run_absl_flat_hash_set,10,twitter-unique-undir,BFS,1,2.3e-05,0.185532
run_absl_flat_hash_set,10,twitter-unique-undir,BFS,2,2.2e-05,0.185657
run_absl_flat_hash_set,10,twitter-unique-undir,BFS,3,2.1e-05,0.185275
run_absl_flat_hash_set,10,twitter-unique-undir,BFS,4,2.1e-05,0.187442
run_absl_flat_hash_set,10,twitter-unique-undir,BFS,5,1.7e-05,0.191447
run_absl_flat_hash_set,10,twitter-unique-undir,BFS,6,2.7e-05,0.189563
run_absl_flat_hash_set,10,twitter-unique-undir,BFS,7,5.2e-05,0.189085
run_absl_flat_hash_set,10,twitter-unique-undir,BFS,8,4.4e-05,0.187397
run_absl_flat_hash_set,10,twitter-unique-undir,BFS,9,2.3e-05,0.186905
run_absl_flat_hash_set,10,twitter-unique-undir,LabelPropagation,0,1.2e-05,1.683285
run_absl_flat_hash_set,10,twitter-unique-undir,LabelPropagation,1,1.7e-05,1.541864
run_absl_flat_hash_set,10,twitter-unique-undir,LabelPropagation,2,1.7e-05,1.557846
run_absl_flat_hash_set,10,twitter-unique-undir,LabelPropagation,3,1.5e-05,1.529006
run_absl_flat_hash_set,10,twitter-unique-undir,LabelPropagation,4,1.4e-05,1.576559
run_absl_flat_hash_set,10,twitter-unique-undir,LabelPropagation,5,1.7e-05,1.568349
run_absl_flat_hash_set,10,twitter-unique-undir,LabelPropagation,6,1.5e-05,1.557321
run_absl_flat_hash_set,10,twitter-unique-undir,LabelPropagation,7,1.7e-05,1.541254
run_absl_flat_hash_set,10,twitter-unique-undir,LabelPropagation,8,2.1e-05,1.48238
run_absl_flat_hash_set,10,twitter-unique-undir,LabelPropagation,9,1.8e-05,1.476012
run_absl_flat_hash_set,10,twitter-unique-undir,PageRank,0,1.4e-05,10.007501
run_absl_flat_hash_set,10,twitter-unique-undir,PageRank,1,1.4e-05,9.323414
run_absl_flat_hash_set,10,twitter-unique-undir,PageRank,2,2.3e-05,8.926196
run_absl_flat_hash_set,10,twitter-unique-undir,PageRank,3,1.9e-05,8.912223
run_absl_flat_hash_set,10,twitter-unique-undir,PageRank,4,1.7e-05,8.929037
run_absl_flat_hash_set,10,twitter-unique-undir,PageRank,5,2.3e-05,8.932935
run_absl_flat_hash_set,10,twitter-unique-undir,PageRank,6,1.8e-05,8.889386
run_absl_flat_hash_set,10,twitter-unique-undir,PageRank,7,1.7e-05,9.30685
run_absl_flat_hash_set,10,twitter-unique-undir,PageRank,8,2.3e-05,8.968162
run_absl_flat_hash_set,10,twitter-unique-undir,PageRank,9,1.8e-05,8.633239
run_absl_flat_hash_set,10,twitter-unique-undir,wBFS_unweighted,0,8e-06,44.036484
run_absl_flat_hash_set,10,twitter-unique-undir,wBFS_unweighted,1,6.1e-05,43.520266
run_absl_flat_hash_set,10,twitter-unique-undir,wBFS_unweighted,2,1.8e-05,43.030554
run_absl_flat_hash_set,10,twitter-unique-undir,wBFS_unweighted,3,1.5e-05,42.719737
run_absl_flat_hash_set,10,twitter-unique-undir,wBFS_unweighted,4,1.5e-05,42.718202
run_absl_flat_hash_set,10,twitter-unique-undir,wBFS_unweighted,5,1.4e-05,42.714803
run_absl_flat_hash_set,10,twitter-unique-undir,wBFS_unweighted,6,1.7e-05,42.997482
run_absl_flat_hash_set,10,twitter-unique-undir,wBFS_unweighted,7,1.4e-05,42.738081
run_absl_flat_hash_set,10,twitter-unique-undir,wBFS_unweighted,8,1.8e-05,42.686486
run_absl_flat_hash_set,10,twitter-unique-undir,wBFS_unweighted,9,1.3e-05,42.767168
run_absl_flat_hash_set,100,cit-Patents,BFS,0,2.2e-05,0.021127
run_absl_flat_hash_set,100,cit-Patents,BFS,1,2.2e-05,0.016283
run_absl_flat_hash_set,100,cit-Patents,BFS,2,2.4e-05,0.016167
run_absl_flat_hash_set,100,cit-Patents,BFS,3,2.3e-05,0.016134
run_absl_flat_hash_set,100,cit-Patents,BFS,4,2.3e-05,0.016103
run_absl_flat_hash_set,100,cit-Patents,BFS,5,2.3e-05,0.016093
run_absl_flat_hash_set,100,cit-Patents,BFS,6,2.6e-05,0.01606
run_absl_flat_hash_set,100,cit-Patents,BFS,7,2.3e-05,0.016158
run_absl_flat_hash_set,100,cit-Patents,BFS,8,2.7e-05,0.016067
run_absl_flat_hash_set,100,cit-Patents,BFS,9,2.7e-05,0.015981
run_absl_flat_hash_set,100,cit-Patents,LabelPropagation,0,2.3e-05,0.023674
run_absl_flat_hash_set,100,cit-Patents,LabelPropagation,1,2.7e-05,0.021172
run_absl_flat_hash_set,100,cit-Patents,LabelPropagation,2,3.4e-05,0.020629
run_absl_flat_hash_set,100,cit-Patents,LabelPropagation,3,2.7e-05,0.02074
run_absl_flat_hash_set,100,cit-Patents,LabelPropagation,4,3e-05,0.020592
run_absl_flat_hash_set,100,cit-Patents,LabelPropagation,5,2.7e-05,0.020469
run_absl_flat_hash_set,100,cit-Patents,LabelPropagation,6,2.5e-05,0.020794
run_absl_flat_hash_set,100,cit-Patents,LabelPropagation,7,3e-05,0.020492
run_absl_flat_hash_set,100,cit-Patents,LabelPropagation,8,2.8e-05,0.020558
run_absl_flat_hash_set,100,cit-Patents,LabelPropagation,9,2.7e-05,0.020733
run_absl_flat_hash_set,100,cit-Patents,PageRank,0,1.9e-05,0.157873
run_absl_flat_hash_set,100,cit-Patents,PageRank,1,3.2e-05,0.15811
run_absl_flat_hash_set,100,cit-Patents,PageRank,2,3.3e-05,0.158736
run_absl_flat_hash_set,100,cit-Patents,PageRank,3,4.1e-05,0.151014
run_absl_flat_hash_set,100,cit-Patents,PageRank,4,4.5e-05,0.150371
run_absl_flat_hash_set,100,cit-Patents,PageRank,5,4e-05,0.152415
run_absl_flat_hash_set,100,cit-Patents,PageRank,6,4.4e-05,0.148981
run_absl_flat_hash_set,100,cit-Patents,PageRank,7,4e-05,0.150169
run_absl_flat_hash_set,100,cit-Patents,PageRank,8,4.4e-05,0.150714
run_absl_flat_hash_set,100,cit-Patents,PageRank,9,4.4e-05,0.128897
run_absl_flat_hash_set,100,cit-Patents,wBFS_unweighted,0,2.1e-05,4.551561
run_absl_flat_hash_set,100,cit-Patents,wBFS_unweighted,1,2.7e-05,4.540509
run_absl_flat_hash_set,100,cit-Patents,wBFS_unweighted,2,8.8e-05,4.551283
run_absl_flat_hash_set,100,cit-Patents,wBFS_unweighted,3,6.9e-05,4.520057
run_absl_flat_hash_set,100,cit-Patents,wBFS_unweighted,4,9.2e-05,4.50057
run_absl_flat_hash_set,100,cit-Patents,wBFS_unweighted,5,2.8e-05,4.499372
run_absl_flat_hash_set,100,cit-Patents,wBFS_unweighted,6,2.8e-05,4.493311
run_absl_flat_hash_set,100,cit-Patents,wBFS_unweighted,7,2.5e-05,4.521508
run_absl_flat_hash_set,100,cit-Patents,wBFS_unweighted,8,6.5e-05,4.488592
run_absl_flat_hash_set,100,cit-Patents,wBFS_unweighted,9,4.1e-05,4.52525
run_absl_flat_hash_set,100,com-friendster,BFS,0,2.4e-05,4.744588
run_absl_flat_hash_set,100,com-friendster,BFS,1,3.4e-05,4.421015
run_absl_flat_hash_set,100,com-friendster,BFS,2,4.1e-05,4.422951
run_absl_flat_hash_set,100,com-friendster,BFS,3,4.5e-05,4.45168
run_absl_flat_hash_set,100,com-friendster,BFS,4,3.3e-05,4.458246
run_absl_flat_hash_set,100,com-friendster,BFS,5,4.6e-05,4.467863
run_absl_flat_hash_set,100,com-friendster,BFS,6,5e-05,4.445682
run_absl_flat_hash_set,100,com-friendster,BFS,7,3.5e-05,4.435914
run_absl_flat_hash_set,100,com-friendster,BFS,8,3.4e-05,4.397422
run_absl_flat_hash_set,100,com-friendster,BFS,9,4e-05,4.385382
run_absl_flat_hash_set,100,com-friendster,LabelPropagation,0,2.9e-05,4.626374
run_absl_flat_hash_set,100,com-friendster,LabelPropagation,1,2.5e-05,4.387191
run_absl_flat_hash_set,100,com-friendster,LabelPropagation,2,3.2e-05,4.373962
run_absl_flat_hash_set,100,com-friendster,LabelPropagation,3,4.9e-05,4.508327
run_absl_flat_hash_set,100,com-friendster,LabelPropagation,4,5.4e-05,4.443656
run_absl_flat_hash_set,100,com-friendster,LabelPropagation,5,3.1e-05,4.340104
run_absl_flat_hash_set,100,com-friendster,LabelPropagation,6,3e-05,4.401843
run_absl_flat_hash_set,100,com-friendster,LabelPropagation,7,4e-05,4.450848
run_absl_flat_hash_set,100,com-friendster,LabelPropagation,8,2.6e-05,4.400803
run_absl_flat_hash_set,100,com-friendster,LabelPropagation,9,6e-05,4.390902
run_absl_flat_hash_set,100,com-friendster,PageRank,0,1.9e-05,70.810489
run_absl_flat_hash_set,100,com-friendster,PageRank,1,2.9e-05,94.7419
run_absl_flat_hash_set,100,com-friendster,PageRank,2,3.6e-05,94.519085
run_absl_flat_hash_set,100,com-friendster,PageRank,3,8.5e-05,138.657023
run_absl_flat_hash_set,100,com-friendster,PageRank,4,3.3e-05,122.891209
run_absl_flat_hash_set,100,com-friendster,PageRank,5,2.7e-05,137.300781
run_absl_flat_hash_set,100,com-friendster,PageRank,6,2.7e-05,136.070946
run_absl_flat_hash_set,100,com-friendster,PageRank,7,3.7e-05,135.950549
run_absl_flat_hash_set,100,com-friendster,PageRank,8,2.6e-05,138.632968
run_absl_flat_hash_set,100,com-friendster,PageRank,9,4.3e-05,70.395933
run_absl_flat_hash_set,100,com-friendster,wBFS_unweighted,0,2.1e-05,55.71347
run_absl_flat_hash_set,100,com-friendster,wBFS_unweighted,1,2.9e-05,56.113064
run_absl_flat_hash_set,100,com-friendster,wBFS_unweighted,2,2.7e-05,54.107494
run_absl_flat_hash_set,100,com-friendster,wBFS_unweighted,3,3.2e-05,52.88203
run_absl_flat_hash_set,100,com-friendster,wBFS_unweighted,4,2.5e-05,52.781246
run_absl_flat_hash_set,100,com-friendster,wBFS_unweighted,5,2.3e-05,53.157186
run_absl_flat_hash_set,100,com-friendster,wBFS_unweighted,6,2.6e-05,53.479408
run_absl_flat_hash_set,100,com-friendster,wBFS_unweighted,7,2.9e-05,53.255484
run_absl_flat_hash_set,100,com-friendster,wBFS_unweighted,8,2.4e-05,53.022127
run_absl_flat_hash_set,100,com-friendster,wBFS_unweighted,9,3.3e-05,53.120321
run_absl_flat_hash_set,100,com-orkut.ungraph,BFS,0,3.5e-05,0.025055
run_absl_flat_hash_set,100,com-orkut.ungraph,BFS,1,2.7e-05,0.010429
run_absl_flat_hash_set,100,com-orkut.ungraph,BFS,2,3.2e-05,0.009945
run_absl_flat_hash_set,100,com-orkut.ungraph,BFS,3,3.3e-05,0.009848
run_absl_flat_hash_set,100,com-orkut.ungraph,BFS,4,3.4e-05,0.009869
run_absl_flat_hash_set,100,com-orkut.ungraph,BFS,5,4.1e-05,0.010331
run_absl_flat_hash_set,100,com-orkut.ungraph,BFS,6,3e-05,0.010283
run_absl_flat_hash_set,100,com-orkut.ungraph,BFS,7,3.3e-05,0.009941
run_absl_flat_hash_set,100,com-orkut.ungraph,BFS,8,3.5e-05,0.009535
run_absl_flat_hash_set,100,com-orkut.ungraph,BFS,9,3.4e-05,0.009385
run_absl_flat_hash_set,100,com-orkut.ungraph,LabelPropagation,0,6.3e-05,0.064635
run_absl_flat_hash_set,100,com-orkut.ungraph,LabelPropagation,1,2.9e-05,0.046361
run_absl_flat_hash_set,100,com-orkut.ungraph,LabelPropagation,2,2.6e-05,0.044859
run_absl_flat_hash_set,100,com-orkut.ungraph,LabelPropagation,3,3.2e-05,0.045964
run_absl_flat_hash_set,100,com-orkut.ungraph,LabelPropagation,4,3e-05,0.045189
run_absl_flat_hash_set,100,com-orkut.ungraph,LabelPropagation,5,7e-05,0.045087
run_absl_flat_hash_set,100,com-orkut.ungraph,LabelPropagation,6,2.9e-05,0.046301
run_absl_flat_hash_set,100,com-orkut.ungraph,LabelPropagation,7,3.1e-05,0.047258
run_absl_flat_hash_set,100,com-orkut.ungraph,LabelPropagation,8,8.7e-05,0.045463
run_absl_flat_hash_set,100,com-orkut.ungraph,LabelPropagation,9,3.3e-05,0.044777
run_absl_flat_hash_set,100,com-orkut.ungraph,PageRank,0,3.7e-05,0.333553
run_absl_flat_hash_set,100,com-orkut.ungraph,PageRank,1,2.8e-05,0.348736
run_absl_flat_hash_set,100,com-orkut.ungraph,PageRank,2,2.8e-05,0.313805
run_absl_flat_hash_set,100,com-orkut.ungraph,PageRank,3,3.1e-05,0.351442
run_absl_flat_hash_set,100,com-orkut.ungraph,PageRank,4,3.2e-05,0.344611
run_absl_flat_hash_set,100,com-orkut.ungraph,PageRank,5,3.1e-05,0.342675
run_absl_flat_hash_set,100,com-orkut.ungraph,PageRank,6,3.2e-05,0.349965
run_absl_flat_hash_set,100,com-orkut.ungraph,PageRank,7,3.5e-05,0.323818
run_absl_flat_hash_set,100,com-orkut.ungraph,PageRank,8,5.5e-05,0.342298
run_absl_flat_hash_set,100,com-orkut.ungraph,PageRank,9,3e-05,0.351606
run_absl_flat_hash_set,100,com-orkut.ungraph,wBFS_unweighted,0,3.4e-05,3.428968
run_absl_flat_hash_set,100,com-orkut.ungraph,wBFS_unweighted,1,2.6e-05,3.336602
run_absl_flat_hash_set,100,com-orkut.ungraph,wBFS_unweighted,2,2.2e-05,3.340331
run_absl_flat_hash_set,100,com-orkut.ungraph,wBFS_unweighted,3,8.8e-05,3.371271
run_absl_flat_hash_set,100,com-orkut.ungraph,wBFS_unweighted,4,9.4e-05,3.380749
run_absl_flat_hash_set,100,com-orkut.ungraph,wBFS_unweighted,5,2.2e-05,3.333553
run_absl_flat_hash_set,100,com-orkut.ungraph,wBFS_unweighted,6,2e-05,3.332742
run_absl_flat_hash_set,100,com-orkut.ungraph,wBFS_unweighted,7,5.7e-05,3.368083
run_absl_flat_hash_set,100,com-orkut.ungraph,wBFS_unweighted,8,3e-05,3.33191
run_absl_flat_hash_set,100,com-orkut.ungraph,wBFS_unweighted,9,2.2e-05,3.316459
run_absl_flat_hash_set,100,soc-LiveJournal1,BFS,0,2.4e-05,0.020855
run_absl_flat_hash_set,100,soc-LiveJournal1,BFS,1,2.8e-05,0.010832
run_absl_flat_hash_set,100,soc-LiveJournal1,BFS,2,3.4e-05,0.011154
run_absl_flat_hash_set,100,soc-LiveJournal1,BFS,3,3.1e-05,0.010776
run_absl_flat_hash_set,100,soc-LiveJournal1,BFS,4,3.1e-05,0.010791
run_absl_flat_hash_set,100,soc-LiveJournal1,BFS,5,3.4e-05,0.010698
run_absl_flat_hash_set,100,soc-LiveJournal1,BFS,6,3.8e-05,0.010802
run_absl_flat_hash_set,100,soc-LiveJournal1,BFS,7,3.4e-05,0.010747
run_absl_flat_hash_set,100,soc-LiveJournal1,BFS,8,3.2e-05,0.010961
run_absl_flat_hash_set,100,soc-LiveJournal1,BFS,9,3.3e-05,0.010922
run_absl_flat_hash_set,100,soc-LiveJournal1,LabelPropagation,0,2.2e-05,0.035326
run_absl_flat_hash_set,100,soc-LiveJournal1,LabelPropagation,1,2.9e-05,0.029071
run_absl_flat_hash_set,100,soc-LiveJournal1,LabelPropagation,2,2.4e-05,0.029301
run_absl_flat_hash_set,100,soc-LiveJournal1,LabelPropagation,3,2.5e-05,0.029235
run_absl_flat_hash_set,100,soc-LiveJournal1,LabelPropagation,4,2.7e-05,0.029207
run_absl_flat_hash_set,100,soc-LiveJournal1,LabelPropagation,5,5.9e-05,0.029015
run_absl_flat_hash_set,100,soc-LiveJournal1,LabelPropagation,6,2.5e-05,0.029079
run_absl_flat_hash_set,100,soc-LiveJournal1,LabelPropagation,7,2.5e-05,0.029211
run_absl_flat_hash_set,100,soc-LiveJournal1,LabelPropagation,8,2.7e-05,0.029542
run_absl_flat_hash_set,100,soc-LiveJournal1,LabelPropagation,9,2.6e-05,0.028789
run_absl_flat_hash_set,100,soc-LiveJournal1,PageRank,0,2.1e-05,0.198595
run_absl_flat_hash_set,100,soc-LiveJournal1,PageRank,1,3.1e-05,0.187485
run_absl_flat_hash_set,100,soc-LiveJournal1,PageRank,2,3.4e-05,0.18752
run_absl_flat_hash_set,100,soc-LiveJournal1,PageRank,3,3.1e-05,0.188747
run_absl_flat_hash_set,100,soc-LiveJournal1,PageRank,4,3.1e-05,0.19297
run_absl_flat_hash_set,100,soc-LiveJournal1,PageRank,5,3.4e-05,0.195768
run_absl_flat_hash_set,100,soc-LiveJournal1,PageRank,6,3.3e-05,0.189122
run_absl_flat_hash_set,100,soc-LiveJournal1,PageRank,7,3.7e-05,0.190155
run_absl_flat_hash_set,100,soc-LiveJournal1,PageRank,8,3.2e-05,0.187348
run_absl_flat_hash_set,100,soc-LiveJournal1,PageRank,9,3.4e-05,0.188269
run_absl_flat_hash_set,100,soc-LiveJournal1,wBFS_unweighted,0,1.8e-05,4.821735
run_absl_flat_hash_set,100,soc-LiveJournal1,wBFS_unweighted,1,0.000112,4.752597
run_absl_flat_hash_set,100,soc-LiveJournal1,wBFS_unweighted,2,7.8e-05,4.75873
run_absl_flat_hash_set,100,soc-LiveJournal1,wBFS_unweighted,3,8e-05,4.728628
run_absl_flat_hash_set,100,soc-LiveJournal1,wBFS_unweighted,4,2.7e-05,4.742688
run_absl_flat_hash_set,100,soc-LiveJournal1,wBFS_unweighted,5,0.000112,4.735992
run_absl_flat_hash_set,100,soc-LiveJournal1,wBFS_unweighted,6,4.9e-05,4.717105
run_absl_flat_hash_set,100,soc-LiveJournal1,wBFS_unweighted,7,2.8e-05,4.70292
run_absl_flat_hash_set,100,soc-LiveJournal1,wBFS_unweighted,8,8e-05,4.666888
run_absl_flat_hash_set,100,soc-LiveJournal1,wBFS_unweighted,9,3.1e-05,4.653418
run_absl_flat_hash_set,100,twitter-unique-undir,BFS,0,2.8e-05,0.231912
run_absl_flat_hash_set,100,twitter-unique-undir,BFS,1,3.6e-05,0.1847
run_absl_flat_hash_set,100,twitter-unique-undir,BFS,2,5.8e-05,0.185805
run_absl_flat_hash_set,100,twitter-unique-undir,BFS,3,4.3e-05,0.184588
run_absl_flat_hash_set,100,twitter-unique-undir,BFS,4,3.8e-05,0.181865
run_absl_flat_hash_set,100,twitter-unique-undir,BFS,5,4.3e-05,0.188396
run_absl_flat_hash_set,100,twitter-unique-undir,BFS,6,4.5e-05,0.185255
run_absl_flat_hash_set,100,twitter-unique-undir,BFS,7,4.8e-05,0.1853
run_absl_flat_hash_set,100,twitter-unique-undir,BFS,8,4.5e-05,0.184791
run_absl_flat_hash_set,100,twitter-unique-undir,BFS,9,4.4e-05,0.181564
run_absl_flat_hash_set,100,twitter-unique-undir,LabelPropagation,0,3.9e-05,1.35892
run_absl_flat_hash_set,100,twitter-unique-undir,LabelPropagation,1,2.4e-05,1.290903
run_absl_flat_hash_set,100,twitter-unique-undir,LabelPropagation,2,2.6e-05,1.294768
run_absl_flat_hash_set,100,twitter-unique-undir,LabelPropagation,3,2.8e-05,1.295467
run_absl_flat_hash_set,100,twitter-unique-undir,LabelPropagation,4,3.3e-05,1.311438
run_absl_flat_hash_set,100,twitter-unique-undir,LabelPropagation,5,3e-05,1.295847
run_absl_flat_hash_set,100,twitter-unique-undir,LabelPropagation,6,7.2e-05,1.318626
run_absl_flat_hash_set,100,twitter-unique-undir,LabelPropagation,7,4.5e-05,1.315478
run_absl_flat_hash_set,100,twitter-unique-undir,LabelPropagation,8,5.8e-05,1.32291
run_absl_flat_hash_set,100,twitter-unique-undir,LabelPropagation,9,9.8e-05,1.330757
run_absl_flat_hash_set,100,twitter-unique-undir,PageRank,0,2.5e-05,9.170522
run_absl_flat_hash_set,100,twitter-unique-undir,PageRank,1,3.1e-05,9.138938
run_absl_flat_hash_set,100,twitter-unique-undir,PageRank,2,3.6e-05,8.60751
run_absl_flat_hash_set,100,twitter-unique-undir,PageRank,3,3.3e-05,8.216397
run_absl_flat_hash_set,100,twitter-unique-undir,PageRank,4,3.3e-05,8.209952
run_absl_flat_hash_set,100,twitter-unique-undir,PageRank,5,3.4e-05,8.596082
run_absl_flat_hash_set,100,twitter-unique-undir,PageRank,6,4.9e-05,8.171386
run_absl_flat_hash_set,100,twitter-unique-undir,PageRank,7,3.9e-05,8.116359
run_absl_flat_hash_set,100,twitter-unique-undir,PageRank,8,4.4e-05,8.161915
run_absl_flat_hash_set,100,twitter-unique-undir,PageRank,9,5.7e-05,8.16192
run_absl_flat_hash_set,100,twitter-unique-undir,wBFS_unweighted,0,2.1e-05,40.255519
run_absl_flat_hash_set,100,twitter-unique-undir,wBFS_unweighted,1,2.6e-05,39.426198
run_absl_flat_hash_set,100,twitter-unique-undir,wBFS_unweighted,2,3.6e-05,39.182235
run_absl_flat_hash_set,100,twitter-unique-undir,wBFS_unweighted,3,3.9e-05,39.259838
run_absl_flat_hash_set,100,twitter-unique-undir,wBFS_unweighted,4,4.8e-05,39.051337
run_absl_flat_hash_set,100,twitter-unique-undir,wBFS_unweighted,5,3.6e-05,38.79899
run_absl_flat_hash_set,100,twitter-unique-undir,wBFS_unweighted,6,4.3e-05,38.769633
run_absl_flat_hash_set,100,twitter-unique-undir,wBFS_unweighted,7,3.4e-05,38.761177
run_absl_flat_hash_set,100,twitter-unique-undir,wBFS_unweighted,8,4.5e-05,38.855817
run_absl_flat_hash_set,100,twitter-unique-undir,wBFS_unweighted,9,7.7e-05,38.946291
run_absl_flat_hash_set,1000,cit-Patents,BFS,0,6.2e-05,0.020146
run_absl_flat_hash_set,1000,cit-Patents,BFS,1,6.3e-05,0.016621
run_absl_flat_hash_set,1000,cit-Patents,BFS,2,6.3e-05,0.016983
run_absl_flat_hash_set,1000,cit-Patents,BFS,3,6.3e-05,0.016344
run_absl_flat_hash_set,1000,cit-Patents,BFS,4,6.6e-05,0.016295
run_absl_flat_hash_set,1000,cit-Patents,BFS,5,5.9e-05,0.016194
run_absl_flat_hash_set,1000,cit-Patents,BFS,6,6.1e-05,0.016175
run_absl_flat_hash_set,1000,cit-Patents,BFS,7,6.4e-05,0.016156
run_absl_flat_hash_set,1000,cit-Patents,BFS,8,6.2e-05,0.016319
run_absl_flat_hash_set,1000,cit-Patents,BFS,9,6.2e-05,0.01618
run_absl_flat_hash_set,1000,cit-Patents,LabelPropagation,0,7.6e-05,0.025815
run_absl_flat_hash_set,1000,cit-Patents,LabelPropagation,1,7.9e-05,0.019886
run_absl_flat_hash_set,1000,cit-Patents,LabelPropagation,2,8.7e-05,0.019424
run_absl_flat_hash_set,1000,cit-Patents,LabelPropagation,3,8.7e-05,0.019386
run_absl_flat_hash_set,1000,cit-Patents,LabelPropagation,4,8.5e-05,0.019109
run_absl_flat_hash_set,1000,cit-Patents,LabelPropagation,5,8.3e-05,0.019395
run_absl_flat_hash_set,1000,cit-Patents,LabelPropagation,6,0.000102,0.019329
run_absl_flat_hash_set,1000,cit-Patents,LabelPropagation,7,9.1e-05,0.019343
run_absl_flat_hash_set,1000,cit-Patents,LabelPropagation,8,8.9e-05,0.019416
run_absl_flat_hash_set,1000,cit-Patents,LabelPropagation,9,9.7e-05,0.019346
run_absl_flat_hash_set,1000,cit-Patents,PageRank,0,5.5e-05,0.167065
run_absl_flat_hash_set,1000,cit-Patents,PageRank,1,9.8e-05,0.162831
run_absl_flat_hash_set,1000,cit-Patents,PageRank,2,0.000129,0.161292
run_absl_flat_hash_set,1000,cit-Patents,PageRank,3,0.000141,0.163557
run_absl_flat_hash_set,1000,cit-Patents,PageRank,4,0.000119,0.163672
run_absl_flat_hash_set,1000,cit-Patents,PageRank,5,0.000116,0.160684
run_absl_flat_hash_set,1000,cit-Patents,PageRank,6,0.000113,0.159729
run_absl_flat_hash_set,1000,cit-Patents,PageRank,7,0.00011,0.160193
run_absl_flat_hash_set,1000,cit-Patents,PageRank,8,0.000121,0.158481
run_absl_flat_hash_set,1000,cit-Patents,PageRank,9,0.000132,0.149701
run_absl_flat_hash_set,1000,cit-Patents,wBFS_unweighted,0,5.7e-05,4.71183
run_absl_flat_hash_set,1000,cit-Patents,wBFS_unweighted,1,8.5e-05,4.628685
run_absl_flat_hash_set,1000,cit-Patents,wBFS_unweighted,2,0.000142,4.572584
run_absl_flat_hash_set,1000,cit-Patents,wBFS_unweighted,3,8.3e-05,4.550162
run_absl_flat_hash_set,1000,cit-Patents,wBFS_unweighted,4,0.000129,4.569396
run_absl_flat_hash_set,1000,cit-Patents,wBFS_unweighted,5,7.9e-05,4.565009
run_absl_flat_hash_set,1000,cit-Patents,wBFS_unweighted,6,0.000138,4.598446
run_absl_flat_hash_set,1000,cit-Patents,wBFS_unweighted,7,7.2e-05,4.60548
run_absl_flat_hash_set,1000,cit-Patents,wBFS_unweighted,8,8.3e-05,4.562305
run_absl_flat_hash_set,1000,cit-Patents,wBFS_unweighted,9,9.2e-05,4.571667
run_absl_flat_hash_set,1000,com-friendster,BFS,0,9.5e-05,4.137313
run_absl_flat_hash_set,1000,com-friendster,BFS,1,0.000133,3.862439
run_absl_flat_hash_set,1000,com-friendster,BFS,2,0.00013,3.859684
run_absl_flat_hash_set,1000,com-friendster,BFS,3,0.00019,3.859148
run_absl_flat_hash_set,1000,com-friendster,BFS,4,0.000137,3.852364
run_absl_flat_hash_set,1000,com-friendster,BFS,5,9.9e-05,3.84722
run_absl_flat_hash_set,1000,com-friendster,BFS,6,0.000103,3.864558
run_absl_flat_hash_set,1000,com-friendster,BFS,7,8.2e-05,3.849853
run_absl_flat_hash_set,1000,com-friendster,BFS,8,0.00014,3.872356
run_absl_flat_hash_set,1000,com-friendster,BFS,9,9.5e-05,3.86659
run_absl_flat_hash_set,1000,com-friendster,LabelPropagation,0,0.000127,5.685514
run_absl_flat_hash_set,1000,com-friendster,LabelPropagation,1,9.6e-05,5.232537
run_absl_flat_hash_set,1000,com-friendster,LabelPropagation,2,0.000114,5.354097
run_absl_flat_hash_set,1000,com-friendster,LabelPropagation,3,0.00012,5.247127
run_absl_flat_hash_set,1000,com-friendster,LabelPropagation,4,0.000117,5.342346
run_absl_flat_hash_set,1000,com-friendster,LabelPropagation,5,0.000102,5.267734
run_absl_flat_hash_set,1000,com-friendster,LabelPropagation,6,0.000118,5.339607
run_absl_flat_hash_set,1000,com-friendster,LabelPropagation,7,8.9e-05,5.215909
run_absl_flat_hash_set,1000,com-friendster,LabelPropagation,8,9.7e-05,5.258803
run_absl_flat_hash_set,1000,com-friendster,LabelPropagation,9,0.000146,5.263259
run_absl_flat_hash_set,1000,com-friendster,PageRank,0,6.7e-05,69.156712
run_absl_flat_hash_set,1000,com-friendster,PageRank,1,8.3e-05,68.734832
run_absl_flat_hash_set,1000,com-friendster,PageRank,2,0.000168,67.876805
run_absl_flat_hash_set,1000,com-friendster,PageRank,3,7.8e-05,67.679467
run_absl_flat_hash_set,1000,com-friendster,PageRank,4,7.3e-05,67.62791
run_absl_flat_hash_set,1000,com-friendster,PageRank,5,0.000107,66.75881
run_absl_flat_hash_set,1000,com-friendster,PageRank,6,7.4e-05,67.387556
run_absl_flat_hash_set,1000,com-friendster,PageRank,7,0.000131,67.717773
run_absl_flat_hash_set,1000,com-friendster,PageRank,8,8.3e-05,35.603812
run_absl_flat_hash_set,1000,com-friendster,PageRank,9,8.9e-05,33.961576
run_absl_flat_hash_set,1000,com-friendster,wBFS_unweighted,0,8e-05,58.952035
run_absl_flat_hash_set,1000,com-friendster,wBFS_unweighted,1,7e-05,59.277536
run_absl_flat_hash_set,1000,com-friendster,wBFS_unweighted,2,8.7e-05,57.904433
run_absl_flat_hash_set,1000,com-friendster,wBFS_unweighted,3,8.2e-05,60.934568
run_absl_flat_hash_set,1000,com-friendster,wBFS_unweighted,4,0.000115,62.981184
run_absl_flat_hash_set,1000,com-friendster,wBFS_unweighted,5,7e-05,61.28666
run_absl_flat_hash_set,1000,com-friendster,wBFS_unweighted,6,0.000121,63.785842
run_absl_flat_hash_set,1000,com-friendster,wBFS_unweighted,7,7e-05,61.470308
run_absl_flat_hash_set,1000,com-friendster,wBFS_unweighted,8,6.7e-05,66.292599
run_absl_flat_hash_set,1000,com-friendster,wBFS_unweighted,9,6.7e-05,60.725239
run_absl_flat_hash_set,1000,com-orkut.ungraph,BFS,0,0.000146,0.025305
run_absl_flat_hash_set,1000,com-orkut.ungraph,BFS,1,8.3e-05,0.010335
run_absl_flat_hash_set,1000,com-orkut.ungraph,BFS,2,8.6e-05,0.010013
run_absl_flat_hash_set,1000,com-orkut.ungraph,BFS,3,9.1e-05,0.010016
run_absl_flat_hash_set,1000,com-orkut.ungraph,BFS,4,8.7e-05,0.009815
run_absl_flat_hash_set,1000,com-orkut.ungraph,BFS,5,8.4e-05,0.011156
run_absl_flat_hash_set,1000,com-orkut.ungraph,BFS,6,8.3e-05,0.009927
run_absl_flat_hash_set,1000,com-orkut.ungraph,BFS,7,8.4e-05,0.009867
run_absl_flat_hash_set,1000,com-orkut.ungraph,BFS,8,8.8e-05,0.010901
run_absl_flat_hash_set,1000,com-orkut.ungraph,BFS,9,8.3e-05,0.010119
run_absl_flat_hash_set,1000,com-orkut.ungraph,LabelPropagation,0,8.2e-05,0.054159
run_absl_flat_hash_set,1000,com-orkut.ungraph,LabelPropagation,1,8e-05,0.044002
run_absl_flat_hash_set,1000,com-orkut.ungraph,LabelPropagation,2,0.000126,0.043086
run_absl_flat_hash_set,1000,com-orkut.ungraph,LabelPropagation,3,0.00011,0.044054
run_absl_flat_hash_set,1000,com-orkut.ungraph,LabelPropagation,4,0.000101,0.043127
run_absl_flat_hash_set,1000,com-orkut.ungraph,LabelPropagation,5,0.000126,0.042183
run_absl_flat_hash_set,1000,com-orkut.ungraph,LabelPropagation,6,0.000109,0.043534
run_absl_flat_hash_set,1000,com-orkut.ungraph,LabelPropagation,7,0.00011,0.043651
run_absl_flat_hash_set,1000,com-orkut.ungraph,LabelPropagation,8,0.000133,0.043366
run_absl_flat_hash_set,1000,com-orkut.ungraph,LabelPropagation,9,0.000109,0.043136
run_absl_flat_hash_set,1000,com-orkut.ungraph,PageRank,0,8.1e-05,0.379961
run_absl_flat_hash_set,1000,com-orkut.ungraph,PageRank,1,7.9e-05,0.372831
run_absl_flat_hash_set,1000,com-orkut.ungraph,PageRank,2,7.5e-05,0.376498
run_absl_flat_hash_set,1000,com-orkut.ungraph,PageRank,3,8.3e-05,0.373923
run_absl_flat_hash_set,1000,com-orkut.ungraph,PageRank,4,7.7e-05,0.373437
run_absl_flat_hash_set,1000,com-orkut.ungraph,PageRank,5,8.1e-05,0.373591
run_absl_flat_hash_set,1000,com-orkut.ungraph,PageRank,6,9.2e-05,0.37059
run_absl_flat_hash_set,1000,com-orkut.ungraph,PageRank,7,0.0001,0.367799
run_absl_flat_hash_set,1000,com-orkut.ungraph,PageRank,8,0.000102,0.368082
run_absl_flat_hash_set,1000,com-orkut.ungraph,PageRank,9,9.6e-05,0.355177
run_absl_flat_hash_set,1000,com-orkut.ungraph,wBFS_unweighted,0,7.7e-05,3.431089
run_absl_flat_hash_set,1000,com-orkut.ungraph,wBFS_unweighted,1,8.3e-05,3.413035
run_absl_flat_hash_set,1000,com-orkut.ungraph,wBFS_unweighted,2,0.000117,3.357548
run_absl_flat_hash_set,1000,com-orkut.ungraph,wBFS_unweighted,3,9e-05,3.350512
run_absl_flat_hash_set,1000,com-orkut.ungraph,wBFS_unweighted,4,7.8e-05,3.337166
run_absl_flat_hash_set,1000,com-orkut.ungraph,wBFS_unweighted,5,7.7e-05,3.351346
run_absl_flat_hash_set,1000,com-orkut.ungraph,wBFS_unweighted,6,0.000125,3.361087
run_absl_flat_hash_set,1000,com-orkut.ungraph,wBFS_unweighted,7,8.9e-05,3.352727
run_absl_flat_hash_set,1000,com-orkut.ungraph,wBFS_unweighted,8,0.000496,3.39732
run_absl_flat_hash_set,1000,com-orkut.ungraph,wBFS_unweighted,9,9.2e-05,3.380392
run_absl_flat_hash_set,1000,soc-LiveJournal1,BFS,0,9.3e-05,0.020779
run_absl_flat_hash_set,1000,soc-LiveJournal1,BFS,1,8.4e-05,0.013278
run_absl_flat_hash_set,1000,soc-LiveJournal1,BFS,2,8.6e-05,0.013265
run_absl_flat_hash_set,1000,soc-LiveJournal1,BFS,3,8.6e-05,0.013356
run_absl_flat_hash_set,1000,soc-LiveJournal1,BFS,4,8.3e-05,0.013077
run_absl_flat_hash_set,1000,soc-LiveJournal1,BFS,5,8.5e-05,0.013231
run_absl_flat_hash_set,1000,soc-LiveJournal1,BFS,6,8.6e-05,0.013065
run_absl_flat_hash_set,1000,soc-LiveJournal1,BFS,7,8.6e-05,0.012946
run_absl_flat_hash_set,1000,soc-LiveJournal1,BFS,8,8.6e-05,0.013279
run_absl_flat_hash_set,1000,soc-LiveJournal1,BFS,9,8.5e-05,0.013633
run_absl_flat_hash_set,1000,soc-LiveJournal1,LabelPropagation,0,0.000111,0.033006
run_absl_flat_hash_set,1000,soc-LiveJournal1,LabelPropagation,1,8.9e-05,0.029282
run_absl_flat_hash_set,1000,soc-LiveJournal1,LabelPropagation,2,0.000118,0.028902
run_absl_flat_hash_set,1000,soc-LiveJournal1,LabelPropagation,3,8.5e-05,0.029708
run_absl_flat_hash_set,1000,soc-LiveJournal1,LabelPropagation,4,9.3e-05,0.028929
run_absl_flat_hash_set,1000,soc-LiveJournal1,LabelPropagation,5,8.8e-05,0.028811
run_absl_flat_hash_set,1000,soc-LiveJournal1,LabelPropagation,6,0.000114,0.030047
run_absl_flat_hash_set,1000,soc-LiveJournal1,LabelPropagation,7,8.9e-05,0.029134
run_absl_flat_hash_set,1000,soc-LiveJournal1,LabelPropagation,8,0.000117,0.028945
run_absl_flat_hash_set,1000,soc-LiveJournal1,LabelPropagation,9,0.000106,0.028765
run_absl_flat_hash_set,1000,soc-LiveJournal1,PageRank,0,0.000114,0.201288
run_absl_flat_hash_set,1000,soc-LiveJournal1,PageRank,1,0.000102,0.19409
run_absl_flat_hash_set,1000,soc-LiveJournal1,PageRank,2,0.000105,0.194856
run_absl_flat_hash_set,1000,soc-LiveJournal1,PageRank,3,0.000108,0.19862
run_absl_flat_hash_set,1000,soc-LiveJournal1,PageRank,4,0.000111,0.198083
run_absl_flat_hash_set,1000,soc-LiveJournal1,PageRank,5,0.000131,0.19615
run_absl_flat_hash_set,1000,soc-LiveJournal1,PageRank,6,0.000154,0.196205
run_absl_flat_hash_set,1000,soc-LiveJournal1,PageRank,7,0.000141,0.19499
run_absl_flat_hash_set,1000,soc-LiveJournal1,PageRank,8,0.000127,0.194228
run_absl_flat_hash_set,1000,soc-LiveJournal1,PageRank,9,0.000138,0.196533
run_absl_flat_hash_set,1000,soc-LiveJournal1,wBFS_unweighted,0,9.1e-05,4.844668
run_absl_flat_hash_set,1000,soc-LiveJournal1,wBFS_unweighted,1,0.00012,4.767664
run_absl_flat_hash_set,1000,soc-LiveJournal1,wBFS_unweighted,2,0.000107,4.805812
run_absl_flat_hash_set,1000,soc-LiveJournal1,wBFS_unweighted,3,0.000334,4.823263
run_absl_flat_hash_set,1000,soc-LiveJournal1,wBFS_unweighted,4,0.000175,4.773931
run_absl_flat_hash_set,1000,soc-LiveJournal1,wBFS_unweighted,5,0.000175,4.753821
run_absl_flat_hash_set,1000,soc-LiveJournal1,wBFS_unweighted,6,0.00014,4.752946
run_absl_flat_hash_set,1000,soc-LiveJournal1,wBFS_unweighted,7,7.5e-05,4.716882
run_absl_flat_hash_set,1000,soc-LiveJournal1,wBFS_unweighted,8,8e-05,4.765493
run_absl_flat_hash_set,1000,soc-LiveJournal1,wBFS_unweighted,9,0.000153,4.772073
run_absl_flat_hash_set,1000,twitter-unique-undir,BFS,0,0.000207,0.295212
run_absl_flat_hash_set,1000,twitter-unique-undir,BFS,1,0.000187,0.185506
run_absl_flat_hash_set,1000,twitter-unique-undir,BFS,2,0.000229,0.182982
run_absl_flat_hash_set,1000,twitter-unique-undir,BFS,3,0.000163,0.180531
run_absl_flat_hash_set,1000,twitter-unique-undir,BFS,4,0.000175,0.172532
run_absl_flat_hash_set,1000,twitter-unique-undir,BFS,5,0.000258,0.175918
run_absl_flat_hash_set,1000,twitter-unique-undir,BFS,6,0.000181,0.176822
run_absl_flat_hash_set,1000,twitter-unique-undir,BFS,7,0.000198,0.177556
run_absl_flat_hash_set,1000,twitter-unique-undir,BFS,8,0.000205,0.177143
run_absl_flat_hash_set,1000,twitter-unique-undir,BFS,9,0.000231,0.174046
run_absl_flat_hash_set,1000,twitter-unique-undir,LabelPropagation,0,0.000112,1.58097
run_absl_flat_hash_set,1000,twitter-unique-undir,LabelPropagation,1,0.000125,1.461605
run_absl_flat_hash_set,1000,twitter-unique-undir,LabelPropagation,2,8.9e-05,1.48246
run_absl_flat_hash_set,1000,twitter-unique-undir,LabelPropagation,3,8.9e-05,1.454371
run_absl_flat_hash_set,1000,twitter-unique-undir,LabelPropagation,4,0.000116,1.472064
run_absl_flat_hash_set,1000,twitter-unique-undir,LabelPropagation,5,0.000138,1.46373
run_absl_flat_hash_set,1000,twitter-unique-undir,LabelPropagation,6,0.000138,1.426935
run_absl_flat_hash_set,1000,twitter-unique-undir,LabelPropagation,7,0.000132,1.427463
run_absl_flat_hash_set,1000,twitter-unique-undir,LabelPropagation,8,0.000128,1.40832
run_absl_flat_hash_set,1000,twitter-unique-undir,LabelPropagation,9,0.000126,1.428442
run_absl_flat_hash_set,1000,twitter-unique-undir,PageRank,0,7.1e-05,10.356081
run_absl_flat_hash_set,1000,twitter-unique-undir,PageRank,1,0.000116,11.104907
run_absl_flat_hash_set,1000,twitter-unique-undir,PageRank,2,0.000102,12.670695
run_absl_flat_hash_set,1000,twitter-unique-undir,PageRank,3,8.4e-05,12.741358
run_absl_flat_hash_set,1000,twitter-unique-undir,PageRank,4,9.6e-05,15.41333
run_absl_flat_hash_set,1000,twitter-unique-undir,PageRank,5,0.000134,15.425691
run_absl_flat_hash_set,1000,twitter-unique-undir,PageRank,6,0.000116,13.697291
run_absl_flat_hash_set,1000,twitter-unique-undir,PageRank,7,7.4e-05,11.747122
run_absl_flat_hash_set,1000,twitter-unique-undir,PageRank,8,9.7e-05,12.420647
run_absl_flat_hash_set,1000,twitter-unique-undir,PageRank,9,7.3e-05,14.33441
run_absl_flat_hash_set,1000,twitter-unique-undir,wBFS_unweighted,0,8.9e-05,43.33957
run_absl_flat_hash_set,1000,twitter-unique-undir,wBFS_unweighted,1,0.000218,42.546262
run_absl_flat_hash_set,1000,twitter-unique-undir,wBFS_unweighted,2,7.7e-05,42.324089
run_absl_flat_hash_set,1000,twitter-unique-undir,wBFS_unweighted,3,8.5e-05,41.9554
run_absl_flat_hash_set,1000,twitter-unique-undir,wBFS_unweighted,4,9.1e-05,41.639301
run_absl_flat_hash_set,1000,twitter-unique-undir,wBFS_unweighted,5,0.000101,41.687509
run_absl_flat_hash_set,1000,twitter-unique-undir,wBFS_unweighted,6,0.000161,41.629442
run_absl_flat_hash_set,1000,twitter-unique-undir,wBFS_unweighted,7,0.000133,41.72799
run_absl_flat_hash_set,1000,twitter-unique-undir,wBFS_unweighted,8,0.000136,42.113059
run_absl_flat_hash_set,1000,twitter-unique-undir,wBFS_unweighted,9,7.2e-05,41.992385
run_absl_flat_hash_set,10000,cit-Patents,BFS,0,0.001957,0.023682
run_absl_flat_hash_set,10000,cit-Patents,BFS,1,0.001975,0.021387
run_absl_flat_hash_set,10000,cit-Patents,BFS,2,0.001975,0.020812
run_absl_flat_hash_set,10000,cit-Patents,BFS,3,0.002037,0.020482
run_absl_flat_hash_set,10000,cit-Patents,BFS,4,0.00216,0.020455
run_absl_flat_hash_set,10000,cit-Patents,BFS,5,0.002138,0.021607
run_absl_flat_hash_set,10000,cit-Patents,BFS,6,0.002115,0.020597
run_absl_flat_hash_set,10000,cit-Patents,BFS,7,0.001952,0.020442
run_absl_flat_hash_set,10000,cit-Patents,BFS,8,0.001946,0.020071
run_absl_flat_hash_set,10000,cit-Patents,BFS,9,0.00205,0.020389
run_absl_flat_hash_set,10000,cit-Patents,LabelPropagation,0,0.003812,0.106647
run_absl_flat_hash_set,10000,cit-Patents,LabelPropagation,1,0.004832,0.104129
run_absl_flat_hash_set,10000,cit-Patents,LabelPropagation,2,0.005101,0.111411
run_absl_flat_hash_set,10000,cit-Patents,LabelPropagation,3,0.008896,0.102387
run_absl_flat_hash_set,10000,cit-Patents,LabelPropagation,4,0.008027,0.102291
run_absl_flat_hash_set,10000,cit-Patents,LabelPropagation,5,0.009639,0.138275
run_absl_flat_hash_set,10000,cit-Patents,LabelPropagation,6,0.006671,0.108771
run_absl_flat_hash_set,10000,cit-Patents,LabelPropagation,7,0.008738,0.100617
run_absl_flat_hash_set,10000,cit-Patents,LabelPropagation,8,0.00677,0.101471
run_absl_flat_hash_set,10000,cit-Patents,LabelPropagation,9,0.007371,0.10108
run_absl_flat_hash_set,10000,cit-Patents,PageRank,0,0.001992,0.173713
run_absl_flat_hash_set,10000,cit-Patents,PageRank,1,0.002255,0.170259
run_absl_flat_hash_set,10000,cit-Patents,PageRank,2,0.002121,0.171821
run_absl_flat_hash_set,10000,cit-Patents,PageRank,3,0.002227,0.28827
run_absl_flat_hash_set,10000,cit-Patents,PageRank,4,0.00462,0.316046
run_absl_flat_hash_set,10000,cit-Patents,PageRank,5,0.004693,0.318151
run_absl_flat_hash_set,10000,cit-Patents,PageRank,6,0.002853,0.315328
run_absl_flat_hash_set,10000,cit-Patents,PageRank,7,0.003086,0.313368
run_absl_flat_hash_set,10000,cit-Patents,PageRank,8,0.00236,0.307843
run_absl_flat_hash_set,10000,cit-Patents,PageRank,9,0.002409,0.283639
run_absl_flat_hash_set,10000,cit-Patents,wBFS_unweighted,0,0.002954,9.341315
run_absl_flat_hash_set,10000,cit-Patents,wBFS_unweighted,1,0.002808,5.458649
run_absl_flat_hash_set,10000,cit-Patents,wBFS_unweighted,2,0.002273,5.007084
run_absl_flat_hash_set,10000,cit-Patents,wBFS_unweighted,3,0.001875,4.901274
run_absl_flat_hash_set,10000,cit-Patents,wBFS_unweighted,4,0.001842,4.95645
run_absl_flat_hash_set,10000,cit-Patents,wBFS_unweighted,5,0.001922,4.788853
run_absl_flat_hash_set,10000,cit-Patents,wBFS_unweighted,6,0.001958,4.736323
run_absl_flat_hash_set,10000,cit-Patents,wBFS_unweighted,7,0.001848,4.711164
run_absl_flat_hash_set,10000,cit-Patents,wBFS_unweighted,8,0.001919,4.752271
run_absl_flat_hash_set,10000,cit-Patents,wBFS_unweighted,9,0.002005,4.74743
run_absl_flat_hash_set,10000,com-friendster,BFS,0,0.002268,4.810824
run_absl_flat_hash_set,10000,com-friendster,BFS,1,0.002138,4.482242
run_absl_flat_hash_set,10000,com-friendster,BFS,2,0.002132,4.47361
run_absl_flat_hash_set,10000,com-friendster,BFS,3,0.002069,4.460395
run_absl_flat_hash_set,10000,com-friendster,BFS,4,0.002145,4.459511
run_absl_flat_hash_set,10000,com-friendster,BFS,5,0.002133,4.449821
run_absl_flat_hash_set,10000,com-friendster,BFS,6,0.002254,4.444661
run_absl_flat_hash_set,10000,com-friendster,BFS,7,0.002357,4.449233
run_absl_flat_hash_set,10000,com-friendster,BFS,8,0.002363,4.460309
run_absl_flat_hash_set,10000,com-friendster,BFS,9,0.002231,4.420191
run_absl_flat_hash_set,10000,com-friendster,LabelPropagation,0,0.002314,5.28806
run_absl_flat_hash_set,10000,com-friendster,LabelPropagation,1,0.002341,4.921443
run_absl_flat_hash_set,10000,com-friendster,LabelPropagation,2,0.002265,5.042333
run_absl_flat_hash_set,10000,com-friendster,LabelPropagation,3,0.002215,4.98887
run_absl_flat_hash_set,10000,com-friendster,LabelPropagation,4,0.002284,4.946383
run_absl_flat_hash_set,10000,com-friendster,LabelPropagation,5,0.002422,5.070073
run_absl_flat_hash_set,10000,com-friendster,LabelPropagation,6,0.002296,5.110477
run_absl_flat_hash_set,10000,com-friendster,LabelPropagation,7,0.002409,5.043747
run_absl_flat_hash_set,10000,com-friendster,LabelPropagation,8,0.002316,5.0582
run_absl_flat_hash_set,10000,com-friendster,LabelPropagation,9,0.002354,5.062186
run_absl_flat_hash_set,10000,com-friendster,PageRank,0,0.001986,62.20971
run_absl_flat_hash_set,10000,com-friendster,PageRank,1,0.001991,62.235754
run_absl_flat_hash_set,10000,com-friendster,PageRank,2,0.002138,61.972986
run_absl_flat_hash_set,10000,com-friendster,PageRank,3,0.002064,61.639926
run_absl_flat_hash_set,10000,com-friendster,PageRank,4,0.002018,61.819056
run_absl_flat_hash_set,10000,com-friendster,PageRank,5,0.002034,62.122413
run_absl_flat_hash_set,10000,com-friendster,PageRank,6,0.001991,62.215059
run_absl_flat_hash_set,10000,com-friendster,PageRank,7,0.001975,62.105384
run_absl_flat_hash_set,10000,com-friendster,PageRank,8,0.001995,61.995832
run_absl_flat_hash_set,10000,com-friendster,PageRank,9,0.001943,34.869719
run_absl_flat_hash_set,10000,com-friendster,wBFS_unweighted,0,0.002016,65.507083
run_absl_flat_hash_set,10000,com-friendster,wBFS_unweighted,1,0.002328,65.530079
run_absl_flat_hash_set,10000,com-friendster,wBFS_unweighted,2,0.002184,64.840713
run_absl_flat_hash_set,10000,com-friendster,wBFS_unweighted,3,0.002277,64.497523
run_absl_flat_hash_set,10000,com-friendster,wBFS_unweighted,4,0.001971,64.152315
run_absl_flat_hash_set,10000,com-friendster,wBFS_unweighted,5,0.002148,63.940354
run_absl_flat_hash_set,10000,com-friendster,wBFS_unweighted,6,0.002264,64.048402
run_absl_flat_hash_set,10000,com-friendster,wBFS_unweighted,7,0.00227,64.117359
run_absl_flat_hash_set,10000,com-friendster,wBFS_unweighted,8,0.002198,64.1683
run_absl_flat_hash_set,10000,com-friendster,wBFS_unweighted,9,0.002139,64.220092
run_absl_flat_hash_set,10000,com-orkut.ungraph,BFS,0,0.002004,0.023499
run_absl_flat_hash_set,10000,com-orkut.ungraph,BFS,1,0.002001,0.010862
run_absl_flat_hash_set,10000,com-orkut.ungraph,BFS,2,0.001978,0.010416
run_absl_flat_hash_set,10000,com-orkut.ungraph,BFS,3,0.002003,0.010429
run_absl_flat_hash_set,10000,com-orkut.ungraph,BFS,4,0.001949,0.010437
run_absl_flat_hash_set,10000,com-orkut.ungraph,BFS,5,0.001959,0.010208
run_absl_flat_hash_set,10000,com-orkut.ungraph,BFS,6,0.001973,0.010211
run_absl_flat_hash_set,10000,com-orkut.ungraph,BFS,7,0.002073,0.010155
run_absl_flat_hash_set,10000,com-orkut.ungraph,BFS,8,0.001985,0.010414
run_absl_flat_hash_set,10000,com-orkut.ungraph,BFS,9,0.001998,0.01036
run_absl_flat_hash_set,10000,com-orkut.ungraph,LabelPropagation,0,0.002296,0.05494
run_absl_flat_hash_set,10000,com-orkut.ungraph,LabelPropagation,1,0.002188,0.049192
run_absl_flat_hash_set,10000,com-orkut.ungraph,LabelPropagation,2,0.002179,0.048347
run_absl_flat_hash_set,10000,com-orkut.ungraph,LabelPropagation,3,0.002212,0.047314
run_absl_flat_hash_set,10000,com-orkut.ungraph,LabelPropagation,4,0.002184,0.047115
run_absl_flat_hash_set,10000,com-orkut.ungraph,LabelPropagation,5,0.002419,0.047001
run_absl_flat_hash_set,10000,com-orkut.ungraph,LabelPropagation,6,0.002293,0.047086
run_absl_flat_hash_set,10000,com-orkut.ungraph,LabelPropagation,7,0.002322,0.04982
run_absl_flat_hash_set,10000,com-orkut.ungraph,LabelPropagation,8,0.002599,0.046548
run_absl_flat_hash_set,10000,com-orkut.ungraph,LabelPropagation,9,0.002299,0.048328
run_absl_flat_hash_set,10000,com-orkut.ungraph,PageRank,0,0.002005,0.340619
run_absl_flat_hash_set,10000,com-orkut.ungraph,PageRank,1,0.002057,0.333879
run_absl_flat_hash_set,10000,com-orkut.ungraph,PageRank,2,0.00211,0.334303
run_absl_flat_hash_set,10000,com-orkut.ungraph,PageRank,3,0.00203,0.330114
run_absl_flat_hash_set,10000,com-orkut.ungraph,PageRank,4,0.002119,0.337207
run_absl_flat_hash_set,10000,com-orkut.ungraph,PageRank,5,0.002045,0.345923
run_absl_flat_hash_set,10000,com-orkut.ungraph,PageRank,6,0.002214,0.344332
run_absl_flat_hash_set,10000,com-orkut.ungraph,PageRank,7,0.002289,0.335832
run_absl_flat_hash_set,10000,com-orkut.ungraph,PageRank,8,0.002301,0.333786
run_absl_flat_hash_set,10000,com-orkut.ungraph,PageRank,9,0.002175,0.33607
run_absl_flat_hash_set,10000,com-orkut.ungraph,wBFS_unweighted,0,0.001946,3.805559
run_absl_flat_hash_set,10000,com-orkut.ungraph,wBFS_unweighted,1,0.003019,3.784518
run_absl_flat_hash_set,10000,com-orkut.ungraph,wBFS_unweighted,2,0.002148,3.720589
run_absl_flat_hash_set,10000,com-orkut.ungraph,wBFS_unweighted,3,0.001941,3.776997
run_absl_flat_hash_set,10000,com-orkut.ungraph,wBFS_unweighted,4,0.002083,3.633752
run_absl_flat_hash_set,10000,com-orkut.ungraph,wBFS_unweighted,5,0.001805,3.617938
run_absl_flat_hash_set,10000,com-orkut.ungraph,wBFS_unweighted,6,0.001881,3.657295
run_absl_flat_hash_set,10000,com-orkut.ungraph,wBFS_unweighted,7,0.001971,3.659522
run_absl_flat_hash_set,10000,com-orkut.ungraph,wBFS_unweighted,8,0.00202,3.803648
run_absl_flat_hash_set,10000,com-orkut.ungraph,wBFS_unweighted,9,0.001825,3.695228
run_absl_flat_hash_set,10000,soc-LiveJournal1,BFS,0,0.002019,0.017785
run_absl_flat_hash_set,10000,soc-LiveJournal1,BFS,1,0.001915,0.013011
run_absl_flat_hash_set,10000,soc-LiveJournal1,BFS,2,0.001928,0.012928
run_absl_flat_hash_set,10000,soc-LiveJournal1,BFS,3,0.001951,0.012854
run_absl_flat_hash_set,10000,soc-LiveJournal1,BFS,4,0.001953,0.012906
run_absl_flat_hash_set,10000,soc-LiveJournal1,BFS,5,0.001906,0.013115
run_absl_flat_hash_set,10000,soc-LiveJournal1,BFS,6,0.001964,0.012692
run_absl_flat_hash_set,10000,soc-LiveJournal1,BFS,7,0.001908,0.012825
run_absl_flat_hash_set,10000,soc-LiveJournal1,BFS,8,0.001907,0.012896
run_absl_flat_hash_set,10000,soc-LiveJournal1,BFS,9,0.001922,0.01276
run_absl_flat_hash_set,10000,soc-LiveJournal1,LabelPropagation,0,0.00194,0.032063
run_absl_flat_hash_set,10000,soc-LiveJournal1,LabelPropagation,1,0.002014,0.027998
run_absl_flat_hash_set,10000,soc-LiveJournal1,LabelPropagation,2,0.002028,0.028176
run_absl_flat_hash_set,10000,soc-LiveJournal1,LabelPropagation,3,0.002027,0.028282
run_absl_flat_hash_set,10000,soc-LiveJournal1,LabelPropagation,4,0.002024,0.028236
run_absl_flat_hash_set,10000,soc-LiveJournal1,LabelPropagation,5,0.002049,0.028342
run_absl_flat_hash_set,10000,soc-LiveJournal1,LabelPropagation,6,0.002045,0.028489
run_absl_flat_hash_set,10000,soc-LiveJournal1,LabelPropagation,7,0.002057,0.028181
run_absl_flat_hash_set,10000,soc-LiveJournal1,LabelPropagation,8,0.002002,0.028213
run_absl_flat_hash_set,10000,soc-LiveJournal1,LabelPropagation,9,0.002043,0.029719
run_absl_flat_hash_set,10000,soc-LiveJournal1,PageRank,0,0.001879,0.185835
run_absl_flat_hash_set,10000,soc-LiveJournal1,PageRank,1,0.001961,0.180305
run_absl_flat_hash_set,10000,soc-LiveJournal1,PageRank,2,0.001953,0.177822
run_absl_flat_hash_set,10000,soc-LiveJournal1,PageRank,3,0.001966,0.179807
run_absl_flat_hash_set,10000,soc-LiveJournal1,PageRank,4,0.00196,0.181046
run_absl_flat_hash_set,10000,soc-LiveJournal1,PageRank,5,0.001992,0.182291
run_absl_flat_hash_set,10000,soc-LiveJournal1,PageRank,6,0.002048,0.180016
run_absl_flat_hash_set,10000,soc-LiveJournal1,PageRank,7,0.002043,0.180371
run_absl_flat_hash_set,10000,soc-LiveJournal1,PageRank,8,0.00208,0.18038
run_absl_flat_hash_set,10000,soc-LiveJournal1,PageRank,9,0.002,0.181987
run_absl_flat_hash_set,10000,soc-LiveJournal1,wBFS_unweighted,0,0.001868,4.796641
run_absl_flat_hash_set,10000,soc-LiveJournal1,wBFS_unweighted,1,0.002086,4.726553
run_absl_flat_hash_set,10000,soc-LiveJournal1,wBFS_unweighted,2,0.001932,4.710328
run_absl_flat_hash_set,10000,soc-LiveJournal1,wBFS_unweighted,3,0.001986,4.747205
run_absl_flat_hash_set,10000,soc-LiveJournal1,wBFS_unweighted,4,0.00202,4.76722
run_absl_flat_hash_set,10000,soc-LiveJournal1,wBFS_unweighted,5,0.001846,4.741074
run_absl_flat_hash_set,10000,soc-LiveJournal1,wBFS_unweighted,6,0.001921,4.732
run_absl_flat_hash_set,10000,soc-LiveJournal1,wBFS_unweighted,7,0.001814,4.705557
run_absl_flat_hash_set,10000,soc-LiveJournal1,wBFS_unweighted,8,0.001858,4.724893
run_absl_flat_hash_set,10000,soc-LiveJournal1,wBFS_unweighted,9,0.001811,4.722004
run_absl_flat_hash_set,10000,twitter-unique-undir,BFS,0,0.002099,0.239099
run_absl_flat_hash_set,10000,twitter-unique-undir,BFS,1,0.002234,0.195552
run_absl_flat_hash_set,10000,twitter-unique-undir,BFS,2,0.002184,0.193961
run_absl_flat_hash_set,10000,twitter-unique-undir,BFS,3,0.002135,0.195305
run_absl_flat_hash_set,10000,twitter-unique-undir,BFS,4,0.002353,0.193305
run_absl_flat_hash_set,10000,twitter-unique-undir,BFS,5,0.002376,0.201372
run_absl_flat_hash_set,10000,twitter-unique-undir,BFS,6,0.002311,0.195476
run_absl_flat_hash_set,10000,twitter-unique-undir,BFS,7,0.002412,0.192652
run_absl_flat_hash_set,10000,twitter-unique-undir,BFS,8,0.002541,0.189911
run_absl_flat_hash_set,10000,twitter-unique-undir,BFS,9,0.002256,0.190621
run_absl_flat_hash_set,10000,twitter-unique-undir,LabelPropagation,0,0.001987,1.451738
run_absl_flat_hash_set,10000,twitter-unique-undir,LabelPropagation,1,0.00191,1.376846
run_absl_flat_hash_set,10000,twitter-unique-undir,LabelPropagation,2,0.001962,1.401382
run_absl_flat_hash_set,10000,twitter-unique-undir,LabelPropagation,3,0.001933,1.406886
run_absl_flat_hash_set,10000,twitter-unique-undir,LabelPropagation,4,0.002029,1.429277
run_absl_flat_hash_set,10000,twitter-unique-undir,LabelPropagation,5,0.002066,1.421809
run_absl_flat_hash_set,10000,twitter-unique-undir,LabelPropagation,6,0.001941,1.440783
run_absl_flat_hash_set,10000,twitter-unique-undir,LabelPropagation,7,0.002194,1.407573
run_absl_flat_hash_set,10000,twitter-unique-undir,LabelPropagation,8,0.002184,1.402931
run_absl_flat_hash_set,10000,twitter-unique-undir,LabelPropagation,9,0.002045,1.408106
run_absl_flat_hash_set,10000,twitter-unique-undir,PageRank,0,0.001759,11.683298
run_absl_flat_hash_set,10000,twitter-unique-undir,PageRank,1,0.001696,11.385818
run_absl_flat_hash_set,10000,twitter-unique-undir,PageRank,2,0.001773,11.193548
run_absl_flat_hash_set,10000,twitter-unique-undir,PageRank,3,0.001689,11.154446
run_absl_flat_hash_set,10000,twitter-unique-undir,PageRank,4,0.001698,11.150654
run_absl_flat_hash_set,10000,twitter-unique-undir,PageRank,5,0.001739,11.144263
run_absl_flat_hash_set,10000,twitter-unique-undir,PageRank,6,0.001575,13.279811
run_absl_flat_hash_set,10000,twitter-unique-undir,PageRank,7,0.001817,21.720637
run_absl_flat_hash_set,10000,twitter-unique-undir,PageRank,8,0.001855,22.018673
run_absl_flat_hash_set,10000,twitter-unique-undir,PageRank,9,0.001749,22.042696
run_absl_flat_hash_set,10000,twitter-unique-undir,wBFS_unweighted,0,0.001714,52.612018
run_absl_flat_hash_set,10000,twitter-unique-undir,wBFS_unweighted,1,0.002032,51.914804
run_absl_flat_hash_set,10000,twitter-unique-undir,wBFS_unweighted,2,0.001803,51.894718
run_absl_flat_hash_set,10000,twitter-unique-undir,wBFS_unweighted,3,0.001757,52.050882
run_absl_flat_hash_set,10000,twitter-unique-undir,wBFS_unweighted,4,0.001682,51.579835
run_absl_flat_hash_set,10000,twitter-unique-undir,wBFS_unweighted,5,0.001829,51.377826
run_absl_flat_hash_set,10000,twitter-unique-undir,wBFS_unweighted,6,0.00154,51.301064
run_absl_flat_hash_set,10000,twitter-unique-undir,wBFS_unweighted,7,0.001694,51.240727
run_absl_flat_hash_set,10000,twitter-unique-undir,wBFS_unweighted,8,0.001686,51.206006
run_absl_flat_hash_set,10000,twitter-unique-undir,wBFS_unweighted,9,0.00169,51.316347
run_absl_flat_hash_set,100000,cit-Patents,BFS,0,0.002771,0.019685
run_absl_flat_hash_set,100000,cit-Patents,BFS,1,0.00297,0.019229
run_absl_flat_hash_set,100000,cit-Patents,BFS,2,0.00299,0.019309
run_absl_flat_hash_set,100000,cit-Patents,BFS,3,0.002992,0.019331
run_absl_flat_hash_set,100000,cit-Patents,BFS,4,0.003103,0.019034
run_absl_flat_hash_set,100000,cit-Patents,BFS,5,0.003072,0.01914
run_absl_flat_hash_set,100000,cit-Patents,BFS,6,0.003082,0.019875
run_absl_flat_hash_set,100000,cit-Patents,BFS,7,0.003042,0.01978
run_absl_flat_hash_set,100000,cit-Patents,BFS,8,0.002996,0.019686
run_absl_flat_hash_set,100000,cit-Patents,BFS,9,0.003067,0.019575
run_absl_flat_hash_set,100000,cit-Patents,LabelPropagation,0,0.002812,0.023523
run_absl_flat_hash_set,100000,cit-Patents,LabelPropagation,1,0.003139,0.021654
run_absl_flat_hash_set,100000,cit-Patents,LabelPropagation,2,0.003056,0.021608
run_absl_flat_hash_set,100000,cit-Patents,LabelPropagation,3,0.003139,0.021797
run_absl_flat_hash_set,100000,cit-Patents,LabelPropagation,4,0.003217,0.021667
run_absl_flat_hash_set,100000,cit-Patents,LabelPropagation,5,0.003209,0.022313
run_absl_flat_hash_set,100000,cit-Patents,LabelPropagation,6,0.003278,0.022083
run_absl_flat_hash_set,100000,cit-Patents,LabelPropagation,7,0.003408,0.022738
run_absl_flat_hash_set,100000,cit-Patents,LabelPropagation,8,0.00335,0.021536
run_absl_flat_hash_set,100000,cit-Patents,LabelPropagation,9,0.003378,0.022049
run_absl_flat_hash_set,100000,cit-Patents,PageRank,0,0.002892,0.165781
run_absl_flat_hash_set,100000,cit-Patents,PageRank,1,0.003543,0.162651
run_absl_flat_hash_set,100000,cit-Patents,PageRank,2,0.003252,0.16206
run_absl_flat_hash_set,100000,cit-Patents,PageRank,3,0.003518,0.162745
run_absl_flat_hash_set,100000,cit-Patents,PageRank,4,0.00336,0.162201
run_absl_flat_hash_set,100000,cit-Patents,PageRank,5,0.003346,0.164086
run_absl_flat_hash_set,100000,cit-Patents,PageRank,6,0.003282,0.165053
run_absl_flat_hash_set,100000,cit-Patents,PageRank,7,0.003335,0.164818
run_absl_flat_hash_set,100000,cit-Patents,PageRank,8,0.003851,0.169041
run_absl_flat_hash_set,100000,cit-Patents,PageRank,9,0.003868,0.150771
run_absl_flat_hash_set,100000,cit-Patents,wBFS_unweighted,0,0.002675,4.592895
run_absl_flat_hash_set,100000,cit-Patents,wBFS_unweighted,1,0.003068,4.555073
run_absl_flat_hash_set,100000,cit-Patents,wBFS_unweighted,2,0.003151,4.586502
run_absl_flat_hash_set,100000,cit-Patents,wBFS_unweighted,3,0.003404,4.563243
run_absl_flat_hash_set,100000,cit-Patents,wBFS_unweighted,4,0.003216,4.532724
run_absl_flat_hash_set,100000,cit-Patents,wBFS_unweighted,5,0.003189,4.530653
run_absl_flat_hash_set,100000,cit-Patents,wBFS_unweighted,6,0.003089,4.539544
run_absl_flat_hash_set,100000,cit-Patents,wBFS_unweighted,7,0.003116,4.573691
run_absl_flat_hash_set,100000,cit-Patents,wBFS_unweighted,8,0.003205,4.540876
run_absl_flat_hash_set,100000,cit-Patents,wBFS_unweighted,9,0.003243,4.52343
run_absl_flat_hash_set,100000,com-friendster,BFS,0,0.006882,4.237318
run_absl_flat_hash_set,100000,com-friendster,BFS,1,0.003986,4.003453
run_absl_flat_hash_set,100000,com-friendster,BFS,2,0.003985,4.002534
run_absl_flat_hash_set,100000,com-friendster,BFS,3,0.00386,4.006365
run_absl_flat_hash_set,100000,com-friendster,BFS,4,0.003881,3.992024
run_absl_flat_hash_set,100000,com-friendster,BFS,5,0.003981,3.981534
run_absl_flat_hash_set,100000,com-friendster,BFS,6,0.003892,4.022431
run_absl_flat_hash_set,100000,com-friendster,BFS,7,0.004096,4.018635
run_absl_flat_hash_set,100000,com-friendster,BFS,8,0.003908,4.001375
run_absl_flat_hash_set,100000,com-friendster,BFS,9,0.004685,4.020856
run_absl_flat_hash_set,100000,com-friendster,LabelPropagation,0,0.006545,5.581429
run_absl_flat_hash_set,100000,com-friendster,LabelPropagation,1,0.004845,4.942437
run_absl_flat_hash_set,100000,com-friendster,LabelPropagation,2,0.00481,4.966941
run_absl_flat_hash_set,100000,com-friendster,LabelPropagation,3,0.004776,4.88386
run_absl_flat_hash_set,100000,com-friendster,LabelPropagation,4,0.005267,4.972319
run_absl_flat_hash_set,100000,com-friendster,LabelPropagation,5,0.007552,5.023142
run_absl_flat_hash_set,100000,com-friendster,LabelPropagation,6,0.007075,4.992027
run_absl_flat_hash_set,100000,com-friendster,LabelPropagation,7,0.007806,5.082605
run_absl_flat_hash_set,100000,com-friendster,LabelPropagation,8,0.007275,5.069805
run_absl_flat_hash_set,100000,com-friendster,LabelPropagation,9,0.007528,5.008196
run_absl_flat_hash_set,100000,com-friendster,PageRank,0,0.002969,73.233012
run_absl_flat_hash_set,100000,com-friendster,PageRank,1,0.003648,80.333162
run_absl_flat_hash_set,100000,com-friendster,PageRank,2,0.004091,78.850471
run_absl_flat_hash_set,100000,com-friendster,PageRank,3,0.003755,78.294778
run_absl_flat_hash_set,100000,com-friendster,PageRank,4,0.003502,88.377755
run_absl_flat_hash_set,100000,com-friendster,PageRank,5,0.003579,88.955298
run_absl_flat_hash_set,100000,com-friendster,PageRank,6,0.003621,89.367973
run_absl_flat_hash_set,100000,com-friendster,PageRank,7,0.003485,84.534508
run_absl_flat_hash_set,100000,com-friendster,PageRank,8,0.003464,86.251572
run_absl_flat_hash_set,100000,com-friendster,PageRank,9,0.003662,37.279249
run_absl_flat_hash_set,100000,com-friendster,wBFS_unweighted,0,0.003021,57.369354
run_absl_flat_hash_set,100000,com-friendster,wBFS_unweighted,1,0.003453,57.297809
run_absl_flat_hash_set,100000,com-friendster,wBFS_unweighted,2,0.003787,56.80619
run_absl_flat_hash_set,100000,com-friendster,wBFS_unweighted,3,0.004859,56.136472
run_absl_flat_hash_set,100000,com-friendster,wBFS_unweighted,4,0.003634,55.417573
run_absl_flat_hash_set,100000,com-friendster,wBFS_unweighted,5,0.003296,55.340717
run_absl_flat_hash_set,100000,com-friendster,wBFS_unweighted,6,0.00365,55.533805
run_absl_flat_hash_set,100000,com-friendster,wBFS_unweighted,7,0.003451,55.69624
run_absl_flat_hash_set,100000,com-friendster,wBFS_unweighted,8,0.003455,55.344758
run_absl_flat_hash_set,100000,com-friendster,wBFS_unweighted,9,0.003777,55.002338
run_absl_flat_hash_set,100000,com-orkut.ungraph,BFS,0,0.002874,0.011382
run_absl_flat_hash_set,100000,com-orkut.ungraph,BFS,1,0.002953,0.010765
run_absl_flat_hash_set,100000,com-orkut.ungraph,BFS,2,0.002954,0.010826
run_absl_flat_hash_set,100000,com-orkut.ungraph,BFS,3,0.002928,0.011962
run_absl_flat_hash_set,100000,com-orkut.ungraph,BFS,4,0.003015,0.010957
run_absl_flat_hash_set,100000,com-orkut.ungraph,BFS,5,0.002967,0.010796
run_absl_flat_hash_set,100000,com-orkut.ungraph,BFS,6,0.003025,0.010825
run_absl_flat_hash_set,100000,com-orkut.ungraph,BFS,7,0.003074,0.010519
run_absl_flat_hash_set,100000,com-orkut.ungraph,BFS,8,0.003042,0.0108
run_absl_flat_hash_set,100000,com-orkut.ungraph,BFS,9,0.002964,0.010684
run_absl_flat_hash_set,100000,com-orkut.ungraph,LabelPropagation,0,0.002864,0.044835
run_absl_flat_hash_set,100000,com-orkut.ungraph,LabelPropagation,1,0.003063,0.043326
run_absl_flat_hash_set,100000,com-orkut.ungraph,LabelPropagation,2,0.003097,0.042925
run_absl_flat_hash_set,100000,com-orkut.ungraph,LabelPropagation,3,0.003253,0.04279
run_absl_flat_hash_set,100000,com-orkut.ungraph,LabelPropagation,4,0.003258,0.043622
run_absl_flat_hash_set,100000,com-orkut.ungraph,LabelPropagation,5,0.003259,0.044118
run_absl_flat_hash_set,100000,com-orkut.ungraph,LabelPropagation,6,0.003163,0.043874
run_absl_flat_hash_set,100000,com-orkut.ungraph,LabelPropagation,7,0.00336,0.043495
run_absl_flat_hash_set,100000,com-orkut.ungraph,LabelPropagation,8,0.003617,0.046998
run_absl_flat_hash_set,100000,com-orkut.ungraph,LabelPropagation,9,0.003578,0.043369
run_absl_flat_hash_set,100000,com-orkut.ungraph,PageRank,0,0.002976,0.339579
run_absl_flat_hash_set,100000,com-orkut.ungraph,PageRank,1,0.003007,0.335728
run_absl_flat_hash_set,100000,com-orkut.ungraph,PageRank,2,0.003182,0.338841
run_absl_flat_hash_set,100000,com-orkut.ungraph,PageRank,3,0.00327,0.331608
run_absl_flat_hash_set,100000,com-orkut.ungraph,PageRank,4,0.003281,0.331236
run_absl_flat_hash_set,100000,com-orkut.ungraph,PageRank,5,0.003347,0.333994
run_absl_flat_hash_set,100000,com-orkut.ungraph,PageRank,6,0.003393,0.332402
run_absl_flat_hash_set,100000,com-orkut.ungraph,PageRank,7,0.003674,0.330812
run_absl_flat_hash_set,100000,com-orkut.ungraph,PageRank,8,0.003399,0.331451
run_absl_flat_hash_set,100000,com-orkut.ungraph,PageRank,9,0.003452,0.327979
run_absl_flat_hash_set,100000,com-orkut.ungraph,wBFS_unweighted,0,0.002873,3.542815
run_absl_flat_hash_set,100000,com-orkut.ungraph,wBFS_unweighted,1,0.003996,3.528301
run_absl_flat_hash_set,100000,com-orkut.ungraph,wBFS_unweighted,2,0.005634,3.542221
run_absl_flat_hash_set,100000,com-orkut.ungraph,wBFS_unweighted,3,0.004147,3.472295
run_absl_flat_hash_set,100000,com-orkut.ungraph,wBFS_unweighted,4,0.003622,3.446419
run_absl_flat_hash_set,100000,com-orkut.ungraph,wBFS_unweighted,5,0.003641,3.465095
run_absl_flat_hash_set,100000,com-orkut.ungraph,wBFS_unweighted,6,0.003581,3.460695
run_absl_flat_hash_set,100000,com-orkut.ungraph,wBFS_unweighted,7,0.003644,3.465331
run_absl_flat_hash_set,100000,com-orkut.ungraph,wBFS_unweighted,8,0.003428,3.442132
run_absl_flat_hash_set,100000,com-orkut.ungraph,wBFS_unweighted,9,0.003397,3.44405
run_absl_flat_hash_set,100000,soc-LiveJournal1,BFS,0,0.002605,0.014201
run_absl_flat_hash_set,100000,soc-LiveJournal1,BFS,1,0.002855,0.012898
run_absl_flat_hash_set,100000,soc-LiveJournal1,BFS,2,0.002979,0.012537
run_absl_flat_hash_set,100000,soc-LiveJournal1,BFS,3,0.002713,0.012562
run_absl_flat_hash_set,100000,soc-LiveJournal1,BFS,4,0.002904,0.012683
run_absl_flat_hash_set,100000,soc-LiveJournal1,BFS,5,0.002767,0.012755
run_absl_flat_hash_set,100000,soc-LiveJournal1,BFS,6,0.002785,0.012705
run_absl_flat_hash_set,100000,soc-LiveJournal1,BFS,7,0.00283,0.012719
run_absl_flat_hash_set,100000,soc-LiveJournal1,BFS,8,0.00274,0.012611
run_absl_flat_hash_set,100000,soc-LiveJournal1,BFS,9,0.002829,0.012663
run_absl_flat_hash_set,100000,soc-LiveJournal1,LabelPropagation,0,0.002812,0.03073
run_absl_flat_hash_set,100000,soc-LiveJournal1,LabelPropagation,1,0.003023,0.030904
run_absl_flat_hash_set,100000,soc-LiveJournal1,LabelPropagation,2,0.002999,0.036176
run_absl_flat_hash_set,100000,soc-LiveJournal1,LabelPropagation,3,0.002884,0.030855
run_absl_flat_hash_set,100000,soc-LiveJournal1,LabelPropagation,4,0.003133,0.030869
run_absl_flat_hash_set,100000,soc-LiveJournal1,LabelPropagation,5,0.002943,0.03097
run_absl_flat_hash_set,100000,soc-LiveJournal1,LabelPropagation,6,0.003139,0.030648
run_absl_flat_hash_set,100000,soc-LiveJournal1,LabelPropagation,7,0.003078,0.03124
run_absl_flat_hash_set,100000,soc-LiveJournal1,LabelPropagation,8,0.003185,0.030544
run_absl_flat_hash_set,100000,soc-LiveJournal1,LabelPropagation,9,0.003232,0.030907
run_absl_flat_hash_set,100000,soc-LiveJournal1,PageRank,0,0.002551,0.192871
run_absl_flat_hash_set,100000,soc-LiveJournal1,PageRank,1,0.003084,0.202155
run_absl_flat_hash_set,100000,soc-LiveJournal1,PageRank,2,0.003387,0.200884
run_absl_flat_hash_set,100000,soc-LiveJournal1,PageRank,3,0.003248,0.192114
run_absl_flat_hash_set,100000,soc-LiveJournal1,PageRank,4,0.003309,0.200427
run_absl_flat_hash_set,100000,soc-LiveJournal1,PageRank,5,0.00336,0.201026
run_absl_flat_hash_set,100000,soc-LiveJournal1,PageRank,6,0.00565,0.204043
run_absl_flat_hash_set,100000,soc-LiveJournal1,PageRank,7,0.00369,0.197494
run_absl_flat_hash_set,100000,soc-LiveJournal1,PageRank,8,0.003723,0.191181
run_absl_flat_hash_set,100000,soc-LiveJournal1,PageRank,9,0.003668,0.193999
run_absl_flat_hash_set,100000,soc-LiveJournal1,wBFS_unweighted,0,0.002541,4.827809
run_absl_flat_hash_set,100000,soc-LiveJournal1,wBFS_unweighted,1,0.003386,4.748885
run_absl_flat_hash_set,100000,soc-LiveJournal1,wBFS_unweighted,2,0.003214,4.733107
run_absl_flat_hash_set,100000,soc-LiveJournal1,wBFS_unweighted,3,0.003351,4.768681
run_absl_flat_hash_set,100000,soc-LiveJournal1,wBFS_unweighted,4,0.002811,4.72791
run_absl_flat_hash_set,100000,soc-LiveJournal1,wBFS_unweighted,5,0.002903,4.710113
run_absl_flat_hash_set,100000,soc-LiveJournal1,wBFS_unweighted,6,0.002815,4.70522
run_absl_flat_hash_set,100000,soc-LiveJournal1,wBFS_unweighted,7,0.003053,4.740211
run_absl_flat_hash_set,100000,soc-LiveJournal1,wBFS_unweighted,8,0.002908,4.74206
run_absl_flat_hash_set,100000,soc-LiveJournal1,wBFS_unweighted,9,0.002923,4.717
run_absl_flat_hash_set,100000,twitter-unique-undir,BFS,0,0.008092,0.24252
run_absl_flat_hash_set,100000,twitter-unique-undir,BFS,1,0.008487,0.175129
run_absl_flat_hash_set,100000,twitter-unique-undir,BFS,2,0.007836,0.174713
run_absl_flat_hash_set,100000,twitter-unique-undir,BFS,3,0.009221,0.176526
run_absl_flat_hash_set,100000,twitter-unique-undir,BFS,4,0.010698,0.177452
run_absl_flat_hash_set,100000,twitter-unique-undir,BFS,5,0.011064,0.175249
run_absl_flat_hash_set,100000,twitter-unique-undir,BFS,6,0.013645,0.176382
run_absl_flat_hash_set,100000,twitter-unique-undir,BFS,7,0.012046,0.175562
run_absl_flat_hash_set,100000,twitter-unique-undir,BFS,8,0.011952,0.174053
run_absl_flat_hash_set,100000,twitter-unique-undir,BFS,9,0.012018,0.175727
run_absl_flat_hash_set,100000,twitter-unique-undir,LabelPropagation,0,0.004215,1.329034
run_absl_flat_hash_set,100000,twitter-unique-undir,LabelPropagation,1,0.003814,1.307199
run_absl_flat_hash_set,100000,twitter-unique-undir,LabelPropagation,2,0.003649,1.280518
run_absl_flat_hash_set,100000,twitter-unique-undir,LabelPropagation,3,0.003672,1.296755
run_absl_flat_hash_set,100000,twitter-unique-undir,LabelPropagation,4,0.003519,1.258372
run_absl_flat_hash_set,100000,twitter-unique-undir,LabelPropagation,5,0.003731,1.319808
run_absl_flat_hash_set,100000,twitter-unique-undir,LabelPropagation,6,0.003741,1.306355
run_absl_flat_hash_set,100000,twitter-unique-undir,LabelPropagation,7,0.003683,1.298267
run_absl_flat_hash_set,100000,twitter-unique-undir,LabelPropagation,8,0.004321,1.305194
run_absl_flat_hash_set,100000,twitter-unique-undir,LabelPropagation,9,0.004045,1.322042
run_absl_flat_hash_set,100000,twitter-unique-undir,PageRank,0,0.004137,9.301346
run_absl_flat_hash_set,100000,twitter-unique-undir,PageRank,1,0.004993,8.778116
run_absl_flat_hash_set,100000,twitter-unique-undir,PageRank,2,0.005266,8.673361
run_absl_flat_hash_set,100000,twitter-unique-undir,PageRank,3,0.005313,8.643071
run_absl_flat_hash_set,100000,twitter-unique-undir,PageRank,4,0.005153,8.664595
run_absl_flat_hash_set,100000,twitter-unique-undir,PageRank,5,0.005524,8.663002
run_absl_flat_hash_set,100000,twitter-unique-undir,PageRank,6,0.005308,8.666426
run_absl_flat_hash_set,100000,twitter-unique-undir,PageRank,7,0.005242,8.655552
run_absl_flat_hash_set,100000,twitter-unique-undir,PageRank,8,0.005404,8.639537
run_absl_flat_hash_set,100000,twitter-unique-undir,PageRank,9,0.005618,8.663495
run_absl_flat_hash_set,100000,twitter-unique-undir,wBFS_unweighted,0,0.003595,58.4585
run_absl_flat_hash_set,100000,twitter-unique-undir,wBFS_unweighted,1,0.011201,58.561373
run_absl_flat_hash_set,100000,twitter-unique-undir,wBFS_unweighted,2,0.005325,58.276345
run_absl_flat_hash_set,100000,twitter-unique-undir,wBFS_unweighted,3,0.003899,57.769729
run_absl_flat_hash_set,100000,twitter-unique-undir,wBFS_unweighted,4,0.003144,57.666719
run_absl_flat_hash_set,100000,twitter-unique-undir,wBFS_unweighted,5,0.003316,57.815291
run_absl_flat_hash_set,100000,twitter-unique-undir,wBFS_unweighted,6,0.003661,57.351524
run_absl_flat_hash_set,100000,twitter-unique-undir,wBFS_unweighted,7,0.003634,56.477656
run_absl_flat_hash_set,100000,twitter-unique-undir,wBFS_unweighted,8,0.003717,56.327105
run_absl_flat_hash_set,100000,twitter-unique-undir,wBFS_unweighted,9,0.003524,56.3785
run_absl_flat_hash_set,1000000,cit-Patents,BFS,0,0.010764,0.0212
run_absl_flat_hash_set,1000000,cit-Patents,BFS,1,0.011702,0.021515
run_absl_flat_hash_set,1000000,cit-Patents,BFS,2,0.011859,0.021456
run_absl_flat_hash_set,1000000,cit-Patents,BFS,3,0.011862,0.019788
run_absl_flat_hash_set,1000000,cit-Patents,BFS,4,0.011753,0.020037
run_absl_flat_hash_set,1000000,cit-Patents,BFS,5,0.012192,0.019779
run_absl_flat_hash_set,1000000,cit-Patents,BFS,6,0.011789,0.020194
run_absl_flat_hash_set,1000000,cit-Patents,BFS,7,0.011714,0.019238
run_absl_flat_hash_set,1000000,cit-Patents,BFS,8,0.012368,0.018465
run_absl_flat_hash_set,1000000,cit-Patents,BFS,9,0.012337,0.018679
run_absl_flat_hash_set,1000000,cit-Patents,LabelPropagation,0,0.011144,0.02326
run_absl_flat_hash_set,1000000,cit-Patents,LabelPropagation,1,0.011873,0.023741
run_absl_flat_hash_set,1000000,cit-Patents,LabelPropagation,2,0.01185,0.024263
run_absl_flat_hash_set,1000000,cit-Patents,LabelPropagation,3,0.012102,0.025716
run_absl_flat_hash_set,1000000,cit-Patents,LabelPropagation,4,0.011988,0.025487
run_absl_flat_hash_set,1000000,cit-Patents,LabelPropagation,5,0.01216,0.025847
run_absl_flat_hash_set,1000000,cit-Patents,LabelPropagation,6,0.012328,0.026209
run_absl_flat_hash_set,1000000,cit-Patents,LabelPropagation,7,0.011847,0.026291
run_absl_flat_hash_set,1000000,cit-Patents,LabelPropagation,8,0.012268,0.027215
run_absl_flat_hash_set,1000000,cit-Patents,LabelPropagation,9,0.012583,0.028082
run_absl_flat_hash_set,1000000,cit-Patents,PageRank,0,0.011648,0.153089
run_absl_flat_hash_set,1000000,cit-Patents,PageRank,1,0.012792,0.163379
run_absl_flat_hash_set,1000000,cit-Patents,PageRank,2,0.012747,0.17331
run_absl_flat_hash_set,1000000,cit-Patents,PageRank,3,0.013105,0.180211
run_absl_flat_hash_set,1000000,cit-Patents,PageRank,4,0.01312,0.182651
run_absl_flat_hash_set,1000000,cit-Patents,PageRank,5,0.015416,0.190086
run_absl_flat_hash_set,1000000,cit-Patents,PageRank,6,0.014844,0.202456
run_absl_flat_hash_set,1000000,cit-Patents,PageRank,7,0.01608,0.217295
run_absl_flat_hash_set,1000000,cit-Patents,PageRank,8,0.014821,0.212595
run_absl_flat_hash_set,1000000,cit-Patents,PageRank,9,0.013732,0.191965
run_absl_flat_hash_set,1000000,cit-Patents,wBFS_unweighted,0,0.011278,5.003209
run_absl_flat_hash_set,1000000,cit-Patents,wBFS_unweighted,1,0.012603,4.955716
run_absl_flat_hash_set,1000000,cit-Patents,wBFS_unweighted,2,0.013233,4.873518
run_absl_flat_hash_set,1000000,cit-Patents,wBFS_unweighted,3,0.013789,4.796922
run_absl_flat_hash_set,1000000,cit-Patents,wBFS_unweighted,4,0.013632,4.716984
run_absl_flat_hash_set,1000000,cit-Patents,wBFS_unweighted,5,0.012722,4.669944
run_absl_flat_hash_set,1000000,cit-Patents,wBFS_unweighted,6,0.014222,4.668959
run_absl_flat_hash_set,1000000,cit-Patents,wBFS_unweighted,7,0.013118,4.632792
run_absl_flat_hash_set,1000000,cit-Patents,wBFS_unweighted,8,0.013097,4.599598
run_absl_flat_hash_set,1000000,cit-Patents,wBFS_unweighted,9,0.014218,4.63661
run_absl_flat_hash_set,1000000,com-friendster,BFS,0,0.011288,3.987994
run_absl_flat_hash_set,1000000,com-friendster,BFS,1,0.010563,3.922598
run_absl_flat_hash_set,1000000,com-friendster,BFS,2,0.010455,3.929094
run_absl_flat_hash_set,1000000,com-friendster,BFS,3,0.010479,3.924966
run_absl_flat_hash_set,1000000,com-friendster,BFS,4,0.010533,3.919971
run_absl_flat_hash_set,1000000,com-friendster,BFS,5,0.010273,3.919284
run_absl_flat_hash_set,1000000,com-friendster,BFS,6,0.010487,3.9203
run_absl_flat_hash_set,1000000,com-friendster,BFS,7,0.010461,3.938493
run_absl_flat_hash_set,1000000,com-friendster,BFS,8,0.010743,3.921889
run_absl_flat_hash_set,1000000,com-friendster,BFS,9,0.011317,3.928407
run_absl_flat_hash_set,1000000,com-friendster,LabelPropagation,0,0.011306,5.934387
run_absl_flat_hash_set,1000000,com-friendster,LabelPropagation,1,0.011729,5.877486
run_absl_flat_hash_set,1000000,com-friendster,LabelPropagation,2,0.01209,5.813928
run_absl_flat_hash_set,1000000,com-friendster,LabelPropagation,3,0.012702,5.878212
run_absl_flat_hash_set,1000000,com-friendster,LabelPropagation,4,0.012022,5.85762
run_absl_flat_hash_set,1000000,com-friendster,LabelPropagation,5,0.012419,5.864789
run_absl_flat_hash_set,1000000,com-friendster,LabelPropagation,6,0.013058,5.914574
run_absl_flat_hash_set,1000000,com-friendster,LabelPropagation,7,0.012691,5.858851
run_absl_flat_hash_set,1000000,com-friendster,LabelPropagation,8,0.012897,5.951435
run_absl_flat_hash_set,1000000,com-friendster,LabelPropagation,9,0.013528,6.008063
run_absl_flat_hash_set,1000000,com-friendster,PageRank,0,0.010197,66.941719
run_absl_flat_hash_set,1000000,com-friendster,PageRank,1,0.010634,67.291542
run_absl_flat_hash_set,1000000,com-friendster,PageRank,2,0.011746,67.214236
run_absl_flat_hash_set,1000000,com-friendster,PageRank,3,0.011489,67.073599
run_absl_flat_hash_set,1000000,com-friendster,PageRank,4,0.011574,66.758006
run_absl_flat_hash_set,1000000,com-friendster,PageRank,5,0.011234,66.984062
run_absl_flat_hash_set,1000000,com-friendster,PageRank,6,0.011225,67.196357
run_absl_flat_hash_set,1000000,com-friendster,PageRank,7,0.011509,67.052652
run_absl_flat_hash_set,1000000,com-friendster,PageRank,8,0.011284,67.169052
run_absl_flat_hash_set,1000000,com-friendster,PageRank,9,0.0123,35.37608
run_absl_flat_hash_set,1000000,com-friendster,wBFS_unweighted,0,0.010079,88.956739
run_absl_flat_hash_set,1000000,com-friendster,wBFS_unweighted,1,0.010854,107.14643
run_absl_flat_hash_set,1000000,com-friendster,wBFS_unweighted,2,0.016305,122.084173
run_absl_flat_hash_set,1000000,com-friendster,wBFS_unweighted,3,0.012483,145.554687
run_absl_flat_hash_set,1000000,com-friendster,wBFS_unweighted,4,0.012741,117.852772
run_absl_flat_hash_set,1000000,com-friendster,wBFS_unweighted,5,0.011771,141.839542
run_absl_flat_hash_set,1000000,com-friendster,wBFS_unweighted,6,0.014568,112.800693
run_absl_flat_hash_set,1000000,com-friendster,wBFS_unweighted,7,0.012216,134.204697
run_absl_flat_hash_set,1000000,com-friendster,wBFS_unweighted,8,0.012227,122.290541
run_absl_flat_hash_set,1000000,com-friendster,wBFS_unweighted,9,0.01264,139.241157
run_absl_flat_hash_set,1000000,com-orkut.ungraph,BFS,0,0.008254,0.010362
run_absl_flat_hash_set,1000000,com-orkut.ungraph,BFS,1,0.009323,0.010515
run_absl_flat_hash_set,1000000,com-orkut.ungraph,BFS,2,0.009361,0.010539
run_absl_flat_hash_set,1000000,com-orkut.ungraph,BFS,3,0.009537,0.010566
run_absl_flat_hash_set,1000000,com-orkut.ungraph,BFS,4,0.009469,0.010604
run_absl_flat_hash_set,1000000,com-orkut.ungraph,BFS,5,0.009269,0.010568
run_absl_flat_hash_set,1000000,com-orkut.ungraph,BFS,6,0.009417,0.010309
run_absl_flat_hash_set,1000000,com-orkut.ungraph,BFS,7,0.009602,0.012251
run_absl_flat_hash_set,1000000,com-orkut.ungraph,BFS,8,0.009935,0.010139
run_absl_flat_hash_set,1000000,com-orkut.ungraph,BFS,9,0.009518,0.010522
run_absl_flat_hash_set,1000000,com-orkut.ungraph,LabelPropagation,0,0.008456,0.045784
run_absl_flat_hash_set,1000000,com-orkut.ungraph,LabelPropagation,1,0.009572,0.045951
run_absl_flat_hash_set,1000000,com-orkut.ungraph,LabelPropagation,2,0.009533,0.046644
run_absl_flat_hash_set,1000000,com-orkut.ungraph,LabelPropagation,3,0.009724,0.046934
run_absl_flat_hash_set,1000000,com-orkut.ungraph,LabelPropagation,4,0.009599,0.046551
run_absl_flat_hash_set,1000000,com-orkut.ungraph,LabelPropagation,5,0.009778,0.047359
run_absl_flat_hash_set,1000000,com-orkut.ungraph,LabelPropagation,6,0.009548,0.04742
run_absl_flat_hash_set,1000000,com-orkut.ungraph,LabelPropagation,7,0.009641,0.047638
run_absl_flat_hash_set,1000000,com-orkut.ungraph,LabelPropagation,8,0.010211,0.047121
run_absl_flat_hash_set,1000000,com-orkut.ungraph,LabelPropagation,9,0.009448,0.048703
run_absl_flat_hash_set,1000000,com-orkut.ungraph,PageRank,0,0.008303,0.321287
run_absl_flat_hash_set,1000000,com-orkut.ungraph,PageRank,1,0.009669,0.323571
run_absl_flat_hash_set,1000000,com-orkut.ungraph,PageRank,2,0.009602,0.327478
run_absl_flat_hash_set,1000000,com-orkut.ungraph,PageRank,3,0.009931,0.322511
run_absl_flat_hash_set,1000000,com-orkut.ungraph,PageRank,4,0.009728,0.329864
run_absl_flat_hash_set,1000000,com-orkut.ungraph,PageRank,5,0.009669,0.33871
run_absl_flat_hash_set,1000000,com-orkut.ungraph,PageRank,6,0.009643,0.337938
run_absl_flat_hash_set,1000000,com-orkut.ungraph,PageRank,7,0.010107,0.339454
run_absl_flat_hash_set,1000000,com-orkut.ungraph,PageRank,8,0.010683,0.336252
run_absl_flat_hash_set,1000000,com-orkut.ungraph,PageRank,9,0.010794,0.338628
run_absl_flat_hash_set,1000000,com-orkut.ungraph,wBFS_unweighted,0,0.008131,3.440958
run_absl_flat_hash_set,1000000,com-orkut.ungraph,wBFS_unweighted,1,0.010747,3.407415
run_absl_flat_hash_set,1000000,com-orkut.ungraph,wBFS_unweighted,2,0.010058,3.352917
run_absl_flat_hash_set,1000000,com-orkut.ungraph,wBFS_unweighted,3,0.010257,3.421073
run_absl_flat_hash_set,1000000,com-orkut.ungraph,wBFS_unweighted,4,0.010602,3.402067
run_absl_flat_hash_set,1000000,com-orkut.ungraph,wBFS_unweighted,5,0.010764,3.403548
run_absl_flat_hash_set,1000000,com-orkut.ungraph,wBFS_unweighted,6,0.010254,3.388758
run_absl_flat_hash_set,1000000,com-orkut.ungraph,wBFS_unweighted,7,0.011086,3.404831
run_absl_flat_hash_set,1000000,com-orkut.ungraph,wBFS_unweighted,8,0.011886,3.392742
run_absl_flat_hash_set,1000000,com-orkut.ungraph,wBFS_unweighted,9,0.012146,3.3982
run_absl_flat_hash_set,1000000,soc-LiveJournal1,BFS,0,0.008649,0.015189
run_absl_flat_hash_set,1000000,soc-LiveJournal1,BFS,1,0.008988,0.014033
run_absl_flat_hash_set,1000000,soc-LiveJournal1,BFS,2,0.009046,0.013984
run_absl_flat_hash_set,1000000,soc-LiveJournal1,BFS,3,0.008751,0.013817
run_absl_flat_hash_set,1000000,soc-LiveJournal1,BFS,4,0.008672,0.014214
run_absl_flat_hash_set,1000000,soc-LiveJournal1,BFS,5,0.00917,0.014148
run_absl_flat_hash_set,1000000,soc-LiveJournal1,BFS,6,0.008932,0.014191
run_absl_flat_hash_set,1000000,soc-LiveJournal1,BFS,7,0.008955,0.013764
run_absl_flat_hash_set,1000000,soc-LiveJournal1,BFS,8,0.00941,0.014006
run_absl_flat_hash_set,1000000,soc-LiveJournal1,BFS,9,0.009635,0.015877
run_absl_flat_hash_set,1000000,soc-LiveJournal1,LabelPropagation,0,0.008076,0.035957
run_absl_flat_hash_set,1000000,soc-LiveJournal1,LabelPropagation,1,0.009198,0.031924
run_absl_flat_hash_set,1000000,soc-LiveJournal1,LabelPropagation,2,0.008889,0.032245
run_absl_flat_hash_set,1000000,soc-LiveJournal1,LabelPropagation,3,0.009198,0.032404
run_absl_flat_hash_set,1000000,soc-LiveJournal1,LabelPropagation,4,0.008699,0.033168
run_absl_flat_hash_set,1000000,soc-LiveJournal1,LabelPropagation,5,0.009501,0.034229
run_absl_flat_hash_set,1000000,soc-LiveJournal1,LabelPropagation,6,0.008976,0.034118
run_absl_flat_hash_set,1000000,soc-LiveJournal1,LabelPropagation,7,0.009375,0.034065
run_absl_flat_hash_set,1000000,soc-LiveJournal1,LabelPropagation,8,0.010476,0.034445
run_absl_flat_hash_set,1000000,soc-LiveJournal1,LabelPropagation,9,0.010234,0.034809
run_absl_flat_hash_set,1000000,soc-LiveJournal1,PageRank,0,0.008436,0.177705
run_absl_flat_hash_set,1000000,soc-LiveJournal1,PageRank,1,0.00908,0.182336
run_absl_flat_hash_set,1000000,soc-LiveJournal1,PageRank,2,0.009171,0.186507
run_absl_flat_hash_set,1000000,soc-LiveJournal1,PageRank,3,0.008968,0.19194
run_absl_flat_hash_set,1000000,soc-LiveJournal1,PageRank,4,0.010509,0.201905
run_absl_flat_hash_set,1000000,soc-LiveJournal1,PageRank,5,0.010071,0.195753
run_absl_flat_hash_set,1000000,soc-LiveJournal1,PageRank,6,0.01014,0.202172
run_absl_flat_hash_set,1000000,soc-LiveJournal1,PageRank,7,0.010511,0.207616
run_absl_flat_hash_set,1000000,soc-LiveJournal1,PageRank,8,0.010848,0.208645
run_absl_flat_hash_set,1000000,soc-LiveJournal1,PageRank,9,0.012877,0.216793
run_absl_flat_hash_set,1000000,soc-LiveJournal1,wBFS_unweighted,0,0.008037,4.805162
run_absl_flat_hash_set,1000000,soc-LiveJournal1,wBFS_unweighted,1,0.009901,4.9364
run_absl_flat_hash_set,1000000,soc-LiveJournal1,wBFS_unweighted,2,0.012028,4.781452
run_absl_flat_hash_set,1000000,soc-LiveJournal1,wBFS_unweighted,3,0.010134,4.791058
run_absl_flat_hash_set,1000000,soc-LiveJournal1,wBFS_unweighted,4,0.009997,4.771811
run_absl_flat_hash_set,1000000,soc-LiveJournal1,wBFS_unweighted,5,0.010198,4.828854
run_absl_flat_hash_set,1000000,soc-LiveJournal1,wBFS_unweighted,6,0.010134,4.778043
run_absl_flat_hash_set,1000000,soc-LiveJournal1,wBFS_unweighted,7,0.010272,4.783432
run_absl_flat_hash_set,1000000,soc-LiveJournal1,wBFS_unweighted,8,0.011387,4.778664
run_absl_flat_hash_set,1000000,soc-LiveJournal1,wBFS_unweighted,9,0.01046,4.804689
run_absl_flat_hash_set,1000000,twitter-unique-undir,BFS,0,0.046546,0.192202
run_absl_flat_hash_set,1000000,twitter-unique-undir,BFS,1,0.03743,0.182779
run_absl_flat_hash_set,1000000,twitter-unique-undir,BFS,2,0.029709,0.184918
run_absl_flat_hash_set,1000000,twitter-unique-undir,BFS,3,0.031535,0.190977
run_absl_flat_hash_set,1000000,twitter-unique-undir,BFS,4,0.040102,0.185701
run_absl_flat_hash_set,1000000,twitter-unique-undir,BFS,5,0.037782,0.185801
run_absl_flat_hash_set,1000000,twitter-unique-undir,BFS,6,0.036783,0.183194
run_absl_flat_hash_set,1000000,twitter-unique-undir,BFS,7,0.026193,0.186523
run_absl_flat_hash_set,1000000,twitter-unique-undir,BFS,8,0.040153,0.187366
run_absl_flat_hash_set,1000000,twitter-unique-undir,BFS,9,0.028929,0.184327
run_absl_flat_hash_set,1000000,twitter-unique-undir,LabelPropagation,0,0.032845,1.382192
run_absl_flat_hash_set,1000000,twitter-unique-undir,LabelPropagation,1,0.014936,1.371329
run_absl_flat_hash_set,1000000,twitter-unique-undir,LabelPropagation,2,0.014414,1.41491
run_absl_flat_hash_set,1000000,twitter-unique-undir,LabelPropagation,3,0.015592,1.39378
run_absl_flat_hash_set,1000000,twitter-unique-undir,LabelPropagation,4,0.013933,1.39957
run_absl_flat_hash_set,1000000,twitter-unique-undir,LabelPropagation,5,0.014828,1.410704
run_absl_flat_hash_set,1000000,twitter-unique-undir,LabelPropagation,6,0.016937,1.405213
run_absl_flat_hash_set,1000000,twitter-unique-undir,LabelPropagation,7,0.015116,1.394926
run_absl_flat_hash_set,1000000,twitter-unique-undir,LabelPropagation,8,0.017282,1.435215
run_absl_flat_hash_set,1000000,twitter-unique-undir,LabelPropagation,9,0.02,1.397855
run_absl_flat_hash_set,1000000,twitter-unique-undir,PageRank,0,0.030474,9.102558
run_absl_flat_hash_set,1000000,twitter-unique-undir,PageRank,1,0.014472,9.12407
run_absl_flat_hash_set,1000000,twitter-unique-undir,PageRank,2,0.015533,9.016127
run_absl_flat_hash_set,1000000,twitter-unique-undir,PageRank,3,0.017493,8.999784
run_absl_flat_hash_set,1000000,twitter-unique-undir,PageRank,4,0.017753,9.038155
run_absl_flat_hash_set,1000000,twitter-unique-undir,PageRank,5,0.015753,9.03644
run_absl_flat_hash_set,1000000,twitter-unique-undir,PageRank,6,0.015386,9.044976
run_absl_flat_hash_set,1000000,twitter-unique-undir,PageRank,7,0.013974,9.071283
run_absl_flat_hash_set,1000000,twitter-unique-undir,PageRank,8,0.016612,9.07472
run_absl_flat_hash_set,1000000,twitter-unique-undir,PageRank,9,0.015786,9.041004
run_absl_flat_hash_set,1000000,twitter-unique-undir,wBFS_unweighted,0,0.031852,53.515702
run_absl_flat_hash_set,1000000,twitter-unique-undir,wBFS_unweighted,1,0.02492,52.870934
run_absl_flat_hash_set,1000000,twitter-unique-undir,wBFS_unweighted,2,0.01633,53.085443
run_absl_flat_hash_set,1000000,twitter-unique-undir,wBFS_unweighted,3,0.019439,52.601969
run_absl_flat_hash_set,1000000,twitter-unique-undir,wBFS_unweighted,4,0.014671,52.451474
run_absl_flat_hash_set,1000000,twitter-unique-undir,wBFS_unweighted,5,0.014667,52.012721
run_absl_flat_hash_set,1000000,twitter-unique-undir,wBFS_unweighted,6,0.015456,51.99261
run_absl_flat_hash_set,1000000,twitter-unique-undir,wBFS_unweighted,7,0.014036,52.007139
run_absl_flat_hash_set,1000000,twitter-unique-undir,wBFS_unweighted,8,0.014904,52.028424
run_absl_flat_hash_set,1000000,twitter-unique-undir,wBFS_unweighted,9,0.013896,52.079077
run_dhb,1,cit-Patents,BFS,0,1e-06,0.019332
run_dhb,1,cit-Patents,BFS,1,5e-06,0.016671
run_dhb,1,cit-Patents,BFS,2,1e-05,0.016123
run_dhb,1,cit-Patents,BFS,3,3e-06,0.016087
run_dhb,1,cit-Patents,BFS,4,5e-06,0.016213
run_dhb,1,cit-Patents,BFS,5,5e-06,0.016119
run_dhb,1,cit-Patents,BFS,6,3e-06,0.016125
run_dhb,1,cit-Patents,BFS,7,3e-06,0.016045
run_dhb,1,cit-Patents,BFS,8,3e-06,0.018001
run_dhb,1,cit-Patents,BFS,9,2e-06,0.015915
run_dhb,1,cit-Patents,LabelPropagation,0,1e-06,0.030166
run_dhb,1,cit-Patents,LabelPropagation,1,3e-06,0.025019
run_dhb,1,cit-Patents,LabelPropagation,2,6e-06,0.024762
run_dhb,1,cit-Patents,LabelPropagation,3,3e-06,0.024628
run_dhb,1,cit-Patents,LabelPropagation,4,5e-06,0.024922
run_dhb,1,cit-Patents,LabelPropagation,5,3e-06,0.024788
run_dhb,1,cit-Patents,LabelPropagation,6,3e-06,0.024787
run_dhb,1,cit-Patents,LabelPropagation,7,3e-06,0.024523
run_dhb,1,cit-Patents,LabelPropagation,8,5e-06,0.025074
run_dhb,1,cit-Patents,LabelPropagation,9,5e-06,0.024475
run_dhb,1,cit-Patents,PageRank,0,1e-06,0.197719
run_dhb,1,cit-Patents,PageRank,1,5e-06,0.189067
run_dhb,1,cit-Patents,PageRank,2,6e-06,0.181701
run_dhb,1,cit-Patents,PageRank,3,5e-06,0.172501
run_dhb,1,cit-Patents,PageRank,4,6e-06,0.183623
run_dhb,1,cit-Patents,PageRank,5,3e-06,0.181271
run_dhb,1,cit-Patents,PageRank,6,5e-06,0.175802
run_dhb,1,cit-Patents,PageRank,7,5e-06,0.175938
run_dhb,1,cit-Patents,PageRank,8,7e-06,0.172395
run_dhb,1,cit-Patents,PageRank,9,5e-06,0.183781
run_dhb,1,cit-Patents,wBFS_unweighted,0,1e-06,4.586094
run_dhb,1,cit-Patents,wBFS_unweighted,1,7e-06,4.579069
run_dhb,1,cit-Patents,wBFS_unweighted,2,4e-06,4.592383
run_dhb,1,cit-Patents,wBFS_unweighted,3,5e-06,4.628632
run_dhb,1,cit-Patents,wBFS_unweighted,4,6e-06,4.60533
run_dhb,1,cit-Patents,wBFS_unweighted,5,4e-06,4.617516
run_dhb,1,cit-Patents,wBFS_unweighted,6,3e-06,4.602463
run_dhb,1,cit-Patents,wBFS_unweighted,7,3e-06,4.607607
run_dhb,1,cit-Patents,wBFS_unweighted,8,4e-06,4.602099
run_dhb,1,cit-Patents,wBFS_unweighted,9,3e-06,4.573525
run_dhb,1,com-friendster,BFS,0,3e-06,2.715552
run_dhb,1,com-friendster,BFS,1,3e-06,2.50782
run_dhb,1,com-friendster,BFS,2,3e-06,2.52316
run_dhb,1,com-friendster,BFS,3,3e-06,2.499778
run_dhb,1,com-friendster,BFS,4,4e-06,2.513235
run_dhb,1,com-friendster,BFS,5,3e-06,2.51754
run_dhb,1,com-friendster,BFS,6,4e-06,2.517092
run_dhb,1,com-friendster,BFS,7,4e-06,2.505624
run_dhb,1,com-friendster,BFS,8,3e-06,2.514293
run_dhb,1,com-friendster,BFS,9,4e-06,2.537542
run_dhb,1,com-friendster,LabelPropagation,0,5e-06,3.580883
run_dhb,1,com-friendster,LabelPropagation,1,3e-06,2.992767
run_dhb,1,com-friendster,LabelPropagation,2,3e-06,2.964571
run_dhb,1,com-friendster,LabelPropagation,3,3e-06,3.001447
run_dhb,1,com-friendster,LabelPropagation,4,3e-06,2.924616
run_dhb,1,com-friendster,LabelPropagation,5,5e-06,2.979855
run_dhb,1,com-friendster,LabelPropagation,6,3e-06,3.000473
run_dhb,1,com-friendster,LabelPropagation,7,4e-06,2.989367
run_dhb,1,com-friendster,LabelPropagation,8,4e-06,2.992535
run_dhb,1,com-friendster,LabelPropagation,9,3e-06,2.917081
run_dhb,1,com-friendster,PageRank,0,2e-06,20.765456
run_dhb,1,com-friendster,PageRank,1,6e-06,22.166896
run_dhb,1,com-friendster,PageRank,2,1.1e-05,24.90298
run_dhb,1,com-friendster,PageRank,3,1.1e-05,23.841426
run_dhb,1,com-friendster,PageRank,4,8e-06,25.818882
run_dhb,1,com-friendster,PageRank,5,1.2e-05,23.263774
run_dhb,1,com-friendster,PageRank,6,6e-06,25.016914
run_dhb,1,com-friendster,PageRank,7,6e-06,20.187379
run_dhb,1,com-friendster,PageRank,8,1.3e-05,22.581826
run_dhb,1,com-friendster,PageRank,9,1.1e-05,23.082157
run_dhb,1,com-friendster,wBFS_unweighted,0,3e-06,49.791958
run_dhb,1,com-friendster,wBFS_unweighted,1,1e-05,49.711896
run_dhb,1,com-friendster,wBFS_unweighted,2,4e-06,48.827059
run_dhb,1,com-friendster,wBFS_unweighted,3,4e-06,48.591099
run_dhb,1,com-friendster,wBFS_unweighted,4,4e-06,48.269972
run_dhb,1,com-friendster,wBFS_unweighted,5,4e-06,48.181046
run_dhb,1,com-friendster,wBFS_unweighted,6,3e-06,47.716394
run_dhb,1,com-friendster,wBFS_unweighted,7,4e-06,47.779845
run_dhb,1,com-friendster,wBFS_unweighted,8,6e-06,47.95855
run_dhb,1,com-friendster,wBFS_unweighted,9,5e-06,47.795848
run_dhb,1,com-orkut.ungraph,BFS,0,1e-06,0.01173
run_dhb,1,com-orkut.ungraph,BFS,1,3e-06,0.007942
run_dhb,1,com-orkut.ungraph,BFS,2,3e-06,0.00766
run_dhb,1,com-orkut.ungraph,BFS,3,2e-06,0.007651
run_dhb,1,com-orkut.ungraph,BFS,4,3e-06,0.007706
run_dhb,1,com-orkut.ungraph,BFS,5,3e-06,0.007795
run_dhb,1,com-orkut.ungraph,BFS,6,3e-06,0.007576
run_dhb,1,com-orkut.ungraph,BFS,7,3e-06,0.009212
run_dhb,1,com-orkut.ungraph,BFS,8,3e-06,0.008014
run_dhb,1,com-orkut.ungraph,BFS,9,8e-06,0.007572
run_dhb,1,com-orkut.ungraph,LabelPropagation,0,2e-06,0.081394
run_dhb,1,com-orkut.ungraph,LabelPropagation,1,3e-06,0.078413
run_dhb,1,com-orkut.ungraph,LabelPropagation,2,3e-06,0.078899
run_dhb,1,com-orkut.ungraph,LabelPropagation,3,3e-06,0.078703
run_dhb,1,com-orkut.ungraph,LabelPropagation,4,3e-06,0.078933
run_dhb,1,com-orkut.ungraph,LabelPropagation,5,3e-06,0.077917
run_dhb,1,com-orkut.ungraph,LabelPropagation,6,5e-06,0.078225
run_dhb,1,com-orkut.ungraph,LabelPropagation,7,3e-06,0.078572
run_dhb,1,com-orkut.ungraph,LabelPropagation,8,3e-06,0.078336
run_dhb,1,com-orkut.ungraph,LabelPropagation,9,7e-06,0.079028
run_dhb,1,com-orkut.ungraph,PageRank,0,1e-06,0.693273
run_dhb,1,com-orkut.ungraph,PageRank,1,4e-06,0.734324
run_dhb,1,com-orkut.ungraph,PageRank,2,4e-06,0.74101
run_dhb,1,com-orkut.ungraph,PageRank,3,5e-06,0.700843
run_dhb,1,com-orkut.ungraph,PageRank,4,4e-06,0.718383
run_dhb,1,com-orkut.ungraph,PageRank,5,4e-06,0.710361
run_dhb,1,com-orkut.ungraph,PageRank,6,6e-06,0.748613
run_dhb,1,com-orkut.ungraph,PageRank,7,4e-06,0.729269
run_dhb,1,com-orkut.ungraph,PageRank,8,4e-06,0.681684
run_dhb,1,com-orkut.ungraph,PageRank,9,8e-06,0.725189
run_dhb,1,com-orkut.ungraph,wBFS_unweighted,0,1e-06,3.100971
run_dhb,1,com-orkut.ungraph,wBFS_unweighted,1,4e-06,3.102884
run_dhb,1,com-orkut.ungraph,wBFS_unweighted,2,3e-06,3.126593
run_dhb,1,com-orkut.ungraph,wBFS_unweighted,3,3e-06,3.174522
run_dhb,1,com-orkut.ungraph,wBFS_unweighted,4,4e-06,3.157889
run_dhb,1,com-orkut.ungraph,wBFS_unweighted,5,5e-06,3.128471
run_dhb,1,com-orkut.ungraph,wBFS_unweighted,6,5e-06,3.146278
run_dhb,1,com-orkut.ungraph,wBFS_unweighted,7,4e-06,3.140991
run_dhb,1,com-orkut.ungraph,wBFS_unweighted,8,3e-06,3.135402
run_dhb,1,com-orkut.ungraph,wBFS_unweighted,9,6e-06,3.125142
run_dhb,1,soc-LiveJournal1,BFS,0,2e-06,0.01765
run_dhb,1,soc-LiveJournal1,BFS,1,4e-06,0.014931
run_dhb,1,soc-LiveJournal1,BFS,2,9e-06,0.014819
run_dhb,1,soc-LiveJournal1,BFS,3,5e-06,0.01352
run_dhb,1,soc-LiveJournal1,BFS,4,4e-06,0.01349
run_dhb,1,soc-LiveJournal1,BFS,5,4e-06,0.013404
run_dhb,1,soc-LiveJournal1,BFS,6,4e-06,0.013657
run_dhb,1,soc-LiveJournal1,BFS,7,5e-06,0.013442
run_dhb,1,soc-LiveJournal1,BFS,8,4e-06,0.013603
run_dhb,1,soc-LiveJournal1,BFS,9,3e-06,0.013645
run_dhb,1,soc-LiveJournal1,LabelPropagation,0,2e-06,0.046863
run_dhb,1,soc-LiveJournal1,LabelPropagation,1,4e-06,0.042759
run_dhb,1,soc-LiveJournal1,LabelPropagation,2,1e-05,0.042298
run_dhb,1,soc-LiveJournal1,LabelPropagation,3,8e-06,0.044175
run_dhb,1,soc-LiveJournal1,LabelPropagation,4,3e-06,0.042079
run_dhb,1,soc-LiveJournal1,LabelPropagation,5,5e-06,0.04216
run_dhb,1,soc-LiveJournal1,LabelPropagation,6,4e-06,0.042176
run_dhb,1,soc-LiveJournal1,LabelPropagation,7,5e-06,0.042029
run_dhb,1,soc-LiveJournal1,LabelPropagation,8,5e-06,0.041934
run_dhb,1,soc-LiveJournal1,LabelPropagation,9,3e-06,0.043419
run_dhb,1,soc-LiveJournal1,PageRank,0,2e-06,0.471113
run_dhb,1,soc-LiveJournal1,PageRank,1,5e-06,0.481237
run_dhb,1,soc-LiveJournal1,PageRank,2,1.2e-05,0.472294
run_dhb,1,soc-LiveJournal1,PageRank,3,8e-06,0.466997
run_dhb,1,soc-LiveJournal1,PageRank,4,5e-06,0.45916
run_dhb,1,soc-LiveJournal1,PageRank,5,4e-06,0.459343
run_dhb,1,soc-LiveJournal1,PageRank,6,4e-06,0.460005
run_dhb,1,soc-LiveJournal1,PageRank,7,7e-06,0.431858
run_dhb,1,soc-LiveJournal1,PageRank,8,7e-06,0.414922
run_dhb,1,soc-LiveJournal1,PageRank,9,5e-06,0.397675
run_dhb,1,soc-LiveJournal1,wBFS_unweighted,0,2e-06,4.746864
run_dhb,1,soc-LiveJournal1,wBFS_unweighted,1,4e-06,4.741252
run_dhb,1,soc-LiveJournal1,wBFS_unweighted,2,1.6e-05,4.765091
run_dhb,1,soc-LiveJournal1,wBFS_unweighted,3,5e-06,4.737201
run_dhb,1,soc-LiveJournal1,wBFS_unweighted,4,5e-06,4.734824
run_dhb,1,soc-LiveJournal1,wBFS_unweighted,5,5e-06,4.764568
run_dhb,1,soc-LiveJournal1,wBFS_unweighted,6,5e-06,4.674751
run_dhb,1,soc-LiveJournal1,wBFS_unweighted,7,4e-06,4.705831
run_dhb,1,soc-LiveJournal1,wBFS_unweighted,8,5e-06,4.666175
run_dhb,1,soc-LiveJournal1,wBFS_unweighted,9,8e-06,4.666856
run_dhb,1,twitter-unique-undir,BFS,0,2e-06,0.171927
run_dhb,1,twitter-unique-undir,BFS,1,7e-06,0.114123
run_dhb,1,twitter-unique-undir,BFS,2,4e-06,0.111024
run_dhb,1,twitter-unique-undir,BFS,3,7e-06,0.112477
run_dhb,1,twitter-unique-undir,BFS,4,3e-06,0.112707
run_dhb,1,twitter-unique-undir,BFS,5,3e-06,0.112271
run_dhb,1,twitter-unique-undir,BFS,6,3e-06,0.112165
run_dhb,1,twitter-unique-undir,BFS,7,4e-06,0.111691
run_dhb,1,twitter-unique-undir,BFS,8,3e-06,0.112976
run_dhb,1,twitter-unique-undir,BFS,9,4e-06,0.113738
run_dhb,1,twitter-unique-undir,LabelPropagation,0,2e-06,1.131589
run_dhb,1,twitter-unique-undir,LabelPropagation,1,5e-06,1.005271
run_dhb,1,twitter-unique-undir,LabelPropagation,2,4e-06,1.01559
run_dhb,1,twitter-unique-undir,LabelPropagation,3,7e-06,1.009073
run_dhb,1,twitter-unique-undir,LabelPropagation,4,4e-06,1.009063
run_dhb,1,twitter-unique-undir,LabelPropagation,5,4e-06,1.013092
run_dhb,1,twitter-unique-undir,LabelPropagation,6,5e-06,0.997744
run_dhb,1,twitter-unique-undir,LabelPropagation,7,6e-06,1.012301
run_dhb,1,twitter-unique-undir,LabelPropagation,8,4e-06,1.011575
run_dhb,1,twitter-unique-undir,LabelPropagation,9,4e-06,1.007174
run_dhb,1,twitter-unique-undir,PageRank,0,1e-06,9.297664
run_dhb,1,twitter-unique-undir,PageRank,1,6e-06,9.237578
run_dhb,1,twitter-unique-undir,PageRank,2,4e-06,9.25586
run_dhb,1,twitter-unique-undir,PageRank,3,4e-06,8.979786
run_dhb,1,twitter-unique-undir,PageRank,4,6e-06,9.04591
run_dhb,1,twitter-unique-undir,PageRank,5,8e-06,9.076932
run_dhb,1,twitter-unique-undir,PageRank,6,1.5e-05,9.602168
run_dhb,1,twitter-unique-undir,PageRank,7,6e-06,9.578211
run_dhb,1,twitter-unique-undir,PageRank,8,1.1e-05,9.498553
run_dhb,1,twitter-unique-undir,PageRank,9,8e-06,10.730092
run_dhb,1,twitter-unique-undir,wBFS_unweighted,0,2e-06,28.724179
run_dhb,1,twitter-unique-undir,wBFS_unweighted,1,4e-06,28.30994
run_dhb,1,twitter-unique-undir,wBFS_unweighted,2,3e-06,27.906796
run_dhb,1,twitter-unique-undir,wBFS_unweighted,3,5e-06,27.366632
run_dhb,1,twitter-unique-undir,wBFS_unweighted,4,6e-06,27.476292
run_dhb,1,twitter-unique-undir,wBFS_unweighted,5,4e-06,27.460091
run_dhb,1,twitter-unique-undir,wBFS_unweighted,6,5e-06,27.61631
run_dhb,1,twitter-unique-undir,wBFS_unweighted,7,5e-06,27.475458
run_dhb,1,twitter-unique-undir,wBFS_unweighted,8,9e-06,27.516686
run_dhb,1,twitter-unique-undir,wBFS_unweighted,9,5e-06,27.356965
run_dhb,10,cit-Patents,BFS,0,5e-06,0.019918
run_dhb,10,cit-Patents,BFS,1,1.1e-05,0.016614
run_dhb,10,cit-Patents,BFS,2,2.6e-05,0.016661
run_dhb,10,cit-Patents,BFS,3,1.8e-05,0.019393
run_dhb,10,cit-Patents,BFS,4,9e-06,0.016469
run_dhb,10,cit-Patents,BFS,5,1.3e-05,0.017342
run_dhb,10,cit-Patents,BFS,6,1.9e-05,0.016402
run_dhb,10,cit-Patents,BFS,7,0.000202,0.016342
run_dhb,10,cit-Patents,BFS,8,8.4e-05,0.016406
run_dhb,10,cit-Patents,BFS,9,1e-05,0.019588
run_dhb,10,cit-Patents,LabelPropagation,0,5e-06,0.031209
run_dhb,10,cit-Patents,LabelPropagation,1,8.9e-05,0.024489
run_dhb,10,cit-Patents,LabelPropagation,2,5.8e-05,0.024851
run_dhb,10,cit-Patents,LabelPropagation,3,7.1e-05,0.024499
run_dhb,10,cit-Patents,LabelPropagation,4,1.6e-05,0.02505
run_dhb,10,cit-Patents,LabelPropagation,5,1.3e-05,0.025074
run_dhb,10,cit-Patents,LabelPropagation,6,1.8e-05,0.024918
run_dhb,10,cit-Patents,LabelPropagation,7,0.000185,0.025251
run_dhb,10,cit-Patents,LabelPropagation,8,2.9e-05,0.0256
run_dhb,10,cit-Patents,LabelPropagation,9,1.1e-05,0.024683
run_dhb,10,cit-Patents,PageRank,0,3.1e-05,0.19971
run_dhb,10,cit-Patents,PageRank,1,1.6e-05,0.198679
run_dhb,10,cit-Patents,PageRank,2,3.4e-05,0.200854
run_dhb,10,cit-Patents,PageRank,3,4.9e-05,0.19996
run_dhb,10,cit-Patents,PageRank,4,2.2e-05,0.198793
run_dhb,10,cit-Patents,PageRank,5,1.5e-05,0.196933
run_dhb,10,cit-Patents,PageRank,6,2.5e-05,0.193972
run_dhb,10,cit-Patents,PageRank,7,0.000251,0.181608
run_dhb,10,cit-Patents,PageRank,8,2.7e-05,0.192118
run_dhb,10,cit-Patents,PageRank,9,2.1e-05,0.168725
run_dhb,10,cit-Patents,wBFS_unweighted,0,5e-06,4.48226
run_dhb,10,cit-Patents,wBFS_unweighted,1,2.4e-05,4.530413
run_dhb,10,cit-Patents,wBFS_unweighted,2,5.5e-05,4.51005
run_dhb,10,cit-Patents,wBFS_unweighted,3,4.6e-05,4.517706
run_dhb,10,cit-Patents,wBFS_unweighted,4,1.1e-05,4.486492
run_dhb,10,cit-Patents,wBFS_unweighted,5,1.1e-05,4.531167
run_dhb,10,cit-Patents,wBFS_unweighted,6,2.6e-05,4.477362
run_dhb,10,cit-Patents,wBFS_unweighted,7,0.000212,4.523777
run_dhb,10,cit-Patents,wBFS_unweighted,8,2.9e-05,4.544588
run_dhb,10,cit-Patents,wBFS_unweighted,9,1.6e-05,4.53982
run_dhb,10,com-friendster,BFS,0,2.5e-05,2.734778
run_dhb,10,com-friendster,BFS,1,1.3e-05,2.036234
run_dhb,10,com-friendster,BFS,2,2.5e-05,2.055225
run_dhb,10,com-friendster,BFS,3,1.9e-05,2.037962
run_dhb,10,com-friendster,BFS,4,2.9e-05,2.039133
run_dhb,10,com-friendster,BFS,5,6e-05,2.044137
run_dhb,10,com-friendster,BFS,6,3e-05,2.048378
run_dhb,10,com-friendster,BFS,7,1.9e-05,2.040476
run_dhb,10,com-friendster,BFS,8,2.4e-05,2.041474
run_dhb,10,com-friendster,BFS,9,2.7e-05,2.034566
run_dhb,10,com-friendster,LabelPropagation,0,1.1e-05,5.013205
run_dhb,10,com-friendster,LabelPropagation,1,1.3e-05,4.70465
run_dhb,10,com-friendster,LabelPropagation,2,1.5e-05,4.64064
run_dhb,10,com-friendster,LabelPropagation,3,1.7e-05,4.739441
run_dhb,10,com-friendster,LabelPropagation,4,1.6e-05,4.677113
run_dhb,10,com-friendster,LabelPropagation,5,0.000134,4.725681
run_dhb,10,com-friendster,LabelPropagation,6,2.2e-05,4.704076
run_dhb,10,com-friendster,LabelPropagation,7,1.5e-05,4.704067
run_dhb,10,com-friendster,LabelPropagation,8,2e-05,4.720899
run_dhb,10,com-friendster,LabelPropagation,9,3e-05,4.729452
run_dhb,10,com-friendster,PageRank,0,1.7e-05,28.229912
run_dhb,10,com-friendster,PageRank,1,2.2e-05,29.305413
run_dhb,10,com-friendster,PageRank,2,2.1e-05,29.766876
run_dhb,10,com-friendster,PageRank,3,1.9e-05,32.586177
run_dhb,10,com-friendster,PageRank,4,3e-05,29.442674
run_dhb,10,com-friendster,PageRank,5,0.000113,22.313792
run_dhb,10,com-friendster,PageRank,6,1.7e-05,29.801451
run_dhb,10,com-friendster,PageRank,7,2.1e-05,25.559423
run_dhb,10,com-friendster,PageRank,8,2.3e-05,25.69618
run_dhb,10,com-friendster,PageRank,9,6e-05,28.998224
run_dhb,10,com-friendster,wBFS_unweighted,0,6e-06,55.636066
run_dhb,10,com-friendster,wBFS_unweighted,1,1.7e-05,54.946125
run_dhb,10,com-friendster,wBFS_unweighted,2,1.7e-05,54.736156
run_dhb,10,com-friendster,wBFS_unweighted,3,1.8e-05,54.916639
run_dhb,10,com-friendster,wBFS_unweighted,4,2.2e-05,54.606197
run_dhb,10,com-friendster,wBFS_unweighted,5,6.4e-05,54.417451
run_dhb,10,com-friendster,wBFS_unweighted,6,3.8e-05,53.019885
run_dhb,10,com-friendster,wBFS_unweighted,7,2.2e-05,52.726309
run_dhb,10,com-friendster,wBFS_unweighted,8,1.8e-05,53.328804
run_dhb,10,com-friendster,wBFS_unweighted,9,3.2e-05,53.192536
run_dhb,10,com-orkut.ungraph,BFS,0,4e-06,0.011562
run_dhb,10,com-orkut.ungraph,BFS,1,8e-06,0.007638
run_dhb,10,com-orkut.ungraph,BFS,2,8e-06,0.007306
run_dhb,10,com-orkut.ungraph,BFS,3,1e-05,0.007285
run_dhb,10,com-orkut.ungraph,BFS,4,6e-06,0.007445
run_dhb,10,com-orkut.ungraph,BFS,5,8e-06,0.008495
run_dhb,10,com-orkut.ungraph,BFS,6,6e-06,0.007382
run_dhb,10,com-orkut.ungraph,BFS,7,8e-06,0.007386
run_dhb,10,com-orkut.ungraph,BFS,8,8e-06,0.00728
run_dhb,10,com-orkut.ungraph,BFS,9,1.2e-05,0.007267
run_dhb,10,com-orkut.ungraph,LabelPropagation,0,5e-06,0.081243
run_dhb,10,com-orkut.ungraph,LabelPropagation,1,9e-06,0.076583
run_dhb,10,com-orkut.ungraph,LabelPropagation,2,9e-06,0.077234
run_dhb,10,com-orkut.ungraph,LabelPropagation,3,1.5e-05,0.077591
run_dhb,10,com-orkut.ungraph,LabelPropagation,4,8e-06,0.076728
run_dhb,10,com-orkut.ungraph,LabelPropagation,5,1.2e-05,0.076418
run_dhb,10,com-orkut.ungraph,LabelPropagation,6,1e-05,0.076481
run_dhb,10,com-orkut.ungraph,LabelPropagation,7,1.3e-05,0.076535
run_dhb,10,com-orkut.ungraph,LabelPropagation,8,1.3e-05,0.07637
run_dhb,10,com-orkut.ungraph,LabelPropagation,9,1.6e-05,0.076302
run_dhb,10,com-orkut.ungraph,PageRank,0,3e-06,0.679224
run_dhb,10,com-orkut.ungraph,PageRank,1,1.2e-05,0.690365
run_dhb,10,com-orkut.ungraph,PageRank,2,1.5e-05,0.710551
run_dhb,10,com-orkut.ungraph,PageRank,3,1.6e-05,0.681675
run_dhb,10,com-orkut.ungraph,PageRank,4,1e-05,0.718377
run_dhb,10,com-orkut.ungraph,PageRank,5,1.4e-05,0.649261
run_dhb,10,com-orkut.ungraph,PageRank,6,1.9e-05,0.65163
run_dhb,10,com-orkut.ungraph,PageRank,7,1.4e-05,0.644798
run_dhb,10,com-orkut.ungraph,PageRank,8,1.4e-05,0.683032
run_dhb,10,com-orkut.ungraph,PageRank,9,1.9e-05,0.70747
run_dhb,10,com-orkut.ungraph,wBFS_unweighted,0,5e-06,3.131083
run_dhb,10,com-orkut.ungraph,wBFS_unweighted,1,1e-05,3.095913
run_dhb,10,com-orkut.ungraph,wBFS_unweighted,2,9e-06,3.106601
run_dhb,10,com-orkut.ungraph,wBFS_unweighted,3,1.4e-05,3.130807
run_dhb,10,com-orkut.ungraph,wBFS_unweighted,4,1.4e-05,3.153083
run_dhb,10,com-orkut.ungraph,wBFS_unweighted,5,2.3e-05,3.124465
run_dhb,10,com-orkut.ungraph,wBFS_unweighted,6,2.2e-05,3.115184
run_dhb,10,com-orkut.ungraph,wBFS_unweighted,7,2.2e-05,3.119758
run_dhb,10,com-orkut.ungraph,wBFS_unweighted,8,1.7e-05,3.137062
run_dhb,10,com-orkut.ungraph,wBFS_unweighted,9,2.7e-05,3.142397
run_dhb,10,soc-LiveJournal1,BFS,0,5e-06,0.017093
run_dhb,10,soc-LiveJournal1,BFS,1,1e-05,0.013864
run_dhb,10,soc-LiveJournal1,BFS,2,1.3e-05,0.015109
run_dhb,10,soc-LiveJournal1,BFS,3,1.2e-05,0.013906
run_dhb,10,soc-LiveJournal1,BFS,4,1.6e-05,0.014339
run_dhb,10,soc-LiveJournal1,BFS,5,3.2e-05,0.013909
run_dhb,10,soc-LiveJournal1,BFS,6,0.000108,0.013685
run_dhb,10,soc-LiveJournal1,BFS,7,3e-05,0.013639
run_dhb,10,soc-LiveJournal1,BFS,8,1e-05,0.013685
run_dhb,10,soc-LiveJournal1,BFS,9,1.9e-05,0.014346
run_dhb,10,soc-LiveJournal1,LabelPropagation,0,6e-06,0.048632
run_dhb,10,soc-LiveJournal1,LabelPropagation,1,1.4e-05,0.041068
run_dhb,10,soc-LiveJournal1,LabelPropagation,2,0.000119,0.041619
run_dhb,10,soc-LiveJournal1,LabelPropagation,3,1.4e-05,0.041269
run_dhb,10,soc-LiveJournal1,LabelPropagation,4,1.6e-05,0.041192
run_dhb,10,soc-LiveJournal1,LabelPropagation,5,2.7e-05,0.041084
run_dhb,10,soc-LiveJournal1,LabelPropagation,6,0.000147,0.041169
run_dhb,10,soc-LiveJournal1,LabelPropagation,7,1.6e-05,0.04266
run_dhb,10,soc-LiveJournal1,LabelPropagation,8,1.3e-05,0.041085
run_dhb,10,soc-LiveJournal1,LabelPropagation,9,2.7e-05,0.040734
run_dhb,10,soc-LiveJournal1,PageRank,0,5e-06,0.466369
run_dhb,10,soc-LiveJournal1,PageRank,1,1.7e-05,0.455423
run_dhb,10,soc-LiveJournal1,PageRank,2,0.000166,0.455595
run_dhb,10,soc-LiveJournal1,PageRank,3,1.4e-05,0.456157
run_dhb,10,soc-LiveJournal1,PageRank,4,1.7e-05,0.459918
run_dhb,10,soc-LiveJournal1,PageRank,5,3.7e-05,0.456543
run_dhb,10,soc-LiveJournal1,PageRank,6,0.000187,0.455209
run_dhb,10,soc-LiveJournal1,PageRank,7,6.4e-05,0.457938
run_dhb,10,soc-LiveJournal1,PageRank,8,1.6e-05,0.456305
run_dhb,10,soc-LiveJournal1,PageRank,9,1.4e-05,0.45618
run_dhb,10,soc-LiveJournal1,wBFS_unweighted,0,4e-06,4.779768
run_dhb,10,soc-LiveJournal1,wBFS_unweighted,1,9e-06,4.77099
run_dhb,10,soc-LiveJournal1,wBFS_unweighted,2,4.6e-05,4.786222
run_dhb,10,soc-LiveJournal1,wBFS_unweighted,3,6e-05,4.784436
run_dhb,10,soc-LiveJournal1,wBFS_unweighted,4,2.7e-05,4.778593
run_dhb,10,soc-LiveJournal1,wBFS_unweighted,5,3e-05,4.828035
run_dhb,10,soc-LiveJournal1,wBFS_unweighted,6,0.000203,4.79566
run_dhb,10,soc-LiveJournal1,wBFS_unweighted,7,6.2e-05,4.87256
run_dhb,10,soc-LiveJournal1,wBFS_unweighted,8,2.3e-05,4.855431
run_dhb,10,soc-LiveJournal1,wBFS_unweighted,9,4.3e-05,4.846926
run_dhb,10,twitter-unique-undir,BFS,0,1.3e-05,0.146839
run_dhb,10,twitter-unique-undir,BFS,1,1.8e-05,0.116481
run_dhb,10,twitter-unique-undir,BFS,2,1.6e-05,0.115607
run_dhb,10,twitter-unique-undir,BFS,3,1.7e-05,0.116035
run_dhb,10,twitter-unique-undir,BFS,4,1.9e-05,0.115424
run_dhb,10,twitter-unique-undir,BFS,5,2.4e-05,0.11713
run_dhb,10,twitter-unique-undir,BFS,6,1.9e-05,0.116271
run_dhb,10,twitter-unique-undir,BFS,7,1.9e-05,0.114188
run_dhb,10,twitter-unique-undir,BFS,8,5.2e-05,0.11537
run_dhb,10,twitter-unique-undir,BFS,9,2e-05,0.116166
run_dhb,10,twitter-unique-undir,LabelPropagation,0,1e-05,1.132255
run_dhb,10,twitter-unique-undir,LabelPropagation,1,1.6e-05,0.894431
run_dhb,10,twitter-unique-undir,LabelPropagation,2,1.8e-05,0.903769
run_dhb,10,twitter-unique-undir,LabelPropagation,3,1.5e-05,0.905687
run_dhb,10,twitter-unique-undir,LabelPropagation,4,1.6e-05,0.910891
run_dhb,10,twitter-unique-undir,LabelPropagation,5,1.8e-05,0.890569
run_dhb,10,twitter-unique-undir,LabelPropagation,6,1.7e-05,0.884257
run_dhb,10,twitter-unique-undir,LabelPropagation,7,1.8e-05,0.88205
run_dhb,10,twitter-unique-undir,LabelPropagation,8,2.3e-05,0.881633
run_dhb,10,twitter-unique-undir,LabelPropagation,9,2e-05,0.894514
run_dhb,10,twitter-unique-undir,PageRank,0,1e-05,11.546311
run_dhb,10,twitter-unique-undir,PageRank,1,2.1e-05,11.256855
run_dhb,10,twitter-unique-undir,PageRank,2,1.4e-05,11.23473
run_dhb,10,twitter-unique-undir,PageRank,3,1.6e-05,11.22803
run_dhb,10,twitter-unique-undir,PageRank,4,1.9e-05,11.244694
run_dhb,10,twitter-unique-undir,PageRank,5,1.8e-05,11.254341
run_dhb,10,twitter-unique-undir,PageRank,6,2.2e-05,11.079784
run_dhb,10,twitter-unique-undir,PageRank,7,2.6e-05,11.230906
run_dhb,10,twitter-unique-undir,PageRank,8,2.7e-05,13.164467
run_dhb,10,twitter-unique-undir,PageRank,9,3e-05,15.284567
run_dhb,10,twitter-unique-undir,wBFS_unweighted,0,1e-05,28.189921
run_dhb,10,twitter-unique-undir,wBFS_unweighted,1,2e-05,27.767138
run_dhb,10,twitter-unique-undir,wBFS_unweighted,2,1.9e-05,27.753828
run_dhb,10,twitter-unique-undir,wBFS_unweighted,3,2.2e-05,27.905674
run_dhb,10,twitter-unique-undir,wBFS_unweighted,4,1.6e-05,27.6568
run_dhb,10,twitter-unique-undir,wBFS_unweighted,5,1.7e-05,27.641604
run_dhb,10,twitter-unique-undir,wBFS_unweighted,6,2e-05,27.575376
run_dhb,10,twitter-unique-undir,wBFS_unweighted,7,2.1e-05,27.59971
run_dhb,10,twitter-unique-undir,wBFS_unweighted,8,3.4e-05,27.598952
run_dhb,10,twitter-unique-undir,wBFS_unweighted,9,1.7e-05,27.659959
run_dhb,100,cit-Patents,BFS,0,0.000158,0.020027
run_dhb,100,cit-Patents,BFS,1,0.000282,0.016155
run_dhb,100,cit-Patents,BFS,2,0.000288,0.01681
run_dhb,100,cit-Patents,BFS,3,0.000273,0.016316
run_dhb,100,cit-Patents,BFS,4,0.000422,0.016103
run_dhb,100,cit-Patents,BFS,5,0.000332,0.016568
run_dhb,100,cit-Patents,BFS,6,0.000213,0.016089
run_dhb,100,cit-Patents,BFS,7,0.00016,0.016032
run_dhb,100,cit-Patents,BFS,8,0.000295,0.015945
run_dhb,100,cit-Patents,BFS,9,0.000348,0.016311
run_dhb,100,cit-Patents,LabelPropagation,0,0.000224,0.030819
run_dhb,100,cit-Patents,LabelPropagation,1,0.000286,0.025539
run_dhb,100,cit-Patents,LabelPropagation,2,0.00031,0.025015
run_dhb,100,cit-Patents,LabelPropagation,3,0.000249,0.025434
run_dhb,100,cit-Patents,LabelPropagation,4,0.000372,0.024967
run_dhb,100,cit-Patents,LabelPropagation,5,0.000315,0.024299
run_dhb,100,cit-Patents,LabelPropagation,6,0.000247,0.02483
run_dhb,100,cit-Patents,LabelPropagation,7,0.000259,0.025116
run_dhb,100,cit-Patents,LabelPropagation,8,0.000446,0.025362
run_dhb,100,cit-Patents,LabelPropagation,9,0.000334,0.026343
run_dhb,100,cit-Patents,PageRank,0,0.000178,0.197682
run_dhb,100,cit-Patents,PageRank,1,0.000336,0.194685
run_dhb,100,cit-Patents,PageRank,2,0.000307,0.197348
run_dhb,100,cit-Patents,PageRank,3,0.000264,0.193798
run_dhb,100,cit-Patents,PageRank,4,0.000464,0.194906
run_dhb,100,cit-Patents,PageRank,5,0.000314,0.195238
run_dhb,100,cit-Patents,PageRank,6,0.00027,0.19758
run_dhb,100,cit-Patents,PageRank,7,0.000228,0.199761
run_dhb,100,cit-Patents,PageRank,8,0.000408,0.201518
run_dhb,100,cit-Patents,PageRank,9,0.000504,0.183725
run_dhb,100,cit-Patents,wBFS_unweighted,0,0.000235,4.605685
run_dhb,100,cit-Patents,wBFS_unweighted,1,0.000451,4.583589
run_dhb,100,cit-Patents,wBFS_unweighted,2,0.000325,4.634869
run_dhb,100,cit-Patents,wBFS_unweighted,3,0.000279,4.713121
run_dhb,100,cit-Patents,wBFS_unweighted,4,0.000672,4.656207
run_dhb,100,cit-Patents,wBFS_unweighted,5,0.000409,4.605834
run_dhb,100,cit-Patents,wBFS_unweighted,6,0.000463,4.625342
run_dhb,100,cit-Patents,wBFS_unweighted,7,0.000291,4.586613
run_dhb,100,cit-Patents,wBFS_unweighted,8,0.000602,4.575272
run_dhb,100,cit-Patents,wBFS_unweighted,9,0.000522,4.588788
run_dhb,100,com-friendster,BFS,0,9.5e-05,2.505594
run_dhb,100,com-friendster,BFS,1,0.000118,2.162152
run_dhb,100,com-friendster,BFS,2,9.3e-05,2.174049
run_dhb,100,com-friendster,BFS,3,5.9e-05,2.153513
run_dhb,100,com-friendster,BFS,4,0.000119,2.169161
run_dhb,100,com-friendster,BFS,5,0.00013,2.165909
run_dhb,100,com-friendster,BFS,6,7.4e-05,2.198793
run_dhb,100,com-friendster,BFS,7,0.000118,2.181526
run_dhb,100,com-friendster,BFS,8,0.000131,2.206826
run_dhb,100,com-friendster,BFS,9,0.000128,2.18826
run_dhb,100,com-friendster,LabelPropagation,0,0.000188,4.102652
run_dhb,100,com-friendster,LabelPropagation,1,0.000219,3.776129
run_dhb,100,com-friendster,LabelPropagation,2,0.000173,3.741109
run_dhb,100,com-friendster,LabelPropagation,3,0.0001,3.739846
run_dhb,100,com-friendster,LabelPropagation,4,0.000204,3.734731
run_dhb,100,com-friendster,LabelPropagation,5,0.000229,3.733664
run_dhb,100,com-friendster,LabelPropagation,6,0.000112,3.682885
run_dhb,100,com-friendster,LabelPropagation,7,0.000307,3.716854
run_dhb,100,com-friendster,LabelPropagation,8,0.000272,3.744713
run_dhb,100,com-friendster,LabelPropagation,9,0.000281,3.778667
run_dhb,100,com-friendster,PageRank,0,0.000164,56.871229
run_dhb,100,com-friendster,PageRank,1,0.000251,60.242571
run_dhb,100,com-friendster,PageRank,2,0.000238,72.482055
run_dhb,100,com-friendster,PageRank,3,0.000182,76.79639
run_dhb,100,com-friendster,PageRank,4,0.000323,68.724717
run_dhb,100,com-friendster,PageRank,5,0.000217,57.472734
run_dhb,100,com-friendster,PageRank,6,0.000144,64.352569
run_dhb,100,com-friendster,PageRank,7,0.000224,56.511741
run_dhb,100,com-friendster,PageRank,8,0.000234,67.662551
run_dhb,100,com-friendster,PageRank,9,0.000255,27.282626
run_dhb,100,com-friendster,wBFS_unweighted,0,0.000139,54.882556
run_dhb,100,com-friendster,wBFS_unweighted,1,0.000162,54.717279
run_dhb,100,com-friendster,wBFS_unweighted,2,0.000145,54.529643
run_dhb,100,com-friendster,wBFS_unweighted,3,0.000135,53.804565
run_dhb,100,com-friendster,wBFS_unweighted,4,0.000191,52.651246
run_dhb,100,com-friendster,wBFS_unweighted,5,0.000159,53.383138
run_dhb,100,com-friendster,wBFS_unweighted,6,8.1e-05,53.860219
run_dhb,100,com-friendster,wBFS_unweighted,7,0.000227,54.228344
run_dhb,100,com-friendster,wBFS_unweighted,8,0.000229,53.915433
run_dhb,100,com-friendster,wBFS_unweighted,9,0.000203,53.777228
run_dhb,100,com-orkut.ungraph,BFS,0,5.4e-05,0.01004
run_dhb,100,com-orkut.ungraph,BFS,1,5.7e-05,0.007929
run_dhb,100,com-orkut.ungraph,BFS,2,2.1e-05,0.007827
run_dhb,100,com-orkut.ungraph,BFS,3,4.8e-05,0.007635
run_dhb,100,com-orkut.ungraph,BFS,4,4.5e-05,0.007682
run_dhb,100,com-orkut.ungraph,BFS,5,6.8e-05,0.007579
run_dhb,100,com-orkut.ungraph,BFS,6,4.5e-05,0.008865
run_dhb,100,com-orkut.ungraph,BFS,7,6.2e-05,0.00753
run_dhb,100,com-orkut.ungraph,BFS,8,2.4e-05,0.007542
run_dhb,100,com-orkut.ungraph,BFS,9,2.2e-05,0.007439
run_dhb,100,com-orkut.ungraph,LabelPropagation,0,4.8e-05,0.084337
run_dhb,100,com-orkut.ungraph,LabelPropagation,1,7.7e-05,0.079829
run_dhb,100,com-orkut.ungraph,LabelPropagation,2,2.2e-05,0.079626
run_dhb,100,com-orkut.ungraph,LabelPropagation,3,7.2e-05,0.079395
run_dhb,100,com-orkut.ungraph,LabelPropagation,4,9.7e-05,0.080579
run_dhb,100,com-orkut.ungraph,LabelPropagation,5,0.000112,0.079855
run_dhb,100,com-orkut.ungraph,LabelPropagation,6,6.7e-05,0.079622
run_dhb,100,com-orkut.ungraph,LabelPropagation,7,8.6e-05,0.079885
run_dhb,100,com-orkut.ungraph,LabelPropagation,8,2.6e-05,0.079483
run_dhb,100,com-orkut.ungraph,LabelPropagation,9,2.5e-05,0.079745
run_dhb,100,com-orkut.ungraph,PageRank,0,4.9e-05,0.718268
run_dhb,100,com-orkut.ungraph,PageRank,1,9.7e-05,0.741745
run_dhb,100,com-orkut.ungraph,PageRank,2,3.3e-05,0.708358
run_dhb,100,com-orkut.ungraph,PageRank,3,6.8e-05,0.685549
run_dhb,100,com-orkut.ungraph,PageRank,4,9.8e-05,0.731678
run_dhb,100,com-orkut.ungraph,PageRank,5,9e-05,0.708581
run_dhb,100,com-orkut.ungraph,PageRank,6,6.5e-05,0.694333
run_dhb,100,com-orkut.ungraph,PageRank,7,9.8e-05,0.732034
run_dhb,100,com-orkut.ungraph,PageRank,8,3.2e-05,0.747215
run_dhb,100,com-orkut.ungraph,PageRank,9,3.4e-05,0.725867
run_dhb,100,com-orkut.ungraph,wBFS_unweighted,0,8.2e-05,3.13056
run_dhb,100,com-orkut.ungraph,wBFS_unweighted,1,9.4e-05,3.166319
run_dhb,100,com-orkut.ungraph,wBFS_unweighted,2,3.4e-05,3.166853
run_dhb,100,com-orkut.ungraph,wBFS_unweighted,3,6.9e-05,3.155404
run_dhb,100,com-orkut.ungraph,wBFS_unweighted,4,0.000168,3.153759
run_dhb,100,com-orkut.ungraph,wBFS_unweighted,5,0.000132,3.149352
run_dhb,100,com-orkut.ungraph,wBFS_unweighted,6,8.8e-05,3.144139
run_dhb,100,com-orkut.ungraph,wBFS_unweighted,7,0.000106,3.15389
run_dhb,100,com-orkut.ungraph,wBFS_unweighted,8,5e-05,3.155027
run_dhb,100,com-orkut.ungraph,wBFS_unweighted,9,7.7e-05,3.229127
run_dhb,100,soc-LiveJournal1,BFS,0,0.000104,0.016513
run_dhb,100,soc-LiveJournal1,BFS,1,9.1e-05,0.013931
run_dhb,100,soc-LiveJournal1,BFS,2,0.000275,0.013633
run_dhb,100,soc-LiveJournal1,BFS,3,0.000249,0.013683
run_dhb,100,soc-LiveJournal1,BFS,4,0.000165,0.013787
run_dhb,100,soc-LiveJournal1,BFS,5,0.000126,0.013644
run_dhb,100,soc-LiveJournal1,BFS,6,0.00031,0.013649
run_dhb,100,soc-LiveJournal1,BFS,7,0.000235,0.015204
run_dhb,100,soc-LiveJournal1,BFS,8,0.000171,0.013712
run_dhb,100,soc-LiveJournal1,BFS,9,0.000102,0.013838
run_dhb,100,soc-LiveJournal1,LabelPropagation,0,0.000189,0.047156
run_dhb,100,soc-LiveJournal1,LabelPropagation,1,0.00026,0.042766
run_dhb,100,soc-LiveJournal1,LabelPropagation,2,0.000275,0.041559
run_dhb,100,soc-LiveJournal1,LabelPropagation,3,0.000321,0.04235
run_dhb,100,soc-LiveJournal1,LabelPropagation,4,0.000182,0.04168
run_dhb,100,soc-LiveJournal1,LabelPropagation,5,0.000139,0.041447
run_dhb,100,soc-LiveJournal1,LabelPropagation,6,0.000298,0.041891
run_dhb,100,soc-LiveJournal1,LabelPropagation,7,0.000246,0.04159
run_dhb,100,soc-LiveJournal1,LabelPropagation,8,0.000244,0.042007
run_dhb,100,soc-LiveJournal1,LabelPropagation,9,0.00016,0.042372
run_dhb,100,soc-LiveJournal1,PageRank,0,9.3e-05,0.467067
run_dhb,100,soc-LiveJournal1,PageRank,1,0.000243,0.465287
run_dhb,100,soc-LiveJournal1,PageRank,2,0.000286,0.458063
run_dhb,100,soc-LiveJournal1,PageRank,3,0.000386,0.458481
run_dhb,100,soc-LiveJournal1,PageRank,4,0.000229,0.460199
run_dhb,100,soc-LiveJournal1,PageRank,5,0.0002,0.45967
run_dhb,100,soc-LiveJournal1,PageRank,6,0.000369,0.460875
run_dhb,100,soc-LiveJournal1,PageRank,7,0.000251,0.462018
run_dhb,100,soc-LiveJournal1,PageRank,8,0.000293,0.46185
run_dhb,100,soc-LiveJournal1,PageRank,9,0.000162,0.461607
run_dhb,100,soc-LiveJournal1,wBFS_unweighted,0,0.000107,4.702967
run_dhb,100,soc-LiveJournal1,wBFS_unweighted,1,0.000276,4.709893
run_dhb,100,soc-LiveJournal1,wBFS_unweighted,2,0.000309,4.743416
run_dhb,100,soc-LiveJournal1,wBFS_unweighted,3,0.000429,4.726312
run_dhb,100,soc-LiveJournal1,wBFS_unweighted,4,0.000206,4.692696
run_dhb,100,soc-LiveJournal1,wBFS_unweighted,5,0.000217,4.733652
run_dhb,100,soc-LiveJournal1,wBFS_unweighted,6,0.000557,4.695348
run_dhb,100,soc-LiveJournal1,wBFS_unweighted,7,0.000317,4.644291
run_dhb,100,soc-LiveJournal1,wBFS_unweighted,8,0.000325,4.638294
run_dhb,100,soc-LiveJournal1,wBFS_unweighted,9,0.000345,4.64767
run_dhb,100,twitter-unique-undir,BFS,0,3.1e-05,0.170755
run_dhb,100,twitter-unique-undir,BFS,1,0.000157,0.112756
run_dhb,100,twitter-unique-undir,BFS,2,0.000188,0.111789
run_dhb,100,twitter-unique-undir,BFS,3,0.000245,0.113057
run_dhb,100,twitter-unique-undir,BFS,4,0.000327,0.113799
run_dhb,100,twitter-unique-undir,BFS,5,0.000293,0.112483
run_dhb,100,twitter-unique-undir,BFS,6,0.000146,0.112181
run_dhb,100,twitter-unique-undir,BFS,7,0.000204,0.111556
run_dhb,100,twitter-unique-undir,BFS,8,0.000164,0.112293
run_dhb,100,twitter-unique-undir,BFS,9,0.000255,0.11525
run_dhb,100,twitter-unique-undir,LabelPropagation,0,2.9e-05,1.090256
run_dhb,100,twitter-unique-undir,LabelPropagation,1,0.000151,0.99309
run_dhb,100,twitter-unique-undir,LabelPropagation,2,0.0002,0.978461
run_dhb,100,twitter-unique-undir,LabelPropagation,3,0.0001,0.968583
run_dhb,100,twitter-unique-undir,LabelPropagation,4,0.000224,0.96765
run_dhb,100,twitter-unique-undir,LabelPropagation,5,0.00025,0.969762
run_dhb,100,twitter-unique-undir,LabelPropagation,6,0.000111,0.962499
run_dhb,100,twitter-unique-undir,LabelPropagation,7,0.000127,0.958723
run_dhb,100,twitter-unique-undir,LabelPropagation,8,4.3e-05,0.95796
run_dhb,100,twitter-unique-undir,LabelPropagation,9,0.00024,0.961253
run_dhb,100,twitter-unique-undir,PageRank,0,2.9e-05,9.412722
run_dhb,100,twitter-unique-undir,PageRank,1,0.000188,9.04554
run_dhb,100,twitter-unique-undir,PageRank,2,0.000179,8.868686
run_dhb,100,twitter-unique-undir,PageRank,3,0.000564,8.720885
run_dhb,100,twitter-unique-undir,PageRank,4,0.000143,8.699365
run_dhb,100,twitter-unique-undir,PageRank,5,0.00024,8.692407
run_dhb,100,twitter-unique-undir,PageRank,6,0.000128,8.575101
run_dhb,100,twitter-unique-undir,PageRank,7,0.000118,8.567223
run_dhb,100,twitter-unique-undir,PageRank,8,8.1e-05,8.588221
run_dhb,100,twitter-unique-undir,PageRank,9,0.000287,8.12736
run_dhb,100,twitter-unique-undir,wBFS_unweighted,0,2.3e-05,28.519336
run_dhb,100,twitter-unique-undir,wBFS_unweighted,1,7.3e-05,28.17928
run_dhb,100,twitter-unique-undir,wBFS_unweighted,2,9.7e-05,28.1331
run_dhb,100,twitter-unique-undir,wBFS_unweighted,3,0.000105,28.177683
run_dhb,100,twitter-unique-undir,wBFS_unweighted,4,0.000156,28.042255
run_dhb,100,twitter-unique-undir,wBFS_unweighted,5,0.000112,27.963396
run_dhb,100,twitter-unique-undir,wBFS_unweighted,6,0.000108,27.896256
run_dhb,100,twitter-unique-undir,wBFS_unweighted,7,0.000116,28.021289
run_dhb,100,twitter-unique-undir,wBFS_unweighted,8,4.9e-05,27.980675
run_dhb,100,twitter-unique-undir,wBFS_unweighted,9,0.000118,27.935093
run_dhb,1000,cit-Patents,BFS,0,0.000884,0.020231
run_dhb,1000,cit-Patents,BFS,1,0.00098,0.017015
run_dhb,1000,cit-Patents,BFS,2,0.000676,0.01649
run_dhb,1000,cit-Patents,BFS,3,0.000621,0.018287
run_dhb,1000,cit-Patents,BFS,4,0.000631,0.01756
run_dhb,1000,cit-Patents,BFS,5,0.000595,0.015817
run_dhb,1000,cit-Patents,BFS,6,0.000335,0.015735
run_dhb,1000,cit-Patents,BFS,7,0.000421,0.01608
run_dhb,1000,cit-Patents,BFS,8,0.000333,0.015734
run_dhb,1000,cit-Patents,BFS,9,0.000334,0.015897
run_dhb,1000,cit-Patents,LabelPropagation,0,0.000881,0.028396
run_dhb,1000,cit-Patents,LabelPropagation,1,0.000975,0.027175
run_dhb,1000,cit-Patents,LabelPropagation,2,0.000913,0.026004
run_dhb,1000,cit-Patents,LabelPropagation,3,0.000757,0.02553
run_dhb,1000,cit-Patents,LabelPropagation,4,0.000668,0.027719
run_dhb,1000,cit-Patents,LabelPropagation,5,0.000692,0.024983
run_dhb,1000,cit-Patents,LabelPropagation,6,0.000423,0.024954
run_dhb,1000,cit-Patents,LabelPropagation,7,0.000542,0.025103
run_dhb,1000,cit-Patents,LabelPropagation,8,0.000396,0.025656
run_dhb,1000,cit-Patents,LabelPropagation,9,0.000479,0.024466
run_dhb,1000,cit-Patents,PageRank,0,0.000902,0.190805
run_dhb,1000,cit-Patents,PageRank,1,0.001013,0.193701
run_dhb,1000,cit-Patents,PageRank,2,0.000919,0.187164
run_dhb,1000,cit-Patents,PageRank,3,0.00093,0.183319
run_dhb,1000,cit-Patents,PageRank,4,0.000776,0.18479
run_dhb,1000,cit-Patents,PageRank,5,0.000888,0.183242
run_dhb,1000,cit-Patents,PageRank,6,0.000568,0.185467
run_dhb,1000,cit-Patents,PageRank,7,0.000484,0.191204
run_dhb,1000,cit-Patents,PageRank,8,0.000529,0.192896
run_dhb,1000,cit-Patents,PageRank,9,0.000555,0.187403
run_dhb,1000,cit-Patents,wBFS_unweighted,0,0.001042,4.568436
run_dhb,1000,cit-Patents,wBFS_unweighted,1,0.00143,4.568383
run_dhb,1000,cit-Patents,wBFS_unweighted,2,0.001145,4.541309
run_dhb,1000,cit-Patents,wBFS_unweighted,3,0.00142,4.553275
run_dhb,1000,cit-Patents,wBFS_unweighted,4,0.001062,4.548724
run_dhb,1000,cit-Patents,wBFS_unweighted,5,0.000887,4.567424
run_dhb,1000,cit-Patents,wBFS_unweighted,6,0.000735,4.557831
run_dhb,1000,cit-Patents,wBFS_unweighted,7,0.000807,4.569786
run_dhb,1000,cit-Patents,wBFS_unweighted,8,0.00062,4.582893
run_dhb,1000,cit-Patents,wBFS_unweighted,9,0.000697,4.54838
run_dhb,1000,com-friendster,BFS,0,0.000609,3.467691
run_dhb,1000,com-friendster,BFS,1,0.000536,2.475393
run_dhb,1000,com-friendster,BFS,2,0.000635,2.478344
run_dhb,1000,com-friendster,BFS,3,0.000652,2.481878
run_dhb,1000,com-friendster,BFS,4,0.000496,2.474846
run_dhb,1000,com-friendster,BFS,5,0.000498,2.483149
run_dhb,1000,com-friendster,BFS,6,0.000617,2.464446
run_dhb,1000,com-friendster,BFS,7,0.001367,2.473471
run_dhb,1000,com-friendster,BFS,8,0.000639,2.496293
run_dhb,1000,com-friendster,BFS,9,0.000469,2.490675
run_dhb,1000,com-friendster,LabelPropagation,0,0.00067,4.329766
run_dhb,1000,com-friendster,LabelPropagation,1,0.000657,3.475635
run_dhb,1000,com-friendster,LabelPropagation,2,0.000535,3.49543
run_dhb,1000,com-friendster,LabelPropagation,3,0.000664,3.520679
run_dhb,1000,com-friendster,LabelPropagation,4,0.000583,3.568081
run_dhb,1000,com-friendster,LabelPropagation,5,0.000633,3.544298
run_dhb,1000,com-friendster,LabelPropagation,6,0.000597,3.475176
run_dhb,1000,com-friendster,LabelPropagation,7,0.000758,3.507402
run_dhb,1000,com-friendster,LabelPropagation,8,0.00058,3.47442
run_dhb,1000,com-friendster,LabelPropagation,9,0.000524,3.518633
run_dhb,1000,com-friendster,PageRank,0,0.000591,58.524913
run_dhb,1000,com-friendster,PageRank,1,0.000802,57.76491
run_dhb,1000,com-friendster,PageRank,2,0.000804,57.611605
run_dhb,1000,com-friendster,PageRank,3,0.000642,57.822944
run_dhb,1000,com-friendster,PageRank,4,0.000761,57.614836
run_dhb,1000,com-friendster,PageRank,5,0.000847,57.636631
run_dhb,1000,com-friendster,PageRank,6,0.000764,57.549642
run_dhb,1000,com-friendster,PageRank,7,0.000722,57.654946
run_dhb,1000,com-friendster,PageRank,8,0.00064,27.736837
run_dhb,1000,com-friendster,PageRank,9,0.000628,31.508354
run_dhb,1000,com-friendster,wBFS_unweighted,0,0.00053,48.959161
run_dhb,1000,com-friendster,wBFS_unweighted,1,0.000725,49.015567
run_dhb,1000,com-friendster,wBFS_unweighted,2,0.000534,48.713351
run_dhb,1000,com-friendster,wBFS_unweighted,3,0.000648,47.665893
run_dhb,1000,com-friendster,wBFS_unweighted,4,0.000574,47.013905
run_dhb,1000,com-friendster,wBFS_unweighted,5,0.000577,46.721326
run_dhb,1000,com-friendster,wBFS_unweighted,6,0.000528,46.900976
run_dhb,1000,com-friendster,wBFS_unweighted,7,0.000813,47.763483
run_dhb,1000,com-friendster,wBFS_unweighted,8,0.00058,48.376045
run_dhb,1000,com-friendster,wBFS_unweighted,9,0.000525,51.094788
run_dhb,1000,com-orkut.ungraph,BFS,0,0.000341,0.010192
run_dhb,1000,com-orkut.ungraph,BFS,1,0.000312,0.008175
run_dhb,1000,com-orkut.ungraph,BFS,2,0.000313,0.008012
run_dhb,1000,com-orkut.ungraph,BFS,3,0.000233,0.007877
run_dhb,1000,com-orkut.ungraph,BFS,4,0.000331,0.007825
run_dhb,1000,com-orkut.ungraph,BFS,5,0.000419,0.007761
run_dhb,1000,com-orkut.ungraph,BFS,6,0.000251,0.008599
run_dhb,1000,com-orkut.ungraph,BFS,7,0.000283,0.008058
run_dhb,1000,com-orkut.ungraph,BFS,8,0.000314,0.00763
run_dhb,1000,com-orkut.ungraph,BFS,9,0.000334,0.007764
run_dhb,1000,com-orkut.ungraph,LabelPropagation,0,0.000348,0.083072
run_dhb,1000,com-orkut.ungraph,LabelPropagation,1,0.000576,0.07998
run_dhb,1000,com-orkut.ungraph,LabelPropagation,2,0.000489,0.079795
run_dhb,1000,com-orkut.ungraph,LabelPropagation,3,0.000313,0.080102
run_dhb,1000,com-orkut.ungraph,LabelPropagation,4,0.000378,0.079805
run_dhb,1000,com-orkut.ungraph,LabelPropagation,5,0.000491,0.079896
run_dhb,1000,com-orkut.ungraph,LabelPropagation,6,0.000316,0.080618
run_dhb,1000,com-orkut.ungraph,LabelPropagation,7,0.000328,0.079623
run_dhb,1000,com-orkut.ungraph,LabelPropagation,8,0.000336,0.079584
run_dhb,1000,com-orkut.ungraph,LabelPropagation,9,0.000436,0.079503
run_dhb,1000,com-orkut.ungraph,PageRank,0,0.00038,0.772025
run_dhb,1000,com-orkut.ungraph,PageRank,1,0.000577,0.771429
run_dhb,1000,com-orkut.ungraph,PageRank,2,0.00045,0.767398
run_dhb,1000,com-orkut.ungraph,PageRank,3,0.000389,0.766556
run_dhb,1000,com-orkut.ungraph,PageRank,4,0.000418,0.764828
run_dhb,1000,com-orkut.ungraph,PageRank,5,0.000481,0.76241
run_dhb,1000,com-orkut.ungraph,PageRank,6,0.000492,0.769
run_dhb,1000,com-orkut.ungraph,PageRank,7,0.000396,0.762536
run_dhb,1000,com-orkut.ungraph,PageRank,8,0.000449,0.764732
run_dhb,1000,com-orkut.ungraph,PageRank,9,0.000458,0.754223
run_dhb,1000,com-orkut.ungraph,wBFS_unweighted,0,0.000347,3.143832
run_dhb,1000,com-orkut.ungraph,wBFS_unweighted,1,0.0005,3.095951
run_dhb,1000,com-orkut.ungraph,wBFS_unweighted,2,0.000431,3.107956
run_dhb,1000,com-orkut.ungraph,wBFS_unweighted,3,0.00034,3.122364
run_dhb,1000,com-orkut.ungraph,wBFS_unweighted,4,0.000441,3.11493
run_dhb,1000,com-orkut.ungraph,wBFS_unweighted,5,0.00054,3.168001
run_dhb,1000,com-orkut.ungraph,wBFS_unweighted,6,0.000482,3.152334
run_dhb,1000,com-orkut.ungraph,wBFS_unweighted,7,0.000472,3.12381
run_dhb,1000,com-orkut.ungraph,wBFS_unweighted,8,0.000473,3.150332
run_dhb,1000,com-orkut.ungraph,wBFS_unweighted,9,0.000572,3.130274
run_dhb,1000,soc-LiveJournal1,BFS,0,0.000656,0.016677
run_dhb,1000,soc-LiveJournal1,BFS,1,0.000656,0.014134
run_dhb,1000,soc-LiveJournal1,BFS,2,0.000571,0.013763
run_dhb,1000,soc-LiveJournal1,BFS,3,0.000512,0.013498
run_dhb,1000,soc-LiveJournal1,BFS,4,0.000514,0.01395
run_dhb,1000,soc-LiveJournal1,BFS,5,0.000495,0.013985
run_dhb,1000,soc-LiveJournal1,BFS,6,0.000419,0.013696
run_dhb,1000,soc-LiveJournal1,BFS,7,0.000672,0.013758
run_dhb,1000,soc-LiveJournal1,BFS,8,0.000605,0.013754
run_dhb,1000,soc-LiveJournal1,BFS,9,0.000466,0.013489
run_dhb,1000,soc-LiveJournal1,LabelPropagation,0,0.000708,0.046168
run_dhb,1000,soc-LiveJournal1,LabelPropagation,1,0.000722,0.042512
run_dhb,1000,soc-LiveJournal1,LabelPropagation,2,0.000642,0.041588
run_dhb,1000,soc-LiveJournal1,LabelPropagation,3,0.000701,0.041422
run_dhb,1000,soc-LiveJournal1,LabelPropagation,4,0.000583,0.040779
run_dhb,1000,soc-LiveJournal1,LabelPropagation,5,0.000678,0.040671
run_dhb,1000,soc-LiveJournal1,LabelPropagation,6,0.000491,0.041039
run_dhb,1000,soc-LiveJournal1,LabelPropagation,7,0.000595,0.0422
run_dhb,1000,soc-LiveJournal1,LabelPropagation,8,0.000614,0.041576
run_dhb,1000,soc-LiveJournal1,LabelPropagation,9,0.000657,0.040732
run_dhb,1000,soc-LiveJournal1,PageRank,0,0.000799,0.463591
run_dhb,1000,soc-LiveJournal1,PageRank,1,0.000722,0.453584
run_dhb,1000,soc-LiveJournal1,PageRank,2,0.00088,0.452304
run_dhb,1000,soc-LiveJournal1,PageRank,3,0.000741,0.456041
run_dhb,1000,soc-LiveJournal1,PageRank,4,0.000672,0.456272
run_dhb,1000,soc-LiveJournal1,PageRank,5,0.000562,0.454101
run_dhb,1000,soc-LiveJournal1,PageRank,6,0.000504,0.453909
run_dhb,1000,soc-LiveJournal1,PageRank,7,0.000706,0.449083
run_dhb,1000,soc-LiveJournal1,PageRank,8,0.00063,0.453236
run_dhb,1000,soc-LiveJournal1,PageRank,9,0.00059,0.454052
run_dhb,1000,soc-LiveJournal1,wBFS_unweighted,0,0.000734,4.684316
run_dhb,1000,soc-LiveJournal1,wBFS_unweighted,1,0.000852,4.71159
run_dhb,1000,soc-LiveJournal1,wBFS_unweighted,2,0.000971,4.728879
run_dhb,1000,soc-LiveJournal1,wBFS_unweighted,3,0.001013,4.696849
run_dhb,1000,soc-LiveJournal1,wBFS_unweighted,4,0.000931,4.694797
run_dhb,1000,soc-LiveJournal1,wBFS_unweighted,5,0.001077,4.642094
run_dhb,1000,soc-LiveJournal1,wBFS_unweighted,6,0.000972,4.606591
run_dhb,1000,soc-LiveJournal1,wBFS_unweighted,7,0.000967,4.599489
run_dhb,1000,soc-LiveJournal1,wBFS_unweighted,8,0.001086,4.592519
run_dhb,1000,soc-LiveJournal1,wBFS_unweighted,9,0.000843,4.608529
run_dhb,1000,twitter-unique-undir,BFS,0,0.000496,0.168435
run_dhb,1000,twitter-unique-undir,BFS,1,0.000704,0.109477
run_dhb,1000,twitter-unique-undir,BFS,2,0.000583,0.108159
run_dhb,1000,twitter-unique-undir,BFS,3,0.000604,0.107332
run_dhb,1000,twitter-unique-undir,BFS,4,0.000634,0.107919
run_dhb,1000,twitter-unique-undir,BFS,5,0.000607,0.109211
run_dhb,1000,twitter-unique-undir,BFS,6,0.000612,0.107689
run_dhb,1000,twitter-unique-undir,BFS,7,0.000534,0.107718
run_dhb,1000,twitter-unique-undir,BFS,8,0.000455,0.10726
run_dhb,1000,twitter-unique-undir,BFS,9,0.000592,0.108714
run_dhb,1000,twitter-unique-undir,LabelPropagation,0,0.00048,1.10479
run_dhb,1000,twitter-unique-undir,LabelPropagation,1,0.000818,0.964257
run_dhb,1000,twitter-unique-undir,LabelPropagation,2,0.000657,0.955497
run_dhb,1000,twitter-unique-undir,LabelPropagation,3,0.000664,0.957814
run_dhb,1000,twitter-unique-undir,LabelPropagation,4,0.00058,0.961292
run_dhb,1000,twitter-unique-undir,LabelPropagation,5,0.000498,0.939302
run_dhb,1000,twitter-unique-undir,LabelPropagation,6,0.000566,0.925391
run_dhb,1000,twitter-unique-undir,LabelPropagation,7,0.000584,0.923668
run_dhb,1000,twitter-unique-undir,LabelPropagation,8,0.000558,0.928857
run_dhb,1000,twitter-unique-undir,LabelPropagation,9,0.000472,0.924459
run_dhb,1000,twitter-unique-undir,PageRank,0,0.000481,10.675246
run_dhb,1000,twitter-unique-undir,PageRank,1,0.000701,10.5202
run_dhb,1000,twitter-unique-undir,PageRank,2,0.000689,10.335281
run_dhb,1000,twitter-unique-undir,PageRank,3,0.000644,10.162714
run_dhb,1000,twitter-unique-undir,PageRank,4,0.000643,10.067713
run_dhb,1000,twitter-unique-undir,PageRank,5,0.000738,11.44423
run_dhb,1000,twitter-unique-undir,PageRank,6,0.000625,9.942246
run_dhb,1000,twitter-unique-undir,PageRank,7,0.000578,10.351965
run_dhb,1000,twitter-unique-undir,PageRank,8,0.000767,9.266395
run_dhb,1000,twitter-unique-undir,PageRank,9,0.000736,9.129828
run_dhb,1000,twitter-unique-undir,wBFS_unweighted,0,0.000347,30.334014
run_dhb,1000,twitter-unique-undir,wBFS_unweighted,1,0.000552,30.143454
run_dhb,1000,twitter-unique-undir,wBFS_unweighted,2,0.000513,30.247402
run_dhb,1000,twitter-unique-undir,wBFS_unweighted,3,0.000834,30.164105
run_dhb,1000,twitter-unique-undir,wBFS_unweighted,4,0.000617,29.856128
run_dhb,1000,twitter-unique-undir,wBFS_unweighted,5,0.000548,29.871433
run_dhb,1000,twitter-unique-undir,wBFS_unweighted,6,0.000591,29.775812
run_dhb,1000,twitter-unique-undir,wBFS_unweighted,7,0.000509,29.82751
run_dhb,1000,twitter-unique-undir,wBFS_unweighted,8,0.000523,29.789833
run_dhb,1000,twitter-unique-undir,wBFS_unweighted,9,0.000536,29.825845
run_dhb,10000,cit-Patents,BFS,0,0.00387,0.018819
run_dhb,10000,cit-Patents,BFS,1,0.002894,0.016403
run_dhb,10000,cit-Patents,BFS,2,0.00254,0.016938
run_dhb,10000,cit-Patents,BFS,3,0.002311,0.016299
run_dhb,10000,cit-Patents,BFS,4,0.002234,0.016851
run_dhb,10000,cit-Patents,BFS,5,0.002154,0.016594
run_dhb,10000,cit-Patents,BFS,6,0.00213,0.016396
run_dhb,10000,cit-Patents,BFS,7,0.002133,0.016313
run_dhb,10000,cit-Patents,BFS,8,0.002109,0.016348
run_dhb,10000,cit-Patents,BFS,9,0.002124,0.016361
run_dhb,10000,cit-Patents,LabelPropagation,0,0.004003,0.028932
run_dhb,10000,cit-Patents,LabelPropagation,1,0.003123,0.026639
run_dhb,10000,cit-Patents,LabelPropagation,2,0.002678,0.027119
run_dhb,10000,cit-Patents,LabelPropagation,3,0.00249,0.026823
run_dhb,10000,cit-Patents,LabelPropagation,4,0.002368,0.027161
run_dhb,10000,cit-Patents,LabelPropagation,5,0.002211,0.026524
run_dhb,10000,cit-Patents,LabelPropagation,6,0.002175,0.027609
run_dhb,10000,cit-Patents,LabelPropagation,7,0.002141,0.026538
run_dhb,10000,cit-Patents,LabelPropagation,8,0.00215,0.027549
run_dhb,10000,cit-Patents,LabelPropagation,9,0.002274,0.026531
run_dhb,10000,cit-Patents,PageRank,0,0.003989,0.201948
run_dhb,10000,cit-Patents,PageRank,1,0.003129,0.205322
run_dhb,10000,cit-Patents,PageRank,2,0.002877,0.204577
run_dhb,10000,cit-Patents,PageRank,3,0.002452,0.20536
run_dhb,10000,cit-Patents,PageRank,4,0.002346,0.201238
run_dhb,10000,cit-Patents,PageRank,5,0.00219,0.198815
run_dhb,10000,cit-Patents,PageRank,6,0.002181,0.204182
run_dhb,10000,cit-Patents,PageRank,7,0.002239,0.197895
run_dhb,10000,cit-Patents,PageRank,8,0.002195,0.196662
run_dhb,10000,cit-Patents,PageRank,9,0.002135,0.184277
run_dhb,10000,cit-Patents,wBFS_unweighted,0,0.003919,4.568026
run_dhb,10000,cit-Patents,wBFS_unweighted,1,0.003517,4.559994
run_dhb,10000,cit-Patents,wBFS_unweighted,2,0.003443,4.571223
run_dhb,10000,cit-Patents,wBFS_unweighted,3,0.002988,4.592403
run_dhb,10000,cit-Patents,wBFS_unweighted,4,0.002614,4.555659
run_dhb,10000,cit-Patents,wBFS_unweighted,5,0.002653,4.567039
run_dhb,10000,cit-Patents,wBFS_unweighted,6,0.002612,4.548493
run_dhb,10000,cit-Patents,wBFS_unweighted,7,0.002496,4.540068
run_dhb,10000,cit-Patents,wBFS_unweighted,8,0.002439,4.538162
run_dhb,10000,cit-Patents,wBFS_unweighted,9,0.002602,4.5466
run_dhb,10000,com-friendster,BFS,0,0.004351,3.235048
run_dhb,10000,com-friendster,BFS,1,0.004125,1.85726
run_dhb,10000,com-friendster,BFS,2,0.004412,1.816128
run_dhb,10000,com-friendster,BFS,3,0.004087,1.842721
run_dhb,10000,com-friendster,BFS,4,0.00351,1.851794
run_dhb,10000,com-friendster,BFS,5,0.003661,1.857777
run_dhb,10000,com-friendster,BFS,6,0.003643,1.842524
run_dhb,10000,com-friendster,BFS,7,0.003548,1.826296
run_dhb,10000,com-friendster,BFS,8,0.00356,1.858849
run_dhb,10000,com-friendster,BFS,9,0.003149,1.840563
run_dhb,10000,com-friendster,LabelPropagation,0,0.00376,3.930864
run_dhb,10000,com-friendster,LabelPropagation,1,0.003729,3.214357
run_dhb,10000,com-friendster,LabelPropagation,2,0.003553,3.220733
run_dhb,10000,com-friendster,LabelPropagation,3,0.003296,3.243533
run_dhb,10000,com-friendster,LabelPropagation,4,0.003536,3.25832
run_dhb,10000,com-friendster,LabelPropagation,5,0.0034,3.180112
run_dhb,10000,com-friendster,LabelPropagation,6,0.003485,3.288209
run_dhb,10000,com-friendster,LabelPropagation,7,0.003391,3.239518
run_dhb,10000,com-friendster,LabelPropagation,8,0.003213,3.236669
run_dhb,10000,com-friendster,LabelPropagation,9,0.003051,3.254036
run_dhb,10000,com-friendster,PageRank,0,0.003852,48.495814
run_dhb,10000,com-friendster,PageRank,1,0.004358,47.511427
run_dhb,10000,com-friendster,PageRank,2,0.004082,56.975718
run_dhb,10000,com-friendster,PageRank,3,0.003951,68.659418
run_dhb,10000,com-friendster,PageRank,4,0.00418,62.396357
run_dhb,10000,com-friendster,PageRank,5,0.003805,56.97189
run_dhb,10000,com-friendster,PageRank,6,0.003963,58.740931
run_dhb,10000,com-friendster,PageRank,7,0.004043,56.996596
run_dhb,10000,com-friendster,PageRank,8,0.00356,59.918273
run_dhb,10000,com-friendster,PageRank,9,0.003825,27.823476
run_dhb,10000,com-friendster,wBFS_unweighted,0,0.003729,48.936057
run_dhb,10000,com-friendster,wBFS_unweighted,1,0.00412,49.634245
run_dhb,10000,com-friendster,wBFS_unweighted,2,0.003626,49.618672
run_dhb,10000,com-friendster,wBFS_unweighted,3,0.003786,50.052098
run_dhb,10000,com-friendster,wBFS_unweighted,4,0.003938,49.471148
run_dhb,10000,com-friendster,wBFS_unweighted,5,0.004572,50.04039
run_dhb,10000,com-friendster,wBFS_unweighted,6,0.0052,48.760781
run_dhb,10000,com-friendster,wBFS_unweighted,7,0.004246,48.645202
run_dhb,10000,com-friendster,wBFS_unweighted,8,0.004349,47.987712
run_dhb,10000,com-friendster,wBFS_unweighted,9,0.004726,48.403083
run_dhb,10000,com-orkut.ungraph,BFS,0,0.002966,0.012341
run_dhb,10000,com-orkut.ungraph,BFS,1,0.002762,0.008068
run_dhb,10000,com-orkut.ungraph,BFS,2,0.002613,0.007784
run_dhb,10000,com-orkut.ungraph,BFS,3,0.002549,0.007555
run_dhb,10000,com-orkut.ungraph,BFS,4,0.002521,0.007585
run_dhb,10000,com-orkut.ungraph,BFS,5,0.002419,0.007664
run_dhb,10000,com-orkut.ungraph,BFS,6,0.002271,0.007657
run_dhb,10000,com-orkut.ungraph,BFS,7,0.002337,0.007884
run_dhb,10000,com-orkut.ungraph,BFS,8,0.002345,0.007644
run_dhb,10000,com-orkut.ungraph,BFS,9,0.002306,0.007635
run_dhb,10000,com-orkut.ungraph,LabelPropagation,0,0.003044,0.081513
run_dhb,10000,com-orkut.ungraph,LabelPropagation,1,0.00309,0.079435
run_dhb,10000,com-orkut.ungraph,LabelPropagation,2,0.002786,0.079701
run_dhb,10000,com-orkut.ungraph,LabelPropagation,3,0.002719,0.07971
run_dhb,10000,com-orkut.ungraph,LabelPropagation,4,0.002664,0.079539
run_dhb,10000,com-orkut.ungraph,LabelPropagation,5,0.00244,0.079462
run_dhb,10000,com-orkut.ungraph,LabelPropagation,6,0.00247,0.07924
run_dhb,10000,com-orkut.ungraph,LabelPropagation,7,0.002415,0.079888
run_dhb,10000,com-orkut.ungraph,LabelPropagation,8,0.002452,0.079224
run_dhb,10000,com-orkut.ungraph,LabelPropagation,9,0.002395,0.078758
run_dhb,10000,com-orkut.ungraph,PageRank,0,0.003752,0.814427
run_dhb,10000,com-orkut.ungraph,PageRank,1,0.002919,0.812898
run_dhb,10000,com-orkut.ungraph,PageRank,2,0.00295,0.812723
run_dhb,10000,com-orkut.ungraph,PageRank,3,0.002805,0.811894
run_dhb,10000,com-orkut.ungraph,PageRank,4,0.002769,0.80821
run_dhb,10000,com-orkut.ungraph,PageRank,5,0.002603,0.807574
run_dhb,10000,com-orkut.ungraph,PageRank,6,0.002597,0.804276
run_dhb,10000,com-orkut.ungraph,PageRank,7,0.002471,0.808969
run_dhb,10000,com-orkut.ungraph,PageRank,8,0.00268,0.804145
run_dhb,10000,com-orkut.ungraph,PageRank,9,0.002477,0.786124
run_dhb,10000,com-orkut.ungraph,wBFS_unweighted,0,0.003316,3.134017
run_dhb,10000,com-orkut.ungraph,wBFS_unweighted,1,0.003419,3.158771
run_dhb,10000,com-orkut.ungraph,wBFS_unweighted,2,0.003742,3.147742
run_dhb,10000,com-orkut.ungraph,wBFS_unweighted,3,0.00345,3.115414
run_dhb,10000,com-orkut.ungraph,wBFS_unweighted,4,0.003294,3.118098
run_dhb,10000,com-orkut.ungraph,wBFS_unweighted,5,0.002948,3.137493
run_dhb,10000,com-orkut.ungraph,wBFS_unweighted,6,0.003062,3.136278
run_dhb,10000,com-orkut.ungraph,wBFS_unweighted,7,0.00343,3.143237
run_dhb,10000,com-orkut.ungraph,wBFS_unweighted,8,0.003474,3.14199
run_dhb,10000,com-orkut.ungraph,wBFS_unweighted,9,0.0033,3.120634
run_dhb,10000,soc-LiveJournal1,BFS,0,0.003962,0.016251
run_dhb,10000,soc-LiveJournal1,BFS,1,0.003003,0.014531
run_dhb,10000,soc-LiveJournal1,BFS,2,0.002612,0.014213
run_dhb,10000,soc-LiveJournal1,BFS,3,0.002462,0.014116
run_dhb,10000,soc-LiveJournal1,BFS,4,0.002359,0.014227
run_dhb,10000,soc-LiveJournal1,BFS,5,0.002201,0.013915
run_dhb,10000,soc-LiveJournal1,BFS,6,0.002074,0.014368
run_dhb,10000,soc-LiveJournal1,BFS,7,0.002182,0.014202
run_dhb,10000,soc-LiveJournal1,BFS,8,0.002168,0.01401
run_dhb,10000,soc-LiveJournal1,BFS,9,0.002161,0.014193
run_dhb,10000,soc-LiveJournal1,LabelPropagation,0,0.004171,0.046541
run_dhb,10000,soc-LiveJournal1,LabelPropagation,1,0.003374,0.044521
run_dhb,10000,soc-LiveJournal1,LabelPropagation,2,0.002823,0.042457
run_dhb,10000,soc-LiveJournal1,LabelPropagation,3,0.00256,0.042649
run_dhb,10000,soc-LiveJournal1,LabelPropagation,4,0.002645,0.042764
run_dhb,10000,soc-LiveJournal1,LabelPropagation,5,0.002336,0.042394
run_dhb,10000,soc-LiveJournal1,LabelPropagation,6,0.002319,0.04364
run_dhb,10000,soc-LiveJournal1,LabelPropagation,7,0.002199,0.042651
run_dhb,10000,soc-LiveJournal1,LabelPropagation,8,0.002352,0.042555
run_dhb,10000,soc-LiveJournal1,LabelPropagation,9,0.003121,0.042528
run_dhb,10000,soc-LiveJournal1,PageRank,0,0.004196,0.458269
run_dhb,10000,soc-LiveJournal1,PageRank,1,0.003341,0.451048
run_dhb,10000,soc-LiveJournal1,PageRank,2,0.002899,0.446887
run_dhb,10000,soc-LiveJournal1,PageRank,3,0.002605,0.449371
run_dhb,10000,soc-LiveJournal1,PageRank,4,0.002575,0.448632
run_dhb,10000,soc-LiveJournal1,PageRank,5,0.002415,0.451124
run_dhb,10000,soc-LiveJournal1,PageRank,6,0.002289,0.450323
run_dhb,10000,soc-LiveJournal1,PageRank,7,0.002206,0.451336
run_dhb,10000,soc-LiveJournal1,PageRank,8,0.002241,0.450144
run_dhb,10000,soc-LiveJournal1,PageRank,9,0.002189,0.449678
run_dhb,10000,soc-LiveJournal1,wBFS_unweighted,0,0.003864,4.701956
run_dhb,10000,soc-LiveJournal1,wBFS_unweighted,1,0.003279,4.72976
run_dhb,10000,soc-LiveJournal1,wBFS_unweighted,2,0.003537,4.717666
run_dhb,10000,soc-LiveJournal1,wBFS_unweighted,3,0.003835,4.694824
run_dhb,10000,soc-LiveJournal1,wBFS_unweighted,4,0.003025,4.676548
run_dhb,10000,soc-LiveJournal1,wBFS_unweighted,5,0.002847,4.676811
run_dhb,10000,soc-LiveJournal1,wBFS_unweighted,6,0.002643,4.670803
run_dhb,10000,soc-LiveJournal1,wBFS_unweighted,7,0.002826,4.672823
run_dhb,10000,soc-LiveJournal1,wBFS_unweighted,8,0.002756,4.656508
run_dhb,10000,soc-LiveJournal1,wBFS_unweighted,9,0.002792,4.684399
run_dhb,10000,twitter-unique-undir,BFS,0,0.004028,0.174399
run_dhb,10000,twitter-unique-undir,BFS,1,0.00351,0.098387
run_dhb,10000,twitter-unique-undir,BFS,2,0.003382,0.099509
run_dhb,10000,twitter-unique-undir,BFS,3,0.003308,0.098133
run_dhb,10000,twitter-unique-undir,BFS,4,0.003165,0.099188
run_dhb,10000,twitter-unique-undir,BFS,5,0.002958,0.098879
run_dhb,10000,twitter-unique-undir,BFS,6,0.002733,0.098728
run_dhb,10000,twitter-unique-undir,BFS,7,0.002906,0.101068
run_dhb,10000,twitter-unique-undir,BFS,8,0.002739,0.098433
run_dhb,10000,twitter-unique-undir,BFS,9,0.002538,0.098478
run_dhb,10000,twitter-unique-undir,LabelPropagation,0,0.003947,1.164807
run_dhb,10000,twitter-unique-undir,LabelPropagation,1,0.003377,0.943126
run_dhb,10000,twitter-unique-undir,LabelPropagation,2,0.00334,0.92918
run_dhb,10000,twitter-unique-undir,LabelPropagation,3,0.003448,0.924767
run_dhb,10000,twitter-unique-undir,LabelPropagation,4,0.003731,0.896772
run_dhb,10000,twitter-unique-undir,LabelPropagation,5,0.002883,0.902559
run_dhb,10000,twitter-unique-undir,LabelPropagation,6,0.002841,0.907696
run_dhb,10000,twitter-unique-undir,LabelPropagation,7,0.002976,0.891834
run_dhb,10000,twitter-unique-undir,LabelPropagation,8,0.002995,0.896511
run_dhb,10000,twitter-unique-undir,LabelPropagation,9,0.002827,0.898846
run_dhb,10000,twitter-unique-undir,PageRank,0,0.003939,9.236819
run_dhb,10000,twitter-unique-undir,PageRank,1,0.003332,8.95551
run_dhb,10000,twitter-unique-undir,PageRank,2,0.003322,8.803381
run_dhb,10000,twitter-unique-undir,PageRank,3,0.003403,8.714673
run_dhb,10000,twitter-unique-undir,PageRank,4,0.003317,8.462385
run_dhb,10000,twitter-unique-undir,PageRank,5,0.002913,8.214774
run_dhb,10000,twitter-unique-undir,PageRank,6,0.003048,8.064587
run_dhb,10000,twitter-unique-undir,PageRank,7,0.003199,7.845762
run_dhb,10000,twitter-unique-undir,PageRank,8,0.003392,7.579963
run_dhb,10000,twitter-unique-undir,PageRank,9,0.003514,7.514888
run_dhb,10000,twitter-unique-undir,wBFS_unweighted,0,0.003389,27.384389
run_dhb,10000,twitter-unique-undir,wBFS_unweighted,1,0.003107,27.131521
run_dhb,10000,twitter-unique-undir,wBFS_unweighted,2,0.003518,27.281659
run_dhb,10000,twitter-unique-undir,wBFS_unweighted,3,0.003821,27.560425
run_dhb,10000,twitter-unique-undir,wBFS_unweighted,4,0.003636,26.94915
run_dhb,10000,twitter-unique-undir,wBFS_unweighted,5,0.003583,26.809168
run_dhb,10000,twitter-unique-undir,wBFS_unweighted,6,0.003571,26.831098
run_dhb,10000,twitter-unique-undir,wBFS_unweighted,7,0.003356,26.64108
run_dhb,10000,twitter-unique-undir,wBFS_unweighted,8,0.003575,26.515418
run_dhb,10000,twitter-unique-undir,wBFS_unweighted,9,0.003497,26.547912
run_dhb,100000,cit-Patents,BFS,0,0.006257,0.017678
run_dhb,100000,cit-Patents,BFS,1,0.006155,0.017555
run_dhb,100000,cit-Patents,BFS,2,0.00498,0.017137
run_dhb,100000,cit-Patents,BFS,3,0.005104,0.016618
run_dhb,100000,cit-Patents,BFS,4,0.005043,0.016152
run_dhb,100000,cit-Patents,BFS,5,0.004963,0.016248
run_dhb,100000,cit-Patents,BFS,6,0.004954,0.016479
run_dhb,100000,cit-Patents,BFS,7,0.004937,0.016515
run_dhb,100000,cit-Patents,BFS,8,0.004894,0.016262
run_dhb,100000,cit-Patents,BFS,9,0.006845,0.016589
run_dhb,100000,cit-Patents,LabelPropagation,0,0.005915,0.028456
run_dhb,100000,cit-Patents,LabelPropagation,1,0.004916,0.026423
run_dhb,100000,cit-Patents,LabelPropagation,2,0.004783,0.025782
run_dhb,100000,cit-Patents,LabelPropagation,3,0.004946,0.026177
run_dhb,100000,cit-Patents,LabelPropagation,4,0.005514,0.025893
run_dhb,100000,cit-Patents,LabelPropagation,5,0.004911,0.026031
run_dhb,100000,cit-Patents,LabelPropagation,6,0.004723,0.02617
run_dhb,100000,cit-Patents,LabelPropagation,7,0.004794,0.025778
run_dhb,100000,cit-Patents,LabelPropagation,8,0.006662,0.026099
run_dhb,100000,cit-Patents,LabelPropagation,9,0.004742,0.027184
run_dhb,100000,cit-Patents,PageRank,0,0.005999,0.19351
run_dhb,100000,cit-Patents,PageRank,1,0.004696,0.192472
run_dhb,100000,cit-Patents,PageRank,2,0.004717,0.192987
run_dhb,100000,cit-Patents,PageRank,3,0.004933,0.192874
run_dhb,100000,cit-Patents,PageRank,4,0.004894,0.194553
run_dhb,100000,cit-Patents,PageRank,5,0.004635,0.198209
run_dhb,100000,cit-Patents,PageRank,6,0.004668,0.198022
run_dhb,100000,cit-Patents,PageRank,7,0.004592,0.201042
run_dhb,100000,cit-Patents,PageRank,8,0.004793,0.19424
run_dhb,100000,cit-Patents,PageRank,9,0.004741,0.188795
run_dhb,100000,cit-Patents,wBFS_unweighted,0,0.005647,4.635657
run_dhb,100000,cit-Patents,wBFS_unweighted,1,0.005117,4.615817
run_dhb,100000,cit-Patents,wBFS_unweighted,2,0.004833,4.641104
run_dhb,100000,cit-Patents,wBFS_unweighted,3,0.004697,4.619431
run_dhb,100000,cit-Patents,wBFS_unweighted,4,0.005123,4.627561
run_dhb,100000,cit-Patents,wBFS_unweighted,5,0.004846,4.654012
run_dhb,100000,cit-Patents,wBFS_unweighted,6,0.005057,4.622659
run_dhb,100000,cit-Patents,wBFS_unweighted,7,0.004938,4.609521
run_dhb,100000,cit-Patents,wBFS_unweighted,8,0.004835,4.61133
run_dhb,100000,cit-Patents,wBFS_unweighted,9,0.005121,4.638318
run_dhb,100000,com-friendster,BFS,0,0.012507,3.158774
run_dhb,100000,com-friendster,BFS,1,0.008272,1.983458
run_dhb,100000,com-friendster,BFS,2,0.006757,1.972022
run_dhb,100000,com-friendster,BFS,3,0.00688,1.979909
run_dhb,100000,com-friendster,BFS,4,0.006685,1.986494
run_dhb,100000,com-friendster,BFS,5,0.006331,1.972005
run_dhb,100000,com-friendster,BFS,6,0.007088,1.982746
run_dhb,100000,com-friendster,BFS,7,0.008261,1.962818
run_dhb,100000,com-friendster,BFS,8,0.008938,2.004874
run_dhb,100000,com-friendster,BFS,9,0.007703,1.95956
run_dhb,100000,com-friendster,LabelPropagation,0,0.008798,3.826128
run_dhb,100000,com-friendster,LabelPropagation,1,0.006428,3.300346
run_dhb,100000,com-friendster,LabelPropagation,2,0.005748,3.33365
run_dhb,100000,com-friendster,LabelPropagation,3,0.005211,3.303586
run_dhb,100000,com-friendster,LabelPropagation,4,0.005106,3.334096
run_dhb,100000,com-friendster,LabelPropagation,5,0.004938,3.273869
run_dhb,100000,com-friendster,LabelPropagation,6,0.005386,3.278084
run_dhb,100000,com-friendster,LabelPropagation,7,0.005179,3.321054
run_dhb,100000,com-friendster,LabelPropagation,8,0.004748,3.276295
run_dhb,100000,com-friendster,LabelPropagation,9,0.00467,3.303376
run_dhb,100000,com-friendster,PageRank,0,0.008824,54.680064
run_dhb,100000,com-friendster,PageRank,1,0.008247,53.253436
run_dhb,100000,com-friendster,PageRank,2,0.007207,52.738731
run_dhb,100000,com-friendster,PageRank,3,0.006428,57.933098
run_dhb,100000,com-friendster,PageRank,4,0.007017,50.908405
run_dhb,100000,com-friendster,PageRank,5,0.00659,60.695962
run_dhb,100000,com-friendster,PageRank,6,0.006529,50.641915
run_dhb,100000,com-friendster,PageRank,7,0.006431,51.784633
run_dhb,100000,com-friendster,PageRank,8,0.00651,53.137755
run_dhb,100000,com-friendster,PageRank,9,0.006415,26.059785
run_dhb,100000,com-friendster,wBFS_unweighted,0,0.008728,49.636088
run_dhb,100000,com-friendster,wBFS_unweighted,1,0.009576,49.304936
run_dhb,100000,com-friendster,wBFS_unweighted,2,0.007883,52.238237
run_dhb,100000,com-friendster,wBFS_unweighted,3,0.007129,65.960499
run_dhb,100000,com-friendster,wBFS_unweighted,4,0.006512,58.392264
run_dhb,100000,com-friendster,wBFS_unweighted,5,0.00693,59.120445
run_dhb,100000,com-friendster,wBFS_unweighted,6,0.011653,62.041427
run_dhb,100000,com-friendster,wBFS_unweighted,7,0.008935,61.425439
run_dhb,100000,com-friendster,wBFS_unweighted,8,0.008263,51.330696
run_dhb,100000,com-friendster,wBFS_unweighted,9,0.008907,60.388999
run_dhb,100000,com-orkut.ungraph,BFS,0,0.00643,0.011129
run_dhb,100000,com-orkut.ungraph,BFS,1,0.004362,0.008281
run_dhb,100000,com-orkut.ungraph,BFS,2,0.003759,0.00814
run_dhb,100000,com-orkut.ungraph,BFS,3,0.003598,0.008262
run_dhb,100000,com-orkut.ungraph,BFS,4,0.003873,0.008008
run_dhb,100000,com-orkut.ungraph,BFS,5,0.003554,0.008001
run_dhb,100000,com-orkut.ungraph,BFS,6,0.003309,0.007983
run_dhb,100000,com-orkut.ungraph,BFS,7,0.003232,0.00829
run_dhb,100000,com-orkut.ungraph,BFS,8,0.003339,0.007892
run_dhb,100000,com-orkut.ungraph,BFS,9,0.00325,0.00804
run_dhb,100000,com-orkut.ungraph,LabelPropagation,0,0.006007,0.081154
run_dhb,100000,com-orkut.ungraph,LabelPropagation,1,0.004118,0.079955
run_dhb,100000,com-orkut.ungraph,LabelPropagation,2,0.003888,0.079867
run_dhb,100000,com-orkut.ungraph,LabelPropagation,3,0.003622,0.080496
run_dhb,100000,com-orkut.ungraph,LabelPropagation,4,0.003551,0.080195
run_dhb,100000,com-orkut.ungraph,LabelPropagation,5,0.003378,0.080112
run_dhb,100000,com-orkut.ungraph,LabelPropagation,6,0.003379,0.07997
run_dhb,100000,com-orkut.ungraph,LabelPropagation,7,0.003284,0.080172
run_dhb,100000,com-orkut.ungraph,LabelPropagation,8,0.003334,0.080001
run_dhb,100000,com-orkut.ungraph,LabelPropagation,9,0.00334,0.079935
run_dhb,100000,com-orkut.ungraph,PageRank,0,0.006897,0.756057
run_dhb,100000,com-orkut.ungraph,PageRank,1,0.004318,0.744274
run_dhb,100000,com-orkut.ungraph,PageRank,2,0.004169,0.740629
run_dhb,100000,com-orkut.ungraph,PageRank,3,0.003785,0.746619
run_dhb,100000,com-orkut.ungraph,PageRank,4,0.003878,0.742255
run_dhb,100000,com-orkut.ungraph,PageRank,5,0.003875,0.740911
run_dhb,100000,com-orkut.ungraph,PageRank,6,0.003535,0.748027
run_dhb,100000,com-orkut.ungraph,PageRank,7,0.004121,0.743454
run_dhb,100000,com-orkut.ungraph,PageRank,8,0.003955,0.741435
run_dhb,100000,com-orkut.ungraph,PageRank,9,0.004234,0.662552
run_dhb,100000,com-orkut.ungraph,wBFS_unweighted,0,0.007531,3.112709
run_dhb,100000,com-orkut.ungraph,wBFS_unweighted,1,0.00442,3.080602
run_dhb,100000,com-orkut.ungraph,wBFS_unweighted,2,0.004046,3.100098
run_dhb,100000,com-orkut.ungraph,wBFS_unweighted,3,0.004007,3.070584
run_dhb,100000,com-orkut.ungraph,wBFS_unweighted,4,0.003749,3.087286
run_dhb,100000,com-orkut.ungraph,wBFS_unweighted,5,0.004077,3.092983
run_dhb,100000,com-orkut.ungraph,wBFS_unweighted,6,0.004829,3.138455
run_dhb,100000,com-orkut.ungraph,wBFS_unweighted,7,0.007948,3.167629
run_dhb,100000,com-orkut.ungraph,wBFS_unweighted,8,0.009053,3.161525
run_dhb,100000,com-orkut.ungraph,wBFS_unweighted,9,0.010129,3.130007
run_dhb,100000,soc-LiveJournal1,BFS,0,0.006668,0.016136
run_dhb,100000,soc-LiveJournal1,BFS,1,0.003526,0.014559
run_dhb,100000,soc-LiveJournal1,BFS,2,0.003312,0.015372
run_dhb,100000,soc-LiveJournal1,BFS,3,0.003183,0.01401
run_dhb,100000,soc-LiveJournal1,BFS,4,0.003049,0.014009
run_dhb,100000,soc-LiveJournal1,BFS,5,0.003071,0.014105
run_dhb,100000,soc-LiveJournal1,BFS,6,0.003082,0.013871
run_dhb,100000,soc-LiveJournal1,BFS,7,0.003072,0.014021
run_dhb,100000,soc-LiveJournal1,BFS,8,0.003037,0.014141
run_dhb,100000,soc-LiveJournal1,BFS,9,0.003192,0.015559
run_dhb,100000,soc-LiveJournal1,LabelPropagation,0,0.007161,0.047505
run_dhb,100000,soc-LiveJournal1,LabelPropagation,1,0.003749,0.046671
run_dhb,100000,soc-LiveJournal1,LabelPropagation,2,0.003534,0.044639
run_dhb,100000,soc-LiveJournal1,LabelPropagation,3,0.003389,0.044346
run_dhb,100000,soc-LiveJournal1,LabelPropagation,4,0.003361,0.045984
run_dhb,100000,soc-LiveJournal1,LabelPropagation,5,0.003463,0.044244
run_dhb,100000,soc-LiveJournal1,LabelPropagation,6,0.003527,0.045448
run_dhb,100000,soc-LiveJournal1,LabelPropagation,7,0.003644,0.044045
run_dhb,100000,soc-LiveJournal1,LabelPropagation,8,0.003463,0.045706
run_dhb,100000,soc-LiveJournal1,LabelPropagation,9,0.003356,0.044588
run_dhb,100000,soc-LiveJournal1,PageRank,0,0.007318,0.429304
run_dhb,100000,soc-LiveJournal1,PageRank,1,0.003794,0.426317
run_dhb,100000,soc-LiveJournal1,PageRank,2,0.003726,0.430335
run_dhb,100000,soc-LiveJournal1,PageRank,3,0.003227,0.43173
run_dhb,100000,soc-LiveJournal1,PageRank,4,0.003487,0.435217
run_dhb,100000,soc-LiveJournal1,PageRank,5,0.003538,0.433455
run_dhb,100000,soc-LiveJournal1,PageRank,6,0.003458,0.42317
run_dhb,100000,soc-LiveJournal1,PageRank,7,0.003799,0.411824
run_dhb,100000,soc-LiveJournal1,PageRank,8,0.003327,0.412313
run_dhb,100000,soc-LiveJournal1,PageRank,9,0.003519,0.416516
run_dhb,100000,soc-LiveJournal1,wBFS_unweighted,0,0.007783,4.770178
run_dhb,100000,soc-LiveJournal1,wBFS_unweighted,1,0.004311,4.70017
run_dhb,100000,soc-LiveJournal1,wBFS_unweighted,2,0.004986,4.731454
run_dhb,100000,soc-LiveJournal1,wBFS_unweighted,3,0.00752,4.753882
run_dhb,100000,soc-LiveJournal1,wBFS_unweighted,4,0.006686,4.757388
run_dhb,100000,soc-LiveJournal1,wBFS_unweighted,5,0.006477,4.735442
run_dhb,100000,soc-LiveJournal1,wBFS_unweighted,6,0.0053,4.712288
run_dhb,100000,soc-LiveJournal1,wBFS_unweighted,7,0.006105,4.717969
run_dhb,100000,soc-LiveJournal1,wBFS_unweighted,8,0.006996,4.852595
run_dhb,100000,soc-LiveJournal1,wBFS_unweighted,9,0.008512,4.723116
run_dhb,100000,twitter-unique-undir,BFS,0,0.010412,0.181104
run_dhb,100000,twitter-unique-undir,BFS,1,0.007192,0.108242
run_dhb,100000,twitter-unique-undir,BFS,2,0.006448,0.107237
run_dhb,100000,twitter-unique-undir,BFS,3,0.006816,0.106099
run_dhb,100000,twitter-unique-undir,BFS,4,0.005995,0.107066
run_dhb,100000,twitter-unique-undir,BFS,5,0.006373,0.107937
run_dhb,100000,twitter-unique-undir,BFS,6,0.006095,0.106656
run_dhb,100000,twitter-unique-undir,BFS,7,0.005736,0.106777
run_dhb,100000,twitter-unique-undir,BFS,8,0.005726,0.109525
run_dhb,100000,twitter-unique-undir,BFS,9,0.005475,0.110576
run_dhb,100000,twitter-unique-undir,LabelPropagation,0,0.010457,1.216185
run_dhb,100000,twitter-unique-undir,LabelPropagation,1,0.006579,1.046538
run_dhb,100000,twitter-unique-undir,LabelPropagation,2,0.005616,1.026629
run_dhb,100000,twitter-unique-undir,LabelPropagation,3,0.006656,0.999467
run_dhb,100000,twitter-unique-undir,LabelPropagation,4,0.005865,1.008216
run_dhb,100000,twitter-unique-undir,LabelPropagation,5,0.00576,0.997986
run_dhb,100000,twitter-unique-undir,LabelPropagation,6,0.005869,0.999932
run_dhb,100000,twitter-unique-undir,LabelPropagation,7,0.005778,0.985605
run_dhb,100000,twitter-unique-undir,LabelPropagation,8,0.006684,1.000866
run_dhb,100000,twitter-unique-undir,LabelPropagation,9,0.007027,0.988796
run_dhb,100000,twitter-unique-undir,PageRank,0,0.008684,10.739101
run_dhb,100000,twitter-unique-undir,PageRank,1,0.004819,10.695061
run_dhb,100000,twitter-unique-undir,PageRank,2,0.004718,10.446542
run_dhb,100000,twitter-unique-undir,PageRank,3,0.005097,10.103639
run_dhb,100000,twitter-unique-undir,PageRank,4,0.006048,9.528861
run_dhb,100000,twitter-unique-undir,PageRank,5,0.006028,9.146432
run_dhb,100000,twitter-unique-undir,PageRank,6,0.007703,8.869062
run_dhb,100000,twitter-unique-undir,PageRank,7,0.007554,8.897958
run_dhb,100000,twitter-unique-undir,PageRank,8,0.009219,12.73756
run_dhb,100000,twitter-unique-undir,PageRank,9,0.011065,14.321762
run_dhb,100000,twitter-unique-undir,wBFS_unweighted,0,0.008309,28.330188
run_dhb,100000,twitter-unique-undir,wBFS_unweighted,1,0.004919,28.035212
run_dhb,100000,twitter-unique-undir,wBFS_unweighted,2,0.00653,27.238022
run_dhb,100000,twitter-unique-undir,wBFS_unweighted,3,0.010233,27.135663
run_dhb,100000,twitter-unique-undir,wBFS_unweighted,4,0.010799,26.761001
run_dhb,100000,twitter-unique-undir,wBFS_unweighted,5,0.010635,26.913282
run_dhb,100000,twitter-unique-undir,wBFS_unweighted,6,0.009399,26.845167
run_dhb,100000,twitter-unique-undir,wBFS_unweighted,7,0.008209,26.751791
run_dhb,100000,twitter-unique-undir,wBFS_unweighted,8,0.007914,26.838533
run_dhb,100000,twitter-unique-undir,wBFS_unweighted,9,0.009216,26.706291
run_dhb,1000000,cit-Patents,BFS,0,0.025777,0.02093
run_dhb,1000000,cit-Patents,BFS,1,0.024607,0.020382
run_dhb,1000000,cit-Patents,BFS,2,0.024948,0.019734
run_dhb,1000000,cit-Patents,BFS,3,0.025303,0.018182
run_dhb,1000000,cit-Patents,BFS,4,0.02587,0.017544
run_dhb,1000000,cit-Patents,BFS,5,0.024604,0.017119
run_dhb,1000000,cit-Patents,BFS,6,0.025363,0.016373
run_dhb,1000000,cit-Patents,BFS,7,0.025567,0.016186
run_dhb,1000000,cit-Patents,BFS,8,0.025332,0.015909
run_dhb,1000000,cit-Patents,BFS,9,0.025259,0.015592
run_dhb,1000000,cit-Patents,LabelPropagation,0,0.026022,0.026228
run_dhb,1000000,cit-Patents,LabelPropagation,1,0.025134,0.025564
run_dhb,1000000,cit-Patents,LabelPropagation,2,0.02528,0.026188
run_dhb,1000000,cit-Patents,LabelPropagation,3,0.025592,0.025444
run_dhb,1000000,cit-Patents,LabelPropagation,4,0.026626,0.025493
run_dhb,1000000,cit-Patents,LabelPropagation,5,0.025299,0.026212
run_dhb,1000000,cit-Patents,LabelPropagation,6,0.025321,0.025853
run_dhb,1000000,cit-Patents,LabelPropagation,7,0.024586,0.025119
run_dhb,1000000,cit-Patents,LabelPropagation,8,0.025159,0.028153
run_dhb,1000000,cit-Patents,LabelPropagation,9,0.025204,0.026126
run_dhb,1000000,cit-Patents,PageRank,0,0.036198,0.161211
run_dhb,1000000,cit-Patents,PageRank,1,0.036493,0.168081
run_dhb,1000000,cit-Patents,PageRank,2,0.036535,0.171895
run_dhb,1000000,cit-Patents,PageRank,3,0.036339,0.170378
run_dhb,1000000,cit-Patents,PageRank,4,0.036804,0.174014
run_dhb,1000000,cit-Patents,PageRank,5,0.036418,0.178528
run_dhb,1000000,cit-Patents,PageRank,6,0.035985,0.179973
run_dhb,1000000,cit-Patents,PageRank,7,0.03594,0.179229
run_dhb,1000000,cit-Patents,PageRank,8,0.036858,0.179576
run_dhb,1000000,cit-Patents,PageRank,9,0.036855,0.176861
run_dhb,1000000,cit-Patents,wBFS_unweighted,0,0.025397,4.92717
run_dhb,1000000,cit-Patents,wBFS_unweighted,1,0.025328,4.849766
run_dhb,1000000,cit-Patents,wBFS_unweighted,2,0.024972,4.832139
run_dhb,1000000,cit-Patents,wBFS_unweighted,3,0.026603,4.743744
run_dhb,1000000,cit-Patents,wBFS_unweighted,4,0.028407,4.697607
run_dhb,1000000,cit-Patents,wBFS_unweighted,5,0.027748,4.697954
run_dhb,1000000,cit-Patents,wBFS_unweighted,6,0.027416,4.610428
run_dhb,1000000,cit-Patents,wBFS_unweighted,7,0.027178,4.582492
run_dhb,1000000,cit-Patents,wBFS_unweighted,8,0.026481,4.534617
run_dhb,1000000,cit-Patents,wBFS_unweighted,9,0.026644,4.503205
run_dhb,1000000,com-friendster,BFS,0,0.018067,2.176728
run_dhb,1000000,com-friendster,BFS,1,0.013453,1.937418
run_dhb,1000000,com-friendster,BFS,2,0.012322,1.926838
run_dhb,1000000,com-friendster,BFS,3,0.012777,1.924268
run_dhb,1000000,com-friendster,BFS,4,0.012572,1.933029
run_dhb,1000000,com-friendster,BFS,5,0.014094,1.918211
run_dhb,1000000,com-friendster,BFS,6,0.013546,1.912628
run_dhb,1000000,com-friendster,BFS,7,0.014102,1.917195
run_dhb,1000000,com-friendster,BFS,8,0.014388,1.927792
run_dhb,1000000,com-friendster,BFS,9,0.014941,1.936493
run_dhb,1000000,com-friendster,LabelPropagation,0,0.054045,6.543555
run_dhb,1000000,com-friendster,LabelPropagation,1,0.035921,3.359298
run_dhb,1000000,com-friendster,LabelPropagation,2,0.037468,3.33438
run_dhb,1000000,com-friendster,LabelPropagation,3,0.043051,3.305815
run_dhb,1000000,com-friendster,LabelPropagation,4,0.043646,3.271401
run_dhb,1000000,com-friendster,LabelPropagation,5,0.045965,3.307155
run_dhb,1000000,com-friendster,LabelPropagation,6,0.048619,3.317652
run_dhb,1000000,com-friendster,LabelPropagation,7,0.050109,3.275114
run_dhb,1000000,com-friendster,LabelPropagation,8,0.056766,3.208816
run_dhb,1000000,com-friendster,LabelPropagation,9,0.057027,3.199491
run_dhb,1000000,com-friendster,PageRank,0,0.017891,66.852636
run_dhb,1000000,com-friendster,PageRank,1,0.027031,73.109025
run_dhb,1000000,com-friendster,PageRank,2,0.026003,84.336359
run_dhb,1000000,com-friendster,PageRank,3,0.027462,95.657368
run_dhb,1000000,com-friendster,PageRank,4,0.041874,92.935027
run_dhb,1000000,com-friendster,PageRank,5,0.038313,97.403505
run_dhb,1000000,com-friendster,PageRank,6,0.033895,82.090216
run_dhb,1000000,com-friendster,PageRank,7,0.032886,81.23996
run_dhb,1000000,com-friendster,PageRank,8,0.0305,101.08814
run_dhb,1000000,com-friendster,PageRank,9,0.031961,51.544467
run_dhb,1000000,com-friendster,wBFS_unweighted,0,0.02121,46.184219
run_dhb,1000000,com-friendster,wBFS_unweighted,1,0.022828,45.673321
run_dhb,1000000,com-friendster,wBFS_unweighted,2,0.022656,46.075127
run_dhb,1000000,com-friendster,wBFS_unweighted,3,0.022813,50.324547
run_dhb,1000000,com-friendster,wBFS_unweighted,4,0.038371,51.238686
run_dhb,1000000,com-friendster,wBFS_unweighted,5,0.032856,50.694943
run_dhb,1000000,com-friendster,wBFS_unweighted,6,0.029403,55.374924
run_dhb,1000000,com-friendster,wBFS_unweighted,7,0.043981,53.026561
run_dhb,1000000,com-friendster,wBFS_unweighted,8,0.031142,54.177326
run_dhb,1000000,com-friendster,wBFS_unweighted,9,0.042311,57.607682
run_dhb,1000000,com-orkut.ungraph,BFS,0,0.013873,0.009068
run_dhb,1000000,com-orkut.ungraph,BFS,1,0.009806,0.008622
run_dhb,1000000,com-orkut.ungraph,BFS,2,0.0096,0.008724
run_dhb,1000000,com-orkut.ungraph,BFS,3,0.009493,0.008648
run_dhb,1000000,com-orkut.ungraph,BFS,4,0.00939,0.008556
run_dhb,1000000,com-orkut.ungraph,BFS,5,0.009542,0.00844
run_dhb,1000000,com-orkut.ungraph,BFS,6,0.009441,0.008279
run_dhb,1000000,com-orkut.ungraph,BFS,7,0.009497,0.008476
run_dhb,1000000,com-orkut.ungraph,BFS,8,0.009267,0.008456
run_dhb,1000000,com-orkut.ungraph,BFS,9,0.009491,0.010169
run_dhb,1000000,com-orkut.ungraph,LabelPropagation,0,0.014476,0.076749
run_dhb,1000000,com-orkut.ungraph,LabelPropagation,1,0.009802,0.076875
run_dhb,1000000,com-orkut.ungraph,LabelPropagation,2,0.009385,0.076977
run_dhb,1000000,com-orkut.ungraph,LabelPropagation,3,0.00958,0.077248
run_dhb,1000000,com-orkut.ungraph,LabelPropagation,4,0.009409,0.077099
run_dhb,1000000,com-orkut.ungraph,LabelPropagation,5,0.009341,0.077088
run_dhb,1000000,com-orkut.ungraph,LabelPropagation,6,0.009603,0.077211
run_dhb,1000000,com-orkut.ungraph,LabelPropagation,7,0.009451,0.077637
run_dhb,1000000,com-orkut.ungraph,LabelPropagation,8,0.009628,0.077171
run_dhb,1000000,com-orkut.ungraph,LabelPropagation,9,0.009787,0.07807
run_dhb,1000000,com-orkut.ungraph,PageRank,0,0.014323,0.709684
run_dhb,1000000,com-orkut.ungraph,PageRank,1,0.010349,0.707899
run_dhb,1000000,com-orkut.ungraph,PageRank,2,0.00978,0.706971
run_dhb,1000000,com-orkut.ungraph,PageRank,3,0.009725,0.707897
run_dhb,1000000,com-orkut.ungraph,PageRank,4,0.009751,0.707029
run_dhb,1000000,com-orkut.ungraph,PageRank,5,0.009893,0.705337
run_dhb,1000000,com-orkut.ungraph,PageRank,6,0.010045,0.706845
run_dhb,1000000,com-orkut.ungraph,PageRank,7,0.009937,0.705901
run_dhb,1000000,com-orkut.ungraph,PageRank,8,0.010547,0.705149
run_dhb,1000000,com-orkut.ungraph,PageRank,9,0.010099,0.686473
run_dhb,1000000,com-orkut.ungraph,wBFS_unweighted,0,0.015091,3.071795
run_dhb,1000000,com-orkut.ungraph,wBFS_unweighted,1,0.011291,3.084564
run_dhb,1000000,com-orkut.ungraph,wBFS_unweighted,2,0.0134,3.124458
run_dhb,1000000,com-orkut.ungraph,wBFS_unweighted,3,0.015247,3.085711
run_dhb,1000000,com-orkut.ungraph,wBFS_unweighted,4,0.013621,3.063681
run_dhb,1000000,com-orkut.ungraph,wBFS_unweighted,5,0.013869,3.064037
run_dhb,1000000,com-orkut.ungraph,wBFS_unweighted,6,0.015649,3.066217
run_dhb,1000000,com-orkut.ungraph,wBFS_unweighted,7,0.01482,3.066391
run_dhb,1000000,com-orkut.ungraph,wBFS_unweighted,8,0.014737,3.097945
run_dhb,1000000,com-orkut.ungraph,wBFS_unweighted,9,0.016016,3.094321
run_dhb,1000000,soc-LiveJournal1,BFS,0,0.012917,0.013186
run_dhb,1000000,soc-LiveJournal1,BFS,1,0.01134,0.012844
run_dhb,1000000,soc-LiveJournal1,BFS,2,0.011082,0.012742
run_dhb,1000000,soc-LiveJournal1,BFS,3,0.010821,0.01269
run_dhb,1000000,soc-LiveJournal1,BFS,4,0.010966,0.012415
run_dhb,1000000,soc-LiveJournal1,BFS,5,0.011006,0.012324
run_dhb,1000000,soc-LiveJournal1,BFS,6,0.010969,0.01247
run_dhb,1000000,soc-LiveJournal1,BFS,7,0.012751,0.012442
run_dhb,1000000,soc-LiveJournal1,BFS,8,0.011007,0.012116
run_dhb,1000000,soc-LiveJournal1,BFS,9,0.010939,0.011953
run_dhb,1000000,soc-LiveJournal1,LabelPropagation,0,0.01355,0.039002
run_dhb,1000000,soc-LiveJournal1,LabelPropagation,1,0.011909,0.039282
run_dhb,1000000,soc-LiveJournal1,LabelPropagation,2,0.011772,0.03896
run_dhb,1000000,soc-LiveJournal1,LabelPropagation,3,0.01176,0.039035
run_dhb,1000000,soc-LiveJournal1,LabelPropagation,4,0.011732,0.038968
run_dhb,1000000,soc-LiveJournal1,LabelPropagation,5,0.011393,0.039272
run_dhb,1000000,soc-LiveJournal1,LabelPropagation,6,0.0116,0.038859
run_dhb,1000000,soc-LiveJournal1,LabelPropagation,7,0.011442,0.038934
run_dhb,1000000,soc-LiveJournal1,LabelPropagation,8,0.01168,0.038768
run_dhb,1000000,soc-LiveJournal1,LabelPropagation,9,0.011832,0.0391
run_dhb,1000000,soc-LiveJournal1,PageRank,0,0.014756,0.34671
run_dhb,1000000,soc-LiveJournal1,PageRank,1,0.01319,0.344482
run_dhb,1000000,soc-LiveJournal1,PageRank,2,0.012876,0.341097
run_dhb,1000000,soc-LiveJournal1,PageRank,3,0.012631,0.342148
run_dhb,1000000,soc-LiveJournal1,PageRank,4,0.012915,0.34422
run_dhb,1000000,soc-LiveJournal1,PageRank,5,0.01277,0.344386
run_dhb,1000000,soc-LiveJournal1,PageRank,6,0.013022,0.340367
run_dhb,1000000,soc-LiveJournal1,PageRank,7,0.012423,0.342751
run_dhb,1000000,soc-LiveJournal1,PageRank,8,0.012678,0.341664
run_dhb,1000000,soc-LiveJournal1,PageRank,9,0.012829,0.343111
run_dhb,1000000,soc-LiveJournal1,wBFS_unweighted,0,0.014099,4.641585
run_dhb,1000000,soc-LiveJournal1,wBFS_unweighted,1,0.012765,4.664131
run_dhb,1000000,soc-LiveJournal1,wBFS_unweighted,2,0.013944,4.681039
run_dhb,1000000,soc-LiveJournal1,wBFS_unweighted,3,0.013833,4.699058
run_dhb,1000000,soc-LiveJournal1,wBFS_unweighted,4,0.014308,4.701313
run_dhb,1000000,soc-LiveJournal1,wBFS_unweighted,5,0.014277,4.705125
run_dhb,1000000,soc-LiveJournal1,wBFS_unweighted,6,0.014609,4.661662
run_dhb,1000000,soc-LiveJournal1,wBFS_unweighted,7,0.014269,4.702962
run_dhb,1000000,soc-LiveJournal1,wBFS_unweighted,8,0.014116,4.761355
run_dhb,1000000,soc-LiveJournal1,wBFS_unweighted,9,0.01589,4.779193
run_dhb,1000000,twitter-unique-undir,BFS,0,0.030094,0.133319
run_dhb,1000000,twitter-unique-undir,BFS,1,0.022294,0.108136
run_dhb,1000000,twitter-unique-undir,BFS,2,0.020986,0.110571
run_dhb,1000000,twitter-unique-undir,BFS,3,0.02218,0.109911
run_dhb,1000000,twitter-unique-undir,BFS,4,0.021985,0.110773
run_dhb,1000000,twitter-unique-undir,BFS,5,0.021306,0.106916
run_dhb,1000000,twitter-unique-undir,BFS,6,0.022188,0.108042
run_dhb,1000000,twitter-unique-undir,BFS,7,0.020332,0.108062
run_dhb,1000000,twitter-unique-undir,BFS,8,0.024093,0.109843
run_dhb,1000000,twitter-unique-undir,BFS,9,0.024427,0.108583
run_dhb,1000000,twitter-unique-undir,LabelPropagation,0,0.028214,1.113206
run_dhb,1000000,twitter-unique-undir,LabelPropagation,1,0.033399,1.034474
run_dhb,1000000,twitter-unique-undir,LabelPropagation,2,0.02098,1.029975
run_dhb,1000000,twitter-unique-undir,LabelPropagation,3,0.020503,1.0188
run_dhb,1000000,twitter-unique-undir,LabelPropagation,4,0.029944,1.00061
run_dhb,1000000,twitter-unique-undir,LabelPropagation,5,0.025341,1.000089
run_dhb,1000000,twitter-unique-undir,LabelPropagation,6,0.052017,0.988468
run_dhb,1000000,twitter-unique-undir,LabelPropagation,7,0.025028,0.986628
run_dhb,1000000,twitter-unique-undir,LabelPropagation,8,0.044505,0.989827
run_dhb,1000000,twitter-unique-undir,LabelPropagation,9,0.039196,0.975527
run_dhb,1000000,twitter-unique-undir,PageRank,0,0.025273,7.933735
run_dhb,1000000,twitter-unique-undir,PageRank,1,0.019145,7.775322
run_dhb,1000000,twitter-unique-undir,PageRank,2,0.024036,7.823142
run_dhb,1000000,twitter-unique-undir,PageRank,3,0.038187,7.803151
run_dhb,1000000,twitter-unique-undir,PageRank,4,0.041273,7.845336
run_dhb,1000000,twitter-unique-undir,PageRank,5,0.042431,7.862977
run_dhb,1000000,twitter-unique-undir,PageRank,6,0.044909,7.940881
run_dhb,1000000,twitter-unique-undir,PageRank,7,0.044854,7.788833
run_dhb,1000000,twitter-unique-undir,PageRank,8,0.069609,8.604217
run_dhb,1000000,twitter-unique-undir,PageRank,9,0.062322,8.267289
run_dhb,1000000,twitter-unique-undir,wBFS_unweighted,0,0.028205,30.351137
run_dhb,1000000,twitter-unique-undir,wBFS_unweighted,1,0.022393,30.226761
run_dhb,1000000,twitter-unique-undir,wBFS_unweighted,2,0.018737,29.846789
run_dhb,1000000,twitter-unique-undir,wBFS_unweighted,3,0.034607,29.557063
run_dhb,1000000,twitter-unique-undir,wBFS_unweighted,4,0.048431,28.960527
run_dhb,1000000,twitter-unique-undir,wBFS_unweighted,5,0.042202,28.716559
run_dhb,1000000,twitter-unique-undir,wBFS_unweighted,6,0.04319,28.768111
run_dhb,1000000,twitter-unique-undir,wBFS_unweighted,7,0.03377,28.916012
run_dhb,1000000,twitter-unique-undir,wBFS_unweighted,8,0.056303,29.393314
run_dhb,1000000,twitter-unique-undir,wBFS_unweighted,9,0.045071,29.322003
